ISO-10303-21;
HEADER;
/* Generated by software containing ST-Developer
 * from STEP Tools, Inc. (www.steptools.com) 
 */

FILE_DESCRIPTION(
/* description */ (''),
/* implementation_level */ '2;1');

FILE_NAME(
/* name */ '',
/* time_stamp */ '2026-09-21T15:13:50+08:00',
/* author */ (''),
/* organization */ (''),
/* preprocessor_version */ 'ST-DEVELOPER v20.2',
/* originating_system */ 'Autodesk Translation Framework v15.15.0.0',
/* authorisation */ '');

FILE_SCHEMA (('AUTOMOTIVE_DESIGN { 1 0 10303 214 3 1 1 }'));
ENDSEC;

DATA;
#10=MECHANICAL_DESIGN_GEOMETRIC_PRESENTATION_REPRESENTATION('',(#16,#17,
#18,#19,#20,#21,#22),#6167);
#11=SHAPE_REPRESENTATION_RELATIONSHIP('SRR','None',#6174,#12);
#12=ADVANCED_BREP_SHAPE_REPRESENTATION('',(#23,#24,#25,#26,#27,#28,#29),
#6166);
#13=FACE_BOUND('',#614,.T.);
#14=FACE_BOUND('',#624,.T.);
#15=FACE_BOUND('',#630,.T.);
#16=STYLED_ITEM('',(#6183),#23);
#17=STYLED_ITEM('',(#6183),#24);
#18=STYLED_ITEM('',(#6183),#25);
#19=STYLED_ITEM('',(#6183),#26);
#20=STYLED_ITEM('',(#6183),#27);
#21=STYLED_ITEM('',(#6183),#28);
#22=STYLED_ITEM('',(#6183),#29);
#23=MANIFOLD_SOLID_BREP('\X2\5E955EA7\X0\',#3681);
#24=MANIFOLD_SOLID_BREP('\X2\76D25B50\X0\',#3682);
#25=MANIFOLD_SOLID_BREP('\X2\5B9E4F53\X0\121',#3683);
#26=MANIFOLD_SOLID_BREP('\X2\5B9E4F53\X0\122',#3684);
#27=MANIFOLD_SOLID_BREP('\X2\5B9E4F53\X0\123',#3685);
#28=MANIFOLD_SOLID_BREP('\X2\5B9E4F53\X0\124',#3686);
#29=MANIFOLD_SOLID_BREP('\X2\8FB96846\X0\',#3687);
#30=CYLINDRICAL_SURFACE('',#3717,1.59999999999999);
#31=CYLINDRICAL_SURFACE('',#3720,1.59999999999999);
#32=CYLINDRICAL_SURFACE('',#3724,1.6);
#33=CYLINDRICAL_SURFACE('',#3727,1.6);
#34=CYLINDRICAL_SURFACE('',#3743,4.);
#35=CYLINDRICAL_SURFACE('',#3751,4.);
#36=CYLINDRICAL_SURFACE('',#3754,4.);
#37=CYLINDRICAL_SURFACE('',#3757,4.);
#38=CYLINDRICAL_SURFACE('',#3761,3.15);
#39=CYLINDRICAL_SURFACE('',#3766,3.15);
#40=CYLINDRICAL_SURFACE('',#3771,3.15);
#41=CYLINDRICAL_SURFACE('',#3776,3.15);
#42=CYLINDRICAL_SURFACE('',#3781,0.500000000003511);
#43=CYLINDRICAL_SURFACE('',#3785,0.500000000056593);
#44=CYLINDRICAL_SURFACE('',#3791,0.500000000054315);
#45=CYLINDRICAL_SURFACE('',#3795,0.500000000003538);
#46=CYLINDRICAL_SURFACE('',#3801,0.500000000003511);
#47=CYLINDRICAL_SURFACE('',#3805,0.500000000056593);
#48=CYLINDRICAL_SURFACE('',#3811,0.500000000054315);
#49=CYLINDRICAL_SURFACE('',#3815,0.500000000003538);
#50=CYLINDRICAL_SURFACE('',#3821,0.500000000003511);
#51=CYLINDRICAL_SURFACE('',#3825,0.500000000056593);
#52=CYLINDRICAL_SURFACE('',#3831,0.500000000054315);
#53=CYLINDRICAL_SURFACE('',#3835,0.500000000003538);
#54=CYLINDRICAL_SURFACE('',#3841,0.500000000003511);
#55=CYLINDRICAL_SURFACE('',#3845,0.500000000056593);
#56=CYLINDRICAL_SURFACE('',#3851,0.500000000054315);
#57=CYLINDRICAL_SURFACE('',#3855,0.500000000003538);
#58=CYLINDRICAL_SURFACE('',#3863,0.500000000054315);
#59=CYLINDRICAL_SURFACE('',#3867,0.500000000003538);
#60=CYLINDRICAL_SURFACE('',#3873,0.500000000003511);
#61=CYLINDRICAL_SURFACE('',#3877,0.500000000056593);
#62=CYLINDRICAL_SURFACE('',#3883,0.499999999975378);
#63=CYLINDRICAL_SURFACE('',#3887,0.499999999929386);
#64=CYLINDRICAL_SURFACE('',#3895,0.499999999897747);
#65=CYLINDRICAL_SURFACE('',#3899,0.500000000001484);
#66=CYLINDRICAL_SURFACE('',#3903,0.499999999975378);
#67=CYLINDRICAL_SURFACE('',#3907,0.499999999929386);
#68=CYLINDRICAL_SURFACE('',#3915,0.499999999897747);
#69=CYLINDRICAL_SURFACE('',#3919,0.500000000001484);
#70=CYLINDRICAL_SURFACE('',#3923,0.499999999975378);
#71=CYLINDRICAL_SURFACE('',#3927,0.499999999929386);
#72=CYLINDRICAL_SURFACE('',#3935,0.499999999897747);
#73=CYLINDRICAL_SURFACE('',#3939,0.500000000001484);
#74=CYLINDRICAL_SURFACE('',#3943,0.499999999975378);
#75=CYLINDRICAL_SURFACE('',#3947,0.499999999929386);
#76=CYLINDRICAL_SURFACE('',#3955,0.499999999897747);
#77=CYLINDRICAL_SURFACE('',#3959,0.500000000001484);
#78=CYLINDRICAL_SURFACE('',#3967,0.499999999897747);
#79=CYLINDRICAL_SURFACE('',#3971,0.500000000001484);
#80=CYLINDRICAL_SURFACE('',#3975,0.499999999975378);
#81=CYLINDRICAL_SURFACE('',#3979,0.499999999929386);
#82=CYLINDRICAL_SURFACE('',#3985,1.6);
#83=CYLINDRICAL_SURFACE('',#3989,1.6);
#84=CYLINDRICAL_SURFACE('',#3993,1.6);
#85=CYLINDRICAL_SURFACE('',#3997,1.6);
#86=CYLINDRICAL_SURFACE('',#4020,4.);
#87=CYLINDRICAL_SURFACE('',#4023,4.);
#88=CYLINDRICAL_SURFACE('',#4028,4.);
#89=CYLINDRICAL_SURFACE('',#4030,4.);
#90=CIRCLE('',#3703,0.799999999999986);
#91=CIRCLE('',#3704,1.59999999999999);
#92=CIRCLE('',#3707,0.799999999999994);
#93=CIRCLE('',#3708,1.59999999999999);
#94=CIRCLE('',#3711,0.800000000000003);
#95=CIRCLE('',#3712,1.6);
#96=CIRCLE('',#3715,0.800000000000002);
#97=CIRCLE('',#3716,1.6);
#98=CIRCLE('',#3718,1.59999999999999);
#99=CIRCLE('',#3721,1.59999999999999);
#100=CIRCLE('',#3725,1.6);
#101=CIRCLE('',#3728,1.6);
#102=CIRCLE('',#3732,3.99999999999999);
#103=CIRCLE('',#3735,3.99999999999999);
#104=CIRCLE('',#3738,4.);
#105=CIRCLE('',#3741,4.);
#106=CIRCLE('',#3744,4.);
#107=CIRCLE('',#3745,4.);
#108=CIRCLE('',#3748,4.);
#109=CIRCLE('',#3749,4.);
#110=CIRCLE('',#3750,4.);
#111=CIRCLE('',#3752,4.);
#112=CIRCLE('',#3755,4.);
#113=CIRCLE('',#3758,4.);
#114=CIRCLE('',#3762,3.15);
#115=CIRCLE('',#3763,3.15);
#116=CIRCLE('',#3767,3.15);
#117=CIRCLE('',#3768,3.15);
#118=CIRCLE('',#3772,3.15);
#119=CIRCLE('',#3773,3.15);
#120=CIRCLE('',#3777,3.15);
#121=CIRCLE('',#3778,3.15);
#122=CIRCLE('',#3782,0.500000000003511);
#123=CIRCLE('',#3783,0.500000000003511);
#124=CIRCLE('',#3786,0.500000000056593);
#125=CIRCLE('',#3787,0.500000000056593);
#126=CIRCLE('',#3792,0.500000000054315);
#127=CIRCLE('',#3793,0.500000000054315);
#128=CIRCLE('',#3796,0.500000000003538);
#129=CIRCLE('',#3797,0.500000000003538);
#130=CIRCLE('',#3802,0.500000000003511);
#131=CIRCLE('',#3803,0.500000000003511);
#132=CIRCLE('',#3806,0.500000000056593);
#133=CIRCLE('',#3807,0.500000000056593);
#134=CIRCLE('',#3812,0.500000000054315);
#135=CIRCLE('',#3813,0.500000000054315);
#136=CIRCLE('',#3816,0.500000000003538);
#137=CIRCLE('',#3817,0.500000000003538);
#138=CIRCLE('',#3822,0.500000000003511);
#139=CIRCLE('',#3823,0.500000000003511);
#140=CIRCLE('',#3826,0.500000000056593);
#141=CIRCLE('',#3827,0.500000000056593);
#142=CIRCLE('',#3832,0.500000000054315);
#143=CIRCLE('',#3833,0.500000000054315);
#144=CIRCLE('',#3836,0.500000000003538);
#145=CIRCLE('',#3837,0.500000000003538);
#146=CIRCLE('',#3842,0.500000000003511);
#147=CIRCLE('',#3843,0.500000000003511);
#148=CIRCLE('',#3846,0.500000000056593);
#149=CIRCLE('',#3847,0.500000000056593);
#150=CIRCLE('',#3852,0.500000000054315);
#151=CIRCLE('',#3853,0.500000000054315);
#152=CIRCLE('',#3856,0.500000000003538);
#153=CIRCLE('',#3857,0.500000000003538);
#154=CIRCLE('',#3864,0.500000000054315);
#155=CIRCLE('',#3865,0.500000000054315);
#156=CIRCLE('',#3868,0.500000000003538);
#157=CIRCLE('',#3869,0.500000000003538);
#158=CIRCLE('',#3874,0.500000000003511);
#159=CIRCLE('',#3875,0.500000000003511);
#160=CIRCLE('',#3878,0.500000000056593);
#161=CIRCLE('',#3879,0.500000000056593);
#162=CIRCLE('',#3884,0.499999999975378);
#163=CIRCLE('',#3885,0.499999999975378);
#164=CIRCLE('',#3888,0.499999999929386);
#165=CIRCLE('',#3889,0.499999999929386);
#166=CIRCLE('',#3896,0.499999999897747);
#167=CIRCLE('',#3897,0.499999999897747);
#168=CIRCLE('',#3900,0.500000000001484);
#169=CIRCLE('',#3901,0.500000000001484);
#170=CIRCLE('',#3904,0.499999999975378);
#171=CIRCLE('',#3905,0.499999999975378);
#172=CIRCLE('',#3908,0.499999999929386);
#173=CIRCLE('',#3909,0.499999999929386);
#174=CIRCLE('',#3916,0.499999999897747);
#175=CIRCLE('',#3917,0.499999999897747);
#176=CIRCLE('',#3920,0.500000000001484);
#177=CIRCLE('',#3921,0.500000000001484);
#178=CIRCLE('',#3924,0.499999999975378);
#179=CIRCLE('',#3925,0.499999999975378);
#180=CIRCLE('',#3928,0.499999999929386);
#181=CIRCLE('',#3929,0.499999999929386);
#182=CIRCLE('',#3936,0.499999999897747);
#183=CIRCLE('',#3937,0.499999999897747);
#184=CIRCLE('',#3940,0.500000000001484);
#185=CIRCLE('',#3941,0.500000000001484);
#186=CIRCLE('',#3944,0.499999999975378);
#187=CIRCLE('',#3945,0.499999999975378);
#188=CIRCLE('',#3948,0.499999999929386);
#189=CIRCLE('',#3949,0.499999999929386);
#190=CIRCLE('',#3956,0.499999999897747);
#191=CIRCLE('',#3957,0.499999999897747);
#192=CIRCLE('',#3960,0.500000000001484);
#193=CIRCLE('',#3961,0.500000000001484);
#194=CIRCLE('',#3968,0.499999999897747);
#195=CIRCLE('',#3969,0.499999999897747);
#196=CIRCLE('',#3972,0.500000000001484);
#197=CIRCLE('',#3973,0.500000000001484);
#198=CIRCLE('',#3976,0.499999999975378);
#199=CIRCLE('',#3977,0.499999999975378);
#200=CIRCLE('',#3980,0.499999999929386);
#201=CIRCLE('',#3981,0.499999999929386);
#202=CIRCLE('',#3986,1.6);
#203=CIRCLE('',#3987,1.6);
#204=CIRCLE('',#3990,1.6);
#205=CIRCLE('',#3991,1.6);
#206=CIRCLE('',#3994,1.6);
#207=CIRCLE('',#3995,1.6);
#208=CIRCLE('',#3998,1.6);
#209=CIRCLE('',#3999,1.6);
#210=CIRCLE('',#4004,2.8);
#211=CIRCLE('',#4007,2.8);
#212=CIRCLE('',#4010,2.8);
#213=CIRCLE('',#4013,2.8);
#214=CIRCLE('',#4015,4.);
#215=CIRCLE('',#4016,4.);
#216=CIRCLE('',#4017,4.);
#217=CIRCLE('',#4018,4.);
#218=CIRCLE('',#4021,4.);
#219=CIRCLE('',#4024,4.);
#220=CIRCLE('',#4026,4.);
#221=CIRCLE('',#4027,4.);
#222=CONICAL_SURFACE('',#3702,1.19999999999999,0.785398163397448);
#223=CONICAL_SURFACE('',#3706,1.19999999999999,0.785398163397449);
#224=CONICAL_SURFACE('',#3710,1.2,0.785398163397448);
#225=CONICAL_SURFACE('',#3714,1.2,0.785398163397448);
#226=CONICAL_SURFACE('',#3731,2.79999999999999,0.785398163397448);
#227=CONICAL_SURFACE('',#3734,2.79999999999999,0.785398163397448);
#228=CONICAL_SURFACE('',#3737,2.8,0.785398163397448);
#229=CONICAL_SURFACE('',#3740,2.8,0.785398163397449);
#230=CONICAL_SURFACE('',#4003,2.8,0.785398163397448);
#231=CONICAL_SURFACE('',#4006,2.8,0.785398163397448);
#232=CONICAL_SURFACE('',#4009,2.8,0.785398163397448);
#233=CONICAL_SURFACE('',#4012,2.8,0.785398163397448);
#234=FACE_OUTER_BOUND('',#433,.T.);
#235=FACE_OUTER_BOUND('',#434,.T.);
#236=FACE_OUTER_BOUND('',#435,.T.);
#237=FACE_OUTER_BOUND('',#436,.T.);
#238=FACE_OUTER_BOUND('',#437,.T.);
#239=FACE_OUTER_BOUND('',#438,.T.);
#240=FACE_OUTER_BOUND('',#439,.T.);
#241=FACE_OUTER_BOUND('',#440,.T.);
#242=FACE_OUTER_BOUND('',#441,.T.);
#243=FACE_OUTER_BOUND('',#442,.T.);
#244=FACE_OUTER_BOUND('',#443,.T.);
#245=FACE_OUTER_BOUND('',#444,.T.);
#246=FACE_OUTER_BOUND('',#445,.T.);
#247=FACE_OUTER_BOUND('',#446,.T.);
#248=FACE_OUTER_BOUND('',#447,.T.);
#249=FACE_OUTER_BOUND('',#448,.T.);
#250=FACE_OUTER_BOUND('',#449,.T.);
#251=FACE_OUTER_BOUND('',#450,.T.);
#252=FACE_OUTER_BOUND('',#451,.T.);
#253=FACE_OUTER_BOUND('',#452,.T.);
#254=FACE_OUTER_BOUND('',#453,.T.);
#255=FACE_OUTER_BOUND('',#454,.T.);
#256=FACE_OUTER_BOUND('',#455,.T.);
#257=FACE_OUTER_BOUND('',#456,.T.);
#258=FACE_OUTER_BOUND('',#457,.T.);
#259=FACE_OUTER_BOUND('',#458,.T.);
#260=FACE_OUTER_BOUND('',#459,.T.);
#261=FACE_OUTER_BOUND('',#460,.T.);
#262=FACE_OUTER_BOUND('',#461,.T.);
#263=FACE_OUTER_BOUND('',#462,.T.);
#264=FACE_OUTER_BOUND('',#463,.T.);
#265=FACE_OUTER_BOUND('',#464,.T.);
#266=FACE_OUTER_BOUND('',#465,.T.);
#267=FACE_OUTER_BOUND('',#466,.T.);
#268=FACE_OUTER_BOUND('',#467,.T.);
#269=FACE_OUTER_BOUND('',#468,.T.);
#270=FACE_OUTER_BOUND('',#469,.T.);
#271=FACE_OUTER_BOUND('',#470,.T.);
#272=FACE_OUTER_BOUND('',#471,.T.);
#273=FACE_OUTER_BOUND('',#472,.T.);
#274=FACE_OUTER_BOUND('',#473,.T.);
#275=FACE_OUTER_BOUND('',#474,.T.);
#276=FACE_OUTER_BOUND('',#475,.T.);
#277=FACE_OUTER_BOUND('',#476,.T.);
#278=FACE_OUTER_BOUND('',#477,.T.);
#279=FACE_OUTER_BOUND('',#478,.T.);
#280=FACE_OUTER_BOUND('',#479,.T.);
#281=FACE_OUTER_BOUND('',#480,.T.);
#282=FACE_OUTER_BOUND('',#481,.T.);
#283=FACE_OUTER_BOUND('',#482,.T.);
#284=FACE_OUTER_BOUND('',#483,.T.);
#285=FACE_OUTER_BOUND('',#484,.T.);
#286=FACE_OUTER_BOUND('',#485,.T.);
#287=FACE_OUTER_BOUND('',#486,.T.);
#288=FACE_OUTER_BOUND('',#487,.T.);
#289=FACE_OUTER_BOUND('',#488,.T.);
#290=FACE_OUTER_BOUND('',#489,.T.);
#291=FACE_OUTER_BOUND('',#490,.T.);
#292=FACE_OUTER_BOUND('',#491,.T.);
#293=FACE_OUTER_BOUND('',#492,.T.);
#294=FACE_OUTER_BOUND('',#493,.T.);
#295=FACE_OUTER_BOUND('',#494,.T.);
#296=FACE_OUTER_BOUND('',#495,.T.);
#297=FACE_OUTER_BOUND('',#496,.T.);
#298=FACE_OUTER_BOUND('',#497,.T.);
#299=FACE_OUTER_BOUND('',#498,.T.);
#300=FACE_OUTER_BOUND('',#499,.T.);
#301=FACE_OUTER_BOUND('',#500,.T.);
#302=FACE_OUTER_BOUND('',#501,.T.);
#303=FACE_OUTER_BOUND('',#502,.T.);
#304=FACE_OUTER_BOUND('',#503,.T.);
#305=FACE_OUTER_BOUND('',#504,.T.);
#306=FACE_OUTER_BOUND('',#505,.T.);
#307=FACE_OUTER_BOUND('',#506,.T.);
#308=FACE_OUTER_BOUND('',#507,.T.);
#309=FACE_OUTER_BOUND('',#508,.T.);
#310=FACE_OUTER_BOUND('',#509,.T.);
#311=FACE_OUTER_BOUND('',#510,.T.);
#312=FACE_OUTER_BOUND('',#511,.T.);
#313=FACE_OUTER_BOUND('',#512,.T.);
#314=FACE_OUTER_BOUND('',#513,.T.);
#315=FACE_OUTER_BOUND('',#514,.T.);
#316=FACE_OUTER_BOUND('',#515,.T.);
#317=FACE_OUTER_BOUND('',#516,.T.);
#318=FACE_OUTER_BOUND('',#517,.T.);
#319=FACE_OUTER_BOUND('',#518,.T.);
#320=FACE_OUTER_BOUND('',#519,.T.);
#321=FACE_OUTER_BOUND('',#520,.T.);
#322=FACE_OUTER_BOUND('',#521,.T.);
#323=FACE_OUTER_BOUND('',#522,.T.);
#324=FACE_OUTER_BOUND('',#523,.T.);
#325=FACE_OUTER_BOUND('',#524,.T.);
#326=FACE_OUTER_BOUND('',#525,.T.);
#327=FACE_OUTER_BOUND('',#526,.T.);
#328=FACE_OUTER_BOUND('',#527,.T.);
#329=FACE_OUTER_BOUND('',#528,.T.);
#330=FACE_OUTER_BOUND('',#529,.T.);
#331=FACE_OUTER_BOUND('',#530,.T.);
#332=FACE_OUTER_BOUND('',#531,.T.);
#333=FACE_OUTER_BOUND('',#532,.T.);
#334=FACE_OUTER_BOUND('',#533,.T.);
#335=FACE_OUTER_BOUND('',#534,.T.);
#336=FACE_OUTER_BOUND('',#535,.T.);
#337=FACE_OUTER_BOUND('',#536,.T.);
#338=FACE_OUTER_BOUND('',#537,.T.);
#339=FACE_OUTER_BOUND('',#538,.T.);
#340=FACE_OUTER_BOUND('',#539,.T.);
#341=FACE_OUTER_BOUND('',#540,.T.);
#342=FACE_OUTER_BOUND('',#541,.T.);
#343=FACE_OUTER_BOUND('',#542,.T.);
#344=FACE_OUTER_BOUND('',#543,.T.);
#345=FACE_OUTER_BOUND('',#544,.T.);
#346=FACE_OUTER_BOUND('',#545,.T.);
#347=FACE_OUTER_BOUND('',#546,.T.);
#348=FACE_OUTER_BOUND('',#547,.T.);
#349=FACE_OUTER_BOUND('',#548,.T.);
#350=FACE_OUTER_BOUND('',#549,.T.);
#351=FACE_OUTER_BOUND('',#550,.T.);
#352=FACE_OUTER_BOUND('',#551,.T.);
#353=FACE_OUTER_BOUND('',#552,.T.);
#354=FACE_OUTER_BOUND('',#553,.T.);
#355=FACE_OUTER_BOUND('',#554,.T.);
#356=FACE_OUTER_BOUND('',#555,.T.);
#357=FACE_OUTER_BOUND('',#556,.T.);
#358=FACE_OUTER_BOUND('',#557,.T.);
#359=FACE_OUTER_BOUND('',#558,.T.);
#360=FACE_OUTER_BOUND('',#559,.T.);
#361=FACE_OUTER_BOUND('',#560,.T.);
#362=FACE_OUTER_BOUND('',#561,.T.);
#363=FACE_OUTER_BOUND('',#562,.T.);
#364=FACE_OUTER_BOUND('',#563,.T.);
#365=FACE_OUTER_BOUND('',#564,.T.);
#366=FACE_OUTER_BOUND('',#565,.T.);
#367=FACE_OUTER_BOUND('',#566,.T.);
#368=FACE_OUTER_BOUND('',#567,.T.);
#369=FACE_OUTER_BOUND('',#568,.T.);
#370=FACE_OUTER_BOUND('',#569,.T.);
#371=FACE_OUTER_BOUND('',#570,.T.);
#372=FACE_OUTER_BOUND('',#571,.T.);
#373=FACE_OUTER_BOUND('',#572,.T.);
#374=FACE_OUTER_BOUND('',#573,.T.);
#375=FACE_OUTER_BOUND('',#574,.T.);
#376=FACE_OUTER_BOUND('',#575,.T.);
#377=FACE_OUTER_BOUND('',#576,.T.);
#378=FACE_OUTER_BOUND('',#577,.T.);
#379=FACE_OUTER_BOUND('',#578,.T.);
#380=FACE_OUTER_BOUND('',#579,.T.);
#381=FACE_OUTER_BOUND('',#580,.T.);
#382=FACE_OUTER_BOUND('',#581,.T.);
#383=FACE_OUTER_BOUND('',#582,.T.);
#384=FACE_OUTER_BOUND('',#583,.T.);
#385=FACE_OUTER_BOUND('',#584,.T.);
#386=FACE_OUTER_BOUND('',#585,.T.);
#387=FACE_OUTER_BOUND('',#586,.T.);
#388=FACE_OUTER_BOUND('',#587,.T.);
#389=FACE_OUTER_BOUND('',#588,.T.);
#390=FACE_OUTER_BOUND('',#589,.T.);
#391=FACE_OUTER_BOUND('',#590,.T.);
#392=FACE_OUTER_BOUND('',#591,.T.);
#393=FACE_OUTER_BOUND('',#592,.T.);
#394=FACE_OUTER_BOUND('',#593,.T.);
#395=FACE_OUTER_BOUND('',#594,.T.);
#396=FACE_OUTER_BOUND('',#595,.T.);
#397=FACE_OUTER_BOUND('',#596,.T.);
#398=FACE_OUTER_BOUND('',#597,.T.);
#399=FACE_OUTER_BOUND('',#598,.T.);
#400=FACE_OUTER_BOUND('',#599,.T.);
#401=FACE_OUTER_BOUND('',#600,.T.);
#402=FACE_OUTER_BOUND('',#601,.T.);
#403=FACE_OUTER_BOUND('',#602,.T.);
#404=FACE_OUTER_BOUND('',#603,.T.);
#405=FACE_OUTER_BOUND('',#604,.T.);
#406=FACE_OUTER_BOUND('',#605,.T.);
#407=FACE_OUTER_BOUND('',#606,.T.);
#408=FACE_OUTER_BOUND('',#607,.T.);
#409=FACE_OUTER_BOUND('',#608,.T.);
#410=FACE_OUTER_BOUND('',#609,.T.);
#411=FACE_OUTER_BOUND('',#610,.T.);
#412=FACE_OUTER_BOUND('',#611,.T.);
#413=FACE_OUTER_BOUND('',#612,.T.);
#414=FACE_OUTER_BOUND('',#613,.T.);
#415=FACE_OUTER_BOUND('',#615,.T.);
#416=FACE_OUTER_BOUND('',#616,.T.);
#417=FACE_OUTER_BOUND('',#617,.T.);
#418=FACE_OUTER_BOUND('',#618,.T.);
#419=FACE_OUTER_BOUND('',#619,.T.);
#420=FACE_OUTER_BOUND('',#620,.T.);
#421=FACE_OUTER_BOUND('',#621,.T.);
#422=FACE_OUTER_BOUND('',#622,.T.);
#423=FACE_OUTER_BOUND('',#623,.T.);
#424=FACE_OUTER_BOUND('',#625,.T.);
#425=FACE_OUTER_BOUND('',#626,.T.);
#426=FACE_OUTER_BOUND('',#627,.T.);
#427=FACE_OUTER_BOUND('',#628,.T.);
#428=FACE_OUTER_BOUND('',#629,.T.);
#429=FACE_OUTER_BOUND('',#631,.T.);
#430=FACE_OUTER_BOUND('',#632,.T.);
#431=FACE_OUTER_BOUND('',#633,.T.);
#432=FACE_OUTER_BOUND('',#634,.T.);
#433=EDGE_LOOP('',(#2299,#2300,#2301,#2302));
#434=EDGE_LOOP('',(#2303,#2304,#2305,#2306));
#435=EDGE_LOOP('',(#2307,#2308,#2309,#2310));
#436=EDGE_LOOP('',(#2311,#2312,#2313,#2314));
#437=EDGE_LOOP('',(#2315,#2316,#2317,#2318));
#438=EDGE_LOOP('',(#2319,#2320,#2321,#2322));
#439=EDGE_LOOP('',(#2323,#2324,#2325,#2326));
#440=EDGE_LOOP('',(#2327,#2328,#2329,#2330));
#441=EDGE_LOOP('',(#2331,#2332,#2333,#2334));
#442=EDGE_LOOP('',(#2335,#2336,#2337,#2338));
#443=EDGE_LOOP('',(#2339,#2340,#2341,#2342));
#444=EDGE_LOOP('',(#2343,#2344,#2345,#2346));
#445=EDGE_LOOP('',(#2347,#2348,#2349,#2350,#2351,#2352,#2353,#2354));
#446=EDGE_LOOP('',(#2355,#2356,#2357,#2358));
#447=EDGE_LOOP('',(#2359,#2360,#2361,#2362));
#448=EDGE_LOOP('',(#2363,#2364,#2365,#2366));
#449=EDGE_LOOP('',(#2367,#2368,#2369,#2370));
#450=EDGE_LOOP('',(#2371,#2372,#2373,#2374));
#451=EDGE_LOOP('',(#2375,#2376,#2377,#2378));
#452=EDGE_LOOP('',(#2379,#2380,#2381,#2382));
#453=EDGE_LOOP('',(#2383,#2384,#2385,#2386));
#454=EDGE_LOOP('',(#2387,#2388,#2389,#2390));
#455=EDGE_LOOP('',(#2391,#2392,#2393,#2394));
#456=EDGE_LOOP('',(#2395,#2396,#2397,#2398));
#457=EDGE_LOOP('',(#2399,#2400,#2401,#2402));
#458=EDGE_LOOP('',(#2403,#2404,#2405,#2406,#2407,#2408,#2409,#2410));
#459=EDGE_LOOP('',(#2411,#2412,#2413,#2414));
#460=EDGE_LOOP('',(#2415,#2416,#2417,#2418));
#461=EDGE_LOOP('',(#2419,#2420,#2421,#2422,#2423,#2424,#2425,#2426));
#462=EDGE_LOOP('',(#2427,#2428,#2429,#2430));
#463=EDGE_LOOP('',(#2431,#2432,#2433,#2434));
#464=EDGE_LOOP('',(#2435,#2436,#2437,#2438));
#465=EDGE_LOOP('',(#2439,#2440,#2441,#2442));
#466=EDGE_LOOP('',(#2443,#2444,#2445,#2446));
#467=EDGE_LOOP('',(#2447,#2448,#2449,#2450));
#468=EDGE_LOOP('',(#2451,#2452,#2453,#2454,#2455,#2456,#2457,#2458));
#469=EDGE_LOOP('',(#2459,#2460,#2461,#2462));
#470=EDGE_LOOP('',(#2463));
#471=EDGE_LOOP('',(#2464));
#472=EDGE_LOOP('',(#2465,#2466,#2467,#2468));
#473=EDGE_LOOP('',(#2469));
#474=EDGE_LOOP('',(#2470));
#475=EDGE_LOOP('',(#2471,#2472,#2473,#2474));
#476=EDGE_LOOP('',(#2475));
#477=EDGE_LOOP('',(#2476));
#478=EDGE_LOOP('',(#2477,#2478,#2479,#2480));
#479=EDGE_LOOP('',(#2481));
#480=EDGE_LOOP('',(#2482));
#481=EDGE_LOOP('',(#2483,#2484,#2485,#2486));
#482=EDGE_LOOP('',(#2487,#2488,#2489,#2490));
#483=EDGE_LOOP('',(#2491,#2492,#2493,#2494));
#484=EDGE_LOOP('',(#2495,#2496,#2497,#2498));
#485=EDGE_LOOP('',(#2499,#2500,#2501,#2502));
#486=EDGE_LOOP('',(#2503,#2504,#2505,#2506,#2507,#2508));
#487=EDGE_LOOP('',(#2509,#2510,#2511,#2512));
#488=EDGE_LOOP('',(#2513,#2514,#2515,#2516));
#489=EDGE_LOOP('',(#2517,#2518,#2519,#2520));
#490=EDGE_LOOP('',(#2521,#2522,#2523,#2524));
#491=EDGE_LOOP('',(#2525,#2526,#2527,#2528));
#492=EDGE_LOOP('',(#2529,#2530,#2531,#2532,#2533,#2534));
#493=EDGE_LOOP('',(#2535,#2536,#2537,#2538));
#494=EDGE_LOOP('',(#2539,#2540,#2541,#2542));
#495=EDGE_LOOP('',(#2543,#2544,#2545,#2546));
#496=EDGE_LOOP('',(#2547,#2548,#2549,#2550));
#497=EDGE_LOOP('',(#2551,#2552,#2553,#2554));
#498=EDGE_LOOP('',(#2555,#2556,#2557,#2558,#2559,#2560));
#499=EDGE_LOOP('',(#2561,#2562,#2563,#2564));
#500=EDGE_LOOP('',(#2565,#2566,#2567,#2568));
#501=EDGE_LOOP('',(#2569,#2570,#2571,#2572));
#502=EDGE_LOOP('',(#2573,#2574,#2575,#2576));
#503=EDGE_LOOP('',(#2577,#2578,#2579,#2580));
#504=EDGE_LOOP('',(#2581,#2582,#2583,#2584,#2585,#2586));
#505=EDGE_LOOP('',(#2587,#2588,#2589,#2590));
#506=EDGE_LOOP('',(#2591,#2592,#2593,#2594));
#507=EDGE_LOOP('',(#2595,#2596,#2597,#2598));
#508=EDGE_LOOP('',(#2599,#2600,#2601,#2602));
#509=EDGE_LOOP('',(#2603,#2604,#2605,#2606));
#510=EDGE_LOOP('',(#2607,#2608,#2609,#2610,#2611,#2612));
#511=EDGE_LOOP('',(#2613,#2614,#2615,#2616));
#512=EDGE_LOOP('',(#2617,#2618,#2619,#2620));
#513=EDGE_LOOP('',(#2621,#2622,#2623,#2624));
#514=EDGE_LOOP('',(#2625,#2626,#2627,#2628));
#515=EDGE_LOOP('',(#2629,#2630,#2631,#2632));
#516=EDGE_LOOP('',(#2633,#2634,#2635,#2636,#2637,#2638));
#517=EDGE_LOOP('',(#2639,#2640,#2641,#2642));
#518=EDGE_LOOP('',(#2643,#2644,#2645,#2646));
#519=EDGE_LOOP('',(#2647,#2648,#2649,#2650));
#520=EDGE_LOOP('',(#2651,#2652,#2653,#2654));
#521=EDGE_LOOP('',(#2655,#2656,#2657,#2658));
#522=EDGE_LOOP('',(#2659,#2660,#2661,#2662,#2663,#2664));
#523=EDGE_LOOP('',(#2665,#2666,#2667,#2668));
#524=EDGE_LOOP('',(#2669,#2670,#2671,#2672));
#525=EDGE_LOOP('',(#2673,#2674,#2675,#2676));
#526=EDGE_LOOP('',(#2677,#2678,#2679,#2680));
#527=EDGE_LOOP('',(#2681,#2682,#2683,#2684));
#528=EDGE_LOOP('',(#2685,#2686,#2687,#2688,#2689,#2690));
#529=EDGE_LOOP('',(#2691,#2692,#2693,#2694,#2695,#2696,#2697,#2698,#2699,
#2700,#2701,#2702,#2703,#2704,#2705,#2706,#2707,#2708,#2709,#2710,#2711,
#2712,#2713,#2714));
#530=EDGE_LOOP('',(#2715,#2716,#2717,#2718,#2719,#2720,#2721,#2722,#2723,
#2724,#2725,#2726,#2727,#2728,#2729,#2730,#2731,#2732,#2733,#2734,#2735,
#2736,#2737,#2738));
#531=EDGE_LOOP('',(#2739,#2740,#2741,#2742));
#532=EDGE_LOOP('',(#2743,#2744,#2745,#2746));
#533=EDGE_LOOP('',(#2747,#2748,#2749,#2750));
#534=EDGE_LOOP('',(#2751,#2752,#2753,#2754));
#535=EDGE_LOOP('',(#2755,#2756,#2757,#2758));
#536=EDGE_LOOP('',(#2759,#2760,#2761,#2762,#2763,#2764));
#537=EDGE_LOOP('',(#2765,#2766,#2767,#2768));
#538=EDGE_LOOP('',(#2769,#2770,#2771,#2772));
#539=EDGE_LOOP('',(#2773,#2774,#2775,#2776));
#540=EDGE_LOOP('',(#2777,#2778,#2779,#2780));
#541=EDGE_LOOP('',(#2781,#2782,#2783,#2784));
#542=EDGE_LOOP('',(#2785,#2786,#2787,#2788,#2789,#2790));
#543=EDGE_LOOP('',(#2791,#2792,#2793,#2794));
#544=EDGE_LOOP('',(#2795,#2796,#2797,#2798));
#545=EDGE_LOOP('',(#2799,#2800,#2801,#2802));
#546=EDGE_LOOP('',(#2803,#2804,#2805,#2806));
#547=EDGE_LOOP('',(#2807,#2808,#2809,#2810));
#548=EDGE_LOOP('',(#2811,#2812,#2813,#2814,#2815,#2816));
#549=EDGE_LOOP('',(#2817,#2818,#2819,#2820));
#550=EDGE_LOOP('',(#2821,#2822,#2823,#2824));
#551=EDGE_LOOP('',(#2825,#2826,#2827,#2828));
#552=EDGE_LOOP('',(#2829,#2830,#2831,#2832));
#553=EDGE_LOOP('',(#2833,#2834,#2835,#2836));
#554=EDGE_LOOP('',(#2837,#2838,#2839,#2840,#2841,#2842));
#555=EDGE_LOOP('',(#2843,#2844,#2845,#2846));
#556=EDGE_LOOP('',(#2847,#2848,#2849,#2850));
#557=EDGE_LOOP('',(#2851,#2852,#2853,#2854));
#558=EDGE_LOOP('',(#2855,#2856,#2857,#2858));
#559=EDGE_LOOP('',(#2859,#2860,#2861,#2862));
#560=EDGE_LOOP('',(#2863,#2864,#2865,#2866,#2867,#2868));
#561=EDGE_LOOP('',(#2869,#2870,#2871,#2872));
#562=EDGE_LOOP('',(#2873,#2874,#2875,#2876));
#563=EDGE_LOOP('',(#2877,#2878,#2879,#2880));
#564=EDGE_LOOP('',(#2881,#2882,#2883,#2884));
#565=EDGE_LOOP('',(#2885,#2886,#2887,#2888));
#566=EDGE_LOOP('',(#2889,#2890,#2891,#2892,#2893,#2894));
#567=EDGE_LOOP('',(#2895,#2896,#2897,#2898));
#568=EDGE_LOOP('',(#2899,#2900,#2901,#2902));
#569=EDGE_LOOP('',(#2903,#2904,#2905,#2906));
#570=EDGE_LOOP('',(#2907,#2908,#2909,#2910));
#571=EDGE_LOOP('',(#2911,#2912,#2913,#2914));
#572=EDGE_LOOP('',(#2915,#2916,#2917,#2918,#2919,#2920));
#573=EDGE_LOOP('',(#2921,#2922,#2923,#2924));
#574=EDGE_LOOP('',(#2925,#2926,#2927,#2928));
#575=EDGE_LOOP('',(#2929,#2930,#2931,#2932));
#576=EDGE_LOOP('',(#2933,#2934,#2935,#2936));
#577=EDGE_LOOP('',(#2937,#2938,#2939,#2940));
#578=EDGE_LOOP('',(#2941,#2942,#2943,#2944,#2945,#2946));
#579=EDGE_LOOP('',(#2947,#2948,#2949,#2950));
#580=EDGE_LOOP('',(#2951,#2952,#2953,#2954));
#581=EDGE_LOOP('',(#2955,#2956,#2957,#2958));
#582=EDGE_LOOP('',(#2959,#2960,#2961,#2962));
#583=EDGE_LOOP('',(#2963,#2964,#2965,#2966));
#584=EDGE_LOOP('',(#2967,#2968,#2969,#2970,#2971,#2972));
#585=EDGE_LOOP('',(#2973,#2974,#2975,#2976));
#586=EDGE_LOOP('',(#2977,#2978,#2979,#2980));
#587=EDGE_LOOP('',(#2981,#2982,#2983,#2984));
#588=EDGE_LOOP('',(#2985,#2986,#2987,#2988));
#589=EDGE_LOOP('',(#2989,#2990,#2991,#2992));
#590=EDGE_LOOP('',(#2993,#2994,#2995,#2996,#2997,#2998));
#591=EDGE_LOOP('',(#2999,#3000,#3001,#3002,#3003,#3004,#3005,#3006,#3007,
#3008,#3009,#3010,#3011,#3012,#3013,#3014,#3015,#3016,#3017,#3018,#3019,
#3020,#3021,#3022));
#592=EDGE_LOOP('',(#3023,#3024,#3025,#3026,#3027,#3028,#3029,#3030,#3031,
#3032,#3033,#3034,#3035,#3036,#3037,#3038,#3039,#3040,#3041,#3042,#3043,
#3044,#3045,#3046));
#593=EDGE_LOOP('',(#3047,#3048,#3049,#3050));
#594=EDGE_LOOP('',(#3051,#3052,#3053,#3054));
#595=EDGE_LOOP('',(#3055,#3056,#3057,#3058));
#596=EDGE_LOOP('',(#3059,#3060,#3061,#3062));
#597=EDGE_LOOP('',(#3063,#3064,#3065,#3066));
#598=EDGE_LOOP('',(#3067,#3068,#3069,#3070,#3071,#3072));
#599=EDGE_LOOP('',(#3073,#3074,#3075,#3076));
#600=EDGE_LOOP('',(#3077,#3078,#3079,#3080));
#601=EDGE_LOOP('',(#3081,#3082,#3083,#3084));
#602=EDGE_LOOP('',(#3085,#3086,#3087,#3088));
#603=EDGE_LOOP('',(#3089,#3090,#3091,#3092));
#604=EDGE_LOOP('',(#3093,#3094,#3095,#3096,#3097,#3098));
#605=EDGE_LOOP('',(#3099,#3100,#3101,#3102));
#606=EDGE_LOOP('',(#3103,#3104,#3105,#3106));
#607=EDGE_LOOP('',(#3107,#3108,#3109,#3110));
#608=EDGE_LOOP('',(#3111,#3112,#3113,#3114));
#609=EDGE_LOOP('',(#3115,#3116,#3117,#3118));
#610=EDGE_LOOP('',(#3119,#3120,#3121,#3122));
#611=EDGE_LOOP('',(#3123,#3124,#3125,#3126));
#612=EDGE_LOOP('',(#3127,#3128,#3129,#3130));
#613=EDGE_LOOP('',(#3131,#3132,#3133,#3134,#3135,#3136,#3137,#3138));
#614=EDGE_LOOP('',(#3139,#3140,#3141,#3142,#3143,#3144,#3145,#3146,#3147,
#3148,#3149,#3150,#3151,#3152,#3153,#3154,#3155,#3156,#3157,#3158,#3159,
#3160,#3161,#3162,#3163,#3164,#3165,#3166,#3167,#3168,#3169,#3170,#3171,
#3172,#3173,#3174,#3175,#3176,#3177,#3178,#3179,#3180,#3181,#3182,#3183,
#3184,#3185,#3186,#3187,#3188,#3189,#3190,#3191,#3192,#3193,#3194,#3195,
#3196,#3197,#3198,#3199,#3200,#3201,#3202,#3203,#3204,#3205,#3206,#3207,
#3208,#3209,#3210,#3211,#3212,#3213,#3214,#3215,#3216,#3217,#3218,#3219,
#3220,#3221,#3222,#3223,#3224,#3225,#3226,#3227,#3228,#3229,#3230,#3231,
#3232,#3233,#3234,#3235,#3236,#3237,#3238,#3239,#3240,#3241,#3242,#3243,
#3244,#3245,#3246,#3247,#3248,#3249,#3250,#3251,#3252,#3253,#3254,#3255,
#3256,#3257,#3258,#3259,#3260,#3261,#3262));
#615=EDGE_LOOP('',(#3263,#3264,#3265,#3266));
#616=EDGE_LOOP('',(#3267,#3268,#3269,#3270));
#617=EDGE_LOOP('',(#3271,#3272,#3273,#3274));
#618=EDGE_LOOP('',(#3275,#3276,#3277,#3278));
#619=EDGE_LOOP('',(#3279,#3280,#3281,#3282));
#620=EDGE_LOOP('',(#3283,#3284,#3285,#3286));
#621=EDGE_LOOP('',(#3287,#3288,#3289,#3290));
#622=EDGE_LOOP('',(#3291,#3292,#3293,#3294));
#623=EDGE_LOOP('',(#3295,#3296,#3297,#3298,#3299,#3300,#3301,#3302));
#624=EDGE_LOOP('',(#3303,#3304,#3305,#3306,#3307,#3308,#3309,#3310));
#625=EDGE_LOOP('',(#3311,#3312,#3313,#3314));
#626=EDGE_LOOP('',(#3315,#3316,#3317,#3318));
#627=EDGE_LOOP('',(#3319,#3320,#3321,#3322));
#628=EDGE_LOOP('',(#3323,#3324,#3325,#3326));
#629=EDGE_LOOP('',(#3327,#3328,#3329,#3330,#3331,#3332,#3333,#3334));
#630=EDGE_LOOP('',(#3335,#3336,#3337,#3338));
#631=EDGE_LOOP('',(#3339,#3340,#3341,#3342));
#632=EDGE_LOOP('',(#3343,#3344,#3345,#3346));
#633=EDGE_LOOP('',(#3347,#3348,#3349,#3350));
#634=EDGE_LOOP('',(#3351,#3352,#3353,#3354));
#635=LINE('',#5096,#1031);
#636=LINE('',#5098,#1032);
#637=LINE('',#5100,#1033);
#638=LINE('',#5101,#1034);
#639=LINE('',#5105,#1035);
#640=LINE('',#5111,#1036);
#641=LINE('',#5112,#1037);
#642=LINE('',#5113,#1038);
#643=LINE('',#5117,#1039);
#644=LINE('',#5123,#1040);
#645=LINE('',#5124,#1041);
#646=LINE('',#5125,#1042);
#647=LINE('',#5129,#1043);
#648=LINE('',#5135,#1044);
#649=LINE('',#5136,#1045);
#650=LINE('',#5137,#1046);
#651=LINE('',#5143,#1047);
#652=LINE('',#5146,#1048);
#653=LINE('',#5149,#1049);
#654=LINE('',#5150,#1050);
#655=LINE('',#5153,#1051);
#656=LINE('',#5157,#1052);
#657=LINE('',#5158,#1053);
#658=LINE('',#5162,#1054);
#659=LINE('',#5166,#1055);
#660=LINE('',#5167,#1056);
#661=LINE('',#5170,#1057);
#662=LINE('',#5173,#1058);
#663=LINE('',#5176,#1059);
#664=LINE('',#5178,#1060);
#665=LINE('',#5179,#1061);
#666=LINE('',#5182,#1062);
#667=LINE('',#5186,#1063);
#668=LINE('',#5187,#1064);
#669=LINE('',#5190,#1065);
#670=LINE('',#5194,#1066);
#671=LINE('',#5195,#1067);
#672=LINE('',#5198,#1068);
#673=LINE('',#5202,#1069);
#674=LINE('',#5203,#1070);
#675=LINE('',#5212,#1071);
#676=LINE('',#5215,#1072);
#677=LINE('',#5218,#1073);
#678=LINE('',#5220,#1074);
#679=LINE('',#5221,#1075);
#680=LINE('',#5224,#1076);
#681=LINE('',#5228,#1077);
#682=LINE('',#5232,#1078);
#683=LINE('',#5237,#1079);
#684=LINE('',#5240,#1080);
#685=LINE('',#5241,#1081);
#686=LINE('',#5245,#1082);
#687=LINE('',#5248,#1083);
#688=LINE('',#5249,#1084);
#689=LINE('',#5253,#1085);
#690=LINE('',#5255,#1086);
#691=LINE('',#5261,#1087);
#692=LINE('',#5269,#1088);
#693=LINE('',#5277,#1089);
#694=LINE('',#5285,#1090);
#695=LINE('',#5294,#1091);
#696=LINE('',#5297,#1092);
#697=LINE('',#5300,#1093);
#698=LINE('',#5302,#1094);
#699=LINE('',#5303,#1095);
#700=LINE('',#5309,#1096);
#701=LINE('',#5312,#1097);
#702=LINE('',#5314,#1098);
#703=LINE('',#5315,#1099);
#704=LINE('',#5318,#1100);
#705=LINE('',#5320,#1101);
#706=LINE('',#5321,#1102);
#707=LINE('',#5323,#1103);
#708=LINE('',#5329,#1104);
#709=LINE('',#5332,#1105);
#710=LINE('',#5335,#1106);
#711=LINE('',#5337,#1107);
#712=LINE('',#5338,#1108);
#713=LINE('',#5344,#1109);
#714=LINE('',#5347,#1110);
#715=LINE('',#5349,#1111);
#716=LINE('',#5350,#1112);
#717=LINE('',#5353,#1113);
#718=LINE('',#5355,#1114);
#719=LINE('',#5356,#1115);
#720=LINE('',#5358,#1116);
#721=LINE('',#5364,#1117);
#722=LINE('',#5367,#1118);
#723=LINE('',#5370,#1119);
#724=LINE('',#5372,#1120);
#725=LINE('',#5373,#1121);
#726=LINE('',#5379,#1122);
#727=LINE('',#5382,#1123);
#728=LINE('',#5384,#1124);
#729=LINE('',#5385,#1125);
#730=LINE('',#5388,#1126);
#731=LINE('',#5390,#1127);
#732=LINE('',#5391,#1128);
#733=LINE('',#5393,#1129);
#734=LINE('',#5399,#1130);
#735=LINE('',#5402,#1131);
#736=LINE('',#5405,#1132);
#737=LINE('',#5407,#1133);
#738=LINE('',#5408,#1134);
#739=LINE('',#5414,#1135);
#740=LINE('',#5417,#1136);
#741=LINE('',#5419,#1137);
#742=LINE('',#5420,#1138);
#743=LINE('',#5423,#1139);
#744=LINE('',#5425,#1140);
#745=LINE('',#5426,#1141);
#746=LINE('',#5428,#1142);
#747=LINE('',#5434,#1143);
#748=LINE('',#5437,#1144);
#749=LINE('',#5440,#1145);
#750=LINE('',#5442,#1146);
#751=LINE('',#5443,#1147);
#752=LINE('',#5449,#1148);
#753=LINE('',#5452,#1149);
#754=LINE('',#5454,#1150);
#755=LINE('',#5455,#1151);
#756=LINE('',#5458,#1152);
#757=LINE('',#5460,#1153);
#758=LINE('',#5461,#1154);
#759=LINE('',#5463,#1155);
#760=LINE('',#5469,#1156);
#761=LINE('',#5472,#1157);
#762=LINE('',#5475,#1158);
#763=LINE('',#5477,#1159);
#764=LINE('',#5478,#1160);
#765=LINE('',#5484,#1161);
#766=LINE('',#5487,#1162);
#767=LINE('',#5489,#1163);
#768=LINE('',#5490,#1164);
#769=LINE('',#5493,#1165);
#770=LINE('',#5495,#1166);
#771=LINE('',#5496,#1167);
#772=LINE('',#5498,#1168);
#773=LINE('',#5504,#1169);
#774=LINE('',#5507,#1170);
#775=LINE('',#5510,#1171);
#776=LINE('',#5512,#1172);
#777=LINE('',#5513,#1173);
#778=LINE('',#5519,#1174);
#779=LINE('',#5522,#1175);
#780=LINE('',#5524,#1176);
#781=LINE('',#5525,#1177);
#782=LINE('',#5528,#1178);
#783=LINE('',#5530,#1179);
#784=LINE('',#5531,#1180);
#785=LINE('',#5533,#1181);
#786=LINE('',#5539,#1182);
#787=LINE('',#5542,#1183);
#788=LINE('',#5545,#1184);
#789=LINE('',#5547,#1185);
#790=LINE('',#5548,#1186);
#791=LINE('',#5554,#1187);
#792=LINE('',#5557,#1188);
#793=LINE('',#5559,#1189);
#794=LINE('',#5560,#1190);
#795=LINE('',#5563,#1191);
#796=LINE('',#5565,#1192);
#797=LINE('',#5566,#1193);
#798=LINE('',#5568,#1194);
#799=LINE('',#5571,#1195);
#800=LINE('',#5573,#1196);
#801=LINE('',#5575,#1197);
#802=LINE('',#5577,#1198);
#803=LINE('',#5579,#1199);
#804=LINE('',#5581,#1200);
#805=LINE('',#5583,#1201);
#806=LINE('',#5585,#1202);
#807=LINE('',#5586,#1203);
#808=LINE('',#5587,#1204);
#809=LINE('',#5588,#1205);
#810=LINE('',#5589,#1206);
#811=LINE('',#5591,#1207);
#812=LINE('',#5592,#1208);
#813=LINE('',#5593,#1209);
#814=LINE('',#5595,#1210);
#815=LINE('',#5597,#1211);
#816=LINE('',#5599,#1212);
#817=LINE('',#5601,#1213);
#818=LINE('',#5603,#1214);
#819=LINE('',#5605,#1215);
#820=LINE('',#5607,#1216);
#821=LINE('',#5609,#1217);
#822=LINE('',#5610,#1218);
#823=LINE('',#5616,#1219);
#824=LINE('',#5619,#1220);
#825=LINE('',#5622,#1221);
#826=LINE('',#5624,#1222);
#827=LINE('',#5625,#1223);
#828=LINE('',#5631,#1224);
#829=LINE('',#5633,#1225);
#830=LINE('',#5634,#1226);
#831=LINE('',#5636,#1227);
#832=LINE('',#5637,#1228);
#833=LINE('',#5644,#1229);
#834=LINE('',#5647,#1230);
#835=LINE('',#5650,#1231);
#836=LINE('',#5652,#1232);
#837=LINE('',#5653,#1233);
#838=LINE('',#5659,#1234);
#839=LINE('',#5661,#1235);
#840=LINE('',#5662,#1236);
#841=LINE('',#5664,#1237);
#842=LINE('',#5665,#1238);
#843=LINE('',#5672,#1239);
#844=LINE('',#5675,#1240);
#845=LINE('',#5678,#1241);
#846=LINE('',#5680,#1242);
#847=LINE('',#5681,#1243);
#848=LINE('',#5687,#1244);
#849=LINE('',#5690,#1245);
#850=LINE('',#5692,#1246);
#851=LINE('',#5693,#1247);
#852=LINE('',#5696,#1248);
#853=LINE('',#5698,#1249);
#854=LINE('',#5699,#1250);
#855=LINE('',#5701,#1251);
#856=LINE('',#5705,#1252);
#857=LINE('',#5707,#1253);
#858=LINE('',#5709,#1254);
#859=LINE('',#5710,#1255);
#860=LINE('',#5714,#1256);
#861=LINE('',#5716,#1257);
#862=LINE('',#5718,#1258);
#863=LINE('',#5719,#1259);
#864=LINE('',#5725,#1260);
#865=LINE('',#5728,#1261);
#866=LINE('',#5730,#1262);
#867=LINE('',#5731,#1263);
#868=LINE('',#5736,#1264);
#869=LINE('',#5742,#1265);
#870=LINE('',#5745,#1266);
#871=LINE('',#5748,#1267);
#872=LINE('',#5750,#1268);
#873=LINE('',#5751,#1269);
#874=LINE('',#5757,#1270);
#875=LINE('',#5760,#1271);
#876=LINE('',#5762,#1272);
#877=LINE('',#5763,#1273);
#878=LINE('',#5766,#1274);
#879=LINE('',#5768,#1275);
#880=LINE('',#5769,#1276);
#881=LINE('',#5771,#1277);
#882=LINE('',#5775,#1278);
#883=LINE('',#5777,#1279);
#884=LINE('',#5779,#1280);
#885=LINE('',#5780,#1281);
#886=LINE('',#5784,#1282);
#887=LINE('',#5786,#1283);
#888=LINE('',#5788,#1284);
#889=LINE('',#5789,#1285);
#890=LINE('',#5795,#1286);
#891=LINE('',#5798,#1287);
#892=LINE('',#5800,#1288);
#893=LINE('',#5801,#1289);
#894=LINE('',#5806,#1290);
#895=LINE('',#5812,#1291);
#896=LINE('',#5815,#1292);
#897=LINE('',#5818,#1293);
#898=LINE('',#5820,#1294);
#899=LINE('',#5821,#1295);
#900=LINE('',#5827,#1296);
#901=LINE('',#5830,#1297);
#902=LINE('',#5832,#1298);
#903=LINE('',#5833,#1299);
#904=LINE('',#5836,#1300);
#905=LINE('',#5838,#1301);
#906=LINE('',#5839,#1302);
#907=LINE('',#5841,#1303);
#908=LINE('',#5845,#1304);
#909=LINE('',#5847,#1305);
#910=LINE('',#5849,#1306);
#911=LINE('',#5850,#1307);
#912=LINE('',#5854,#1308);
#913=LINE('',#5856,#1309);
#914=LINE('',#5858,#1310);
#915=LINE('',#5859,#1311);
#916=LINE('',#5865,#1312);
#917=LINE('',#5868,#1313);
#918=LINE('',#5870,#1314);
#919=LINE('',#5871,#1315);
#920=LINE('',#5876,#1316);
#921=LINE('',#5882,#1317);
#922=LINE('',#5885,#1318);
#923=LINE('',#5888,#1319);
#924=LINE('',#5890,#1320);
#925=LINE('',#5891,#1321);
#926=LINE('',#5897,#1322);
#927=LINE('',#5900,#1323);
#928=LINE('',#5902,#1324);
#929=LINE('',#5903,#1325);
#930=LINE('',#5906,#1326);
#931=LINE('',#5908,#1327);
#932=LINE('',#5909,#1328);
#933=LINE('',#5911,#1329);
#934=LINE('',#5915,#1330);
#935=LINE('',#5917,#1331);
#936=LINE('',#5919,#1332);
#937=LINE('',#5920,#1333);
#938=LINE('',#5924,#1334);
#939=LINE('',#5926,#1335);
#940=LINE('',#5928,#1336);
#941=LINE('',#5929,#1337);
#942=LINE('',#5935,#1338);
#943=LINE('',#5938,#1339);
#944=LINE('',#5940,#1340);
#945=LINE('',#5941,#1341);
#946=LINE('',#5946,#1342);
#947=LINE('',#5948,#1343);
#948=LINE('',#5949,#1344);
#949=LINE('',#5951,#1345);
#950=LINE('',#5953,#1346);
#951=LINE('',#5955,#1347);
#952=LINE('',#5957,#1348);
#953=LINE('',#5958,#1349);
#954=LINE('',#5959,#1350);
#955=LINE('',#5960,#1351);
#956=LINE('',#5961,#1352);
#957=LINE('',#5963,#1353);
#958=LINE('',#5964,#1354);
#959=LINE('',#5965,#1355);
#960=LINE('',#5967,#1356);
#961=LINE('',#5969,#1357);
#962=LINE('',#5971,#1358);
#963=LINE('',#5973,#1359);
#964=LINE('',#5974,#1360);
#965=LINE('',#5975,#1361);
#966=LINE('',#5976,#1362);
#967=LINE('',#5979,#1363);
#968=LINE('',#5981,#1364);
#969=LINE('',#5982,#1365);
#970=LINE('',#5985,#1366);
#971=LINE('',#5987,#1367);
#972=LINE('',#5988,#1368);
#973=LINE('',#5994,#1369);
#974=LINE('',#5997,#1370);
#975=LINE('',#5999,#1371);
#976=LINE('',#6000,#1372);
#977=LINE('',#6010,#1373);
#978=LINE('',#6013,#1374);
#979=LINE('',#6016,#1375);
#980=LINE('',#6018,#1376);
#981=LINE('',#6019,#1377);
#982=LINE('',#6025,#1378);
#983=LINE('',#6027,#1379);
#984=LINE('',#6028,#1380);
#985=LINE('',#6030,#1381);
#986=LINE('',#6031,#1382);
#987=LINE('',#6038,#1383);
#988=LINE('',#6041,#1384);
#989=LINE('',#6044,#1385);
#990=LINE('',#6046,#1386);
#991=LINE('',#6047,#1387);
#992=LINE('',#6052,#1388);
#993=LINE('',#6056,#1389);
#994=LINE('',#6058,#1390);
#995=LINE('',#6059,#1391);
#996=LINE('',#6064,#1392);
#997=LINE('',#6068,#1393);
#998=LINE('',#6070,#1394);
#999=LINE('',#6071,#1395);
#1000=LINE('',#6076,#1396);
#1001=LINE('',#6079,#1397);
#1002=LINE('',#6080,#1398);
#1003=LINE('',#6085,#1399);
#1004=LINE('',#6086,#1400);
#1005=LINE('',#6087,#1401);
#1006=LINE('',#6091,#1402);
#1007=LINE('',#6094,#1403);
#1008=LINE('',#6095,#1404);
#1009=LINE('',#6099,#1405);
#1010=LINE('',#6102,#1406);
#1011=LINE('',#6103,#1407);
#1012=LINE('',#6107,#1408);
#1013=LINE('',#6110,#1409);
#1014=LINE('',#6111,#1410);
#1015=LINE('',#6119,#1411);
#1016=LINE('',#6123,#1412);
#1017=LINE('',#6127,#1413);
#1018=LINE('',#6130,#1414);
#1019=LINE('',#6133,#1415);
#1020=LINE('',#6135,#1416);
#1021=LINE('',#6136,#1417);
#1022=LINE('',#6139,#1418);
#1023=LINE('',#6143,#1419);
#1024=LINE('',#6144,#1420);
#1025=LINE('',#6147,#1421);
#1026=LINE('',#6151,#1422);
#1027=LINE('',#6155,#1423);
#1028=LINE('',#6158,#1424);
#1029=LINE('',#6160,#1425);
#1030=LINE('',#6162,#1426);
#1031=VECTOR('',#4036,10.);
#1032=VECTOR('',#4037,10.);
#1033=VECTOR('',#4038,10.);
#1034=VECTOR('',#4039,10.);
#1035=VECTOR('',#4042,10.);
#1036=VECTOR('',#4049,10.);
#1037=VECTOR('',#4050,10.);
#1038=VECTOR('',#4051,10.);
#1039=VECTOR('',#4054,10.);
#1040=VECTOR('',#4061,10.);
#1041=VECTOR('',#4062,10.);
#1042=VECTOR('',#4063,10.);
#1043=VECTOR('',#4066,10.);
#1044=VECTOR('',#4073,10.);
#1045=VECTOR('',#4074,10.);
#1046=VECTOR('',#4075,10.);
#1047=VECTOR('',#4084,10.);
#1048=VECTOR('',#4087,10.);
#1049=VECTOR('',#4090,10.);
#1050=VECTOR('',#4091,10.);
#1051=VECTOR('',#4094,10.);
#1052=VECTOR('',#4099,10.);
#1053=VECTOR('',#4100,10.);
#1054=VECTOR('',#4105,10.);
#1055=VECTOR('',#4110,10.);
#1056=VECTOR('',#4111,10.);
#1057=VECTOR('',#4114,10.);
#1058=VECTOR('',#4119,10.);
#1059=VECTOR('',#4122,10.);
#1060=VECTOR('',#4123,10.);
#1061=VECTOR('',#4124,10.);
#1062=VECTOR('',#4127,10.);
#1063=VECTOR('',#4132,10.);
#1064=VECTOR('',#4133,10.);
#1065=VECTOR('',#4136,10.);
#1066=VECTOR('',#4141,10.);
#1067=VECTOR('',#4142,10.);
#1068=VECTOR('',#4145,10.);
#1069=VECTOR('',#4150,10.);
#1070=VECTOR('',#4151,10.);
#1071=VECTOR('',#4162,10.);
#1072=VECTOR('',#4165,10.);
#1073=VECTOR('',#4168,10.);
#1074=VECTOR('',#4169,10.);
#1075=VECTOR('',#4170,10.);
#1076=VECTOR('',#4173,10.);
#1077=VECTOR('',#4176,10.);
#1078=VECTOR('',#4179,10.);
#1079=VECTOR('',#4186,10.);
#1080=VECTOR('',#4189,10.);
#1081=VECTOR('',#4190,10.);
#1082=VECTOR('',#4195,10.);
#1083=VECTOR('',#4198,10.);
#1084=VECTOR('',#4199,10.);
#1085=VECTOR('',#4204,10.);
#1086=VECTOR('',#4207,10.);
#1087=VECTOR('',#4214,3.15);
#1088=VECTOR('',#4225,3.15);
#1089=VECTOR('',#4236,3.15);
#1090=VECTOR('',#4247,3.15);
#1091=VECTOR('',#4258,10.);
#1092=VECTOR('',#4261,10.);
#1093=VECTOR('',#4264,10.);
#1094=VECTOR('',#4265,10.);
#1095=VECTOR('',#4266,10.);
#1096=VECTOR('',#4273,10.);
#1097=VECTOR('',#4276,10.);
#1098=VECTOR('',#4277,10.);
#1099=VECTOR('',#4278,10.);
#1100=VECTOR('',#4281,10.);
#1101=VECTOR('',#4282,10.);
#1102=VECTOR('',#4283,10.);
#1103=VECTOR('',#4286,10.);
#1104=VECTOR('',#4291,10.);
#1105=VECTOR('',#4294,10.);
#1106=VECTOR('',#4297,10.);
#1107=VECTOR('',#4298,10.);
#1108=VECTOR('',#4299,10.);
#1109=VECTOR('',#4306,10.);
#1110=VECTOR('',#4309,10.);
#1111=VECTOR('',#4310,10.);
#1112=VECTOR('',#4311,10.);
#1113=VECTOR('',#4314,10.);
#1114=VECTOR('',#4315,10.);
#1115=VECTOR('',#4316,10.);
#1116=VECTOR('',#4319,10.);
#1117=VECTOR('',#4324,10.);
#1118=VECTOR('',#4327,10.);
#1119=VECTOR('',#4330,10.);
#1120=VECTOR('',#4331,10.);
#1121=VECTOR('',#4332,10.);
#1122=VECTOR('',#4339,10.);
#1123=VECTOR('',#4342,10.);
#1124=VECTOR('',#4343,10.);
#1125=VECTOR('',#4344,10.);
#1126=VECTOR('',#4347,10.);
#1127=VECTOR('',#4348,10.);
#1128=VECTOR('',#4349,10.);
#1129=VECTOR('',#4352,10.);
#1130=VECTOR('',#4357,10.);
#1131=VECTOR('',#4360,10.);
#1132=VECTOR('',#4363,10.);
#1133=VECTOR('',#4364,10.);
#1134=VECTOR('',#4365,10.);
#1135=VECTOR('',#4372,10.);
#1136=VECTOR('',#4375,10.);
#1137=VECTOR('',#4376,10.);
#1138=VECTOR('',#4377,10.);
#1139=VECTOR('',#4380,10.);
#1140=VECTOR('',#4381,10.);
#1141=VECTOR('',#4382,10.);
#1142=VECTOR('',#4385,10.);
#1143=VECTOR('',#4390,10.);
#1144=VECTOR('',#4393,10.);
#1145=VECTOR('',#4396,10.);
#1146=VECTOR('',#4397,10.);
#1147=VECTOR('',#4398,10.);
#1148=VECTOR('',#4405,10.);
#1149=VECTOR('',#4408,10.);
#1150=VECTOR('',#4409,10.);
#1151=VECTOR('',#4410,10.);
#1152=VECTOR('',#4413,10.);
#1153=VECTOR('',#4414,10.);
#1154=VECTOR('',#4415,10.);
#1155=VECTOR('',#4418,10.);
#1156=VECTOR('',#4423,10.);
#1157=VECTOR('',#4426,10.);
#1158=VECTOR('',#4429,10.);
#1159=VECTOR('',#4430,10.);
#1160=VECTOR('',#4431,10.);
#1161=VECTOR('',#4438,10.);
#1162=VECTOR('',#4441,10.);
#1163=VECTOR('',#4442,10.);
#1164=VECTOR('',#4443,10.);
#1165=VECTOR('',#4446,10.);
#1166=VECTOR('',#4447,10.);
#1167=VECTOR('',#4448,10.);
#1168=VECTOR('',#4451,10.);
#1169=VECTOR('',#4456,10.);
#1170=VECTOR('',#4459,10.);
#1171=VECTOR('',#4462,10.);
#1172=VECTOR('',#4463,10.);
#1173=VECTOR('',#4464,10.);
#1174=VECTOR('',#4471,10.);
#1175=VECTOR('',#4474,10.);
#1176=VECTOR('',#4475,10.);
#1177=VECTOR('',#4476,10.);
#1178=VECTOR('',#4479,10.);
#1179=VECTOR('',#4480,10.);
#1180=VECTOR('',#4481,10.);
#1181=VECTOR('',#4484,10.);
#1182=VECTOR('',#4489,10.);
#1183=VECTOR('',#4492,10.);
#1184=VECTOR('',#4495,10.);
#1185=VECTOR('',#4496,10.);
#1186=VECTOR('',#4497,10.);
#1187=VECTOR('',#4504,10.);
#1188=VECTOR('',#4507,10.);
#1189=VECTOR('',#4508,10.);
#1190=VECTOR('',#4509,10.);
#1191=VECTOR('',#4512,10.);
#1192=VECTOR('',#4513,10.);
#1193=VECTOR('',#4514,10.);
#1194=VECTOR('',#4517,10.);
#1195=VECTOR('',#4520,10.);
#1196=VECTOR('',#4521,10.);
#1197=VECTOR('',#4522,10.);
#1198=VECTOR('',#4523,10.);
#1199=VECTOR('',#4524,10.);
#1200=VECTOR('',#4525,10.);
#1201=VECTOR('',#4526,10.);
#1202=VECTOR('',#4527,10.);
#1203=VECTOR('',#4528,10.);
#1204=VECTOR('',#4529,10.);
#1205=VECTOR('',#4530,10.);
#1206=VECTOR('',#4531,10.);
#1207=VECTOR('',#4534,10.);
#1208=VECTOR('',#4535,10.);
#1209=VECTOR('',#4536,10.);
#1210=VECTOR('',#4537,10.);
#1211=VECTOR('',#4538,10.);
#1212=VECTOR('',#4539,10.);
#1213=VECTOR('',#4540,10.);
#1214=VECTOR('',#4541,10.);
#1215=VECTOR('',#4542,10.);
#1216=VECTOR('',#4543,10.);
#1217=VECTOR('',#4544,10.);
#1218=VECTOR('',#4545,10.);
#1219=VECTOR('',#4550,10.);
#1220=VECTOR('',#4553,10.);
#1221=VECTOR('',#4556,10.);
#1222=VECTOR('',#4557,10.);
#1223=VECTOR('',#4558,10.);
#1224=VECTOR('',#4565,10.);
#1225=VECTOR('',#4568,10.);
#1226=VECTOR('',#4569,10.);
#1227=VECTOR('',#4572,10.);
#1228=VECTOR('',#4573,10.);
#1229=VECTOR('',#4580,10.);
#1230=VECTOR('',#4583,10.);
#1231=VECTOR('',#4586,10.);
#1232=VECTOR('',#4587,10.);
#1233=VECTOR('',#4588,10.);
#1234=VECTOR('',#4595,10.);
#1235=VECTOR('',#4598,10.);
#1236=VECTOR('',#4599,10.);
#1237=VECTOR('',#4602,10.);
#1238=VECTOR('',#4603,10.);
#1239=VECTOR('',#4610,10.);
#1240=VECTOR('',#4613,10.);
#1241=VECTOR('',#4616,10.);
#1242=VECTOR('',#4617,10.);
#1243=VECTOR('',#4618,10.);
#1244=VECTOR('',#4625,10.);
#1245=VECTOR('',#4628,10.);
#1246=VECTOR('',#4629,10.);
#1247=VECTOR('',#4630,10.);
#1248=VECTOR('',#4633,10.);
#1249=VECTOR('',#4634,10.);
#1250=VECTOR('',#4635,10.);
#1251=VECTOR('',#4638,10.);
#1252=VECTOR('',#4641,10.);
#1253=VECTOR('',#4642,10.);
#1254=VECTOR('',#4643,10.);
#1255=VECTOR('',#4644,10.);
#1256=VECTOR('',#4647,10.);
#1257=VECTOR('',#4648,10.);
#1258=VECTOR('',#4649,10.);
#1259=VECTOR('',#4650,10.);
#1260=VECTOR('',#4657,10.);
#1261=VECTOR('',#4660,10.);
#1262=VECTOR('',#4661,10.);
#1263=VECTOR('',#4662,10.);
#1264=VECTOR('',#4671,10.);
#1265=VECTOR('',#4676,10.);
#1266=VECTOR('',#4679,10.);
#1267=VECTOR('',#4682,10.);
#1268=VECTOR('',#4683,10.);
#1269=VECTOR('',#4684,10.);
#1270=VECTOR('',#4691,10.);
#1271=VECTOR('',#4694,10.);
#1272=VECTOR('',#4695,10.);
#1273=VECTOR('',#4696,10.);
#1274=VECTOR('',#4699,10.);
#1275=VECTOR('',#4700,10.);
#1276=VECTOR('',#4701,10.);
#1277=VECTOR('',#4704,10.);
#1278=VECTOR('',#4707,10.);
#1279=VECTOR('',#4708,10.);
#1280=VECTOR('',#4709,10.);
#1281=VECTOR('',#4710,10.);
#1282=VECTOR('',#4713,10.);
#1283=VECTOR('',#4714,10.);
#1284=VECTOR('',#4715,10.);
#1285=VECTOR('',#4716,10.);
#1286=VECTOR('',#4723,10.);
#1287=VECTOR('',#4726,10.);
#1288=VECTOR('',#4727,10.);
#1289=VECTOR('',#4728,10.);
#1290=VECTOR('',#4737,10.);
#1291=VECTOR('',#4742,10.);
#1292=VECTOR('',#4745,10.);
#1293=VECTOR('',#4748,10.);
#1294=VECTOR('',#4749,10.);
#1295=VECTOR('',#4750,10.);
#1296=VECTOR('',#4757,10.);
#1297=VECTOR('',#4760,10.);
#1298=VECTOR('',#4761,10.);
#1299=VECTOR('',#4762,10.);
#1300=VECTOR('',#4765,10.);
#1301=VECTOR('',#4766,10.);
#1302=VECTOR('',#4767,10.);
#1303=VECTOR('',#4770,10.);
#1304=VECTOR('',#4773,10.);
#1305=VECTOR('',#4774,10.);
#1306=VECTOR('',#4775,10.);
#1307=VECTOR('',#4776,10.);
#1308=VECTOR('',#4779,10.);
#1309=VECTOR('',#4780,10.);
#1310=VECTOR('',#4781,10.);
#1311=VECTOR('',#4782,10.);
#1312=VECTOR('',#4789,10.);
#1313=VECTOR('',#4792,10.);
#1314=VECTOR('',#4793,10.);
#1315=VECTOR('',#4794,10.);
#1316=VECTOR('',#4803,10.);
#1317=VECTOR('',#4808,10.);
#1318=VECTOR('',#4811,10.);
#1319=VECTOR('',#4814,10.);
#1320=VECTOR('',#4815,10.);
#1321=VECTOR('',#4816,10.);
#1322=VECTOR('',#4823,10.);
#1323=VECTOR('',#4826,10.);
#1324=VECTOR('',#4827,10.);
#1325=VECTOR('',#4828,10.);
#1326=VECTOR('',#4831,10.);
#1327=VECTOR('',#4832,10.);
#1328=VECTOR('',#4833,10.);
#1329=VECTOR('',#4836,10.);
#1330=VECTOR('',#4839,10.);
#1331=VECTOR('',#4840,10.);
#1332=VECTOR('',#4841,10.);
#1333=VECTOR('',#4842,10.);
#1334=VECTOR('',#4845,10.);
#1335=VECTOR('',#4846,10.);
#1336=VECTOR('',#4847,10.);
#1337=VECTOR('',#4848,10.);
#1338=VECTOR('',#4855,10.);
#1339=VECTOR('',#4858,10.);
#1340=VECTOR('',#4859,10.);
#1341=VECTOR('',#4860,10.);
#1342=VECTOR('',#4869,10.);
#1343=VECTOR('',#4872,10.);
#1344=VECTOR('',#4873,10.);
#1345=VECTOR('',#4874,10.);
#1346=VECTOR('',#4875,10.);
#1347=VECTOR('',#4876,10.);
#1348=VECTOR('',#4877,10.);
#1349=VECTOR('',#4878,10.);
#1350=VECTOR('',#4879,10.);
#1351=VECTOR('',#4880,10.);
#1352=VECTOR('',#4881,10.);
#1353=VECTOR('',#4884,10.);
#1354=VECTOR('',#4885,10.);
#1355=VECTOR('',#4886,10.);
#1356=VECTOR('',#4887,10.);
#1357=VECTOR('',#4888,10.);
#1358=VECTOR('',#4889,10.);
#1359=VECTOR('',#4890,10.);
#1360=VECTOR('',#4891,10.);
#1361=VECTOR('',#4892,10.);
#1362=VECTOR('',#4893,10.);
#1363=VECTOR('',#4896,10.);
#1364=VECTOR('',#4897,10.);
#1365=VECTOR('',#4898,10.);
#1366=VECTOR('',#4901,10.);
#1367=VECTOR('',#4902,10.);
#1368=VECTOR('',#4903,10.);
#1369=VECTOR('',#4910,10.);
#1370=VECTOR('',#4913,10.);
#1371=VECTOR('',#4914,10.);
#1372=VECTOR('',#4915,10.);
#1373=VECTOR('',#4928,10.);
#1374=VECTOR('',#4931,10.);
#1375=VECTOR('',#4934,10.);
#1376=VECTOR('',#4935,10.);
#1377=VECTOR('',#4936,10.);
#1378=VECTOR('',#4943,10.);
#1379=VECTOR('',#4946,10.);
#1380=VECTOR('',#4947,10.);
#1381=VECTOR('',#4950,10.);
#1382=VECTOR('',#4951,10.);
#1383=VECTOR('',#4958,10.);
#1384=VECTOR('',#4961,10.);
#1385=VECTOR('',#4964,10.);
#1386=VECTOR('',#4965,10.);
#1387=VECTOR('',#4966,10.);
#1388=VECTOR('',#4971,10.);
#1389=VECTOR('',#4976,10.);
#1390=VECTOR('',#4977,10.);
#1391=VECTOR('',#4978,10.);
#1392=VECTOR('',#4983,10.);
#1393=VECTOR('',#4988,10.);
#1394=VECTOR('',#4989,10.);
#1395=VECTOR('',#4990,10.);
#1396=VECTOR('',#4995,10.);
#1397=VECTOR('',#5000,10.);
#1398=VECTOR('',#5001,10.);
#1399=VECTOR('',#5006,10.);
#1400=VECTOR('',#5007,10.);
#1401=VECTOR('',#5008,10.);
#1402=VECTOR('',#5013,10.);
#1403=VECTOR('',#5016,10.);
#1404=VECTOR('',#5017,10.);
#1405=VECTOR('',#5022,10.);
#1406=VECTOR('',#5025,10.);
#1407=VECTOR('',#5026,10.);
#1408=VECTOR('',#5031,10.);
#1409=VECTOR('',#5034,10.);
#1410=VECTOR('',#5035,10.);
#1411=VECTOR('',#5044,10.);
#1412=VECTOR('',#5047,10.);
#1413=VECTOR('',#5050,10.);
#1414=VECTOR('',#5053,10.);
#1415=VECTOR('',#5056,10.);
#1416=VECTOR('',#5057,10.);
#1417=VECTOR('',#5058,10.);
#1418=VECTOR('',#5061,10.);
#1419=VECTOR('',#5066,10.);
#1420=VECTOR('',#5067,10.);
#1421=VECTOR('',#5070,10.);
#1422=VECTOR('',#5075,10.);
#1423=VECTOR('',#5078,10.);
#1424=VECTOR('',#5083,10.);
#1425=VECTOR('',#5086,10.);
#1426=VECTOR('',#5089,10.);
#1427=VERTEX_POINT('',#5094);
#1428=VERTEX_POINT('',#5095);
#1429=VERTEX_POINT('',#5097);
#1430=VERTEX_POINT('',#5099);
#1431=VERTEX_POINT('',#5103);
#1432=VERTEX_POINT('',#5104);
#1433=VERTEX_POINT('',#5109);
#1434=VERTEX_POINT('',#5110);
#1435=VERTEX_POINT('',#5115);
#1436=VERTEX_POINT('',#5116);
#1437=VERTEX_POINT('',#5121);
#1438=VERTEX_POINT('',#5122);
#1439=VERTEX_POINT('',#5127);
#1440=VERTEX_POINT('',#5128);
#1441=VERTEX_POINT('',#5133);
#1442=VERTEX_POINT('',#5134);
#1443=VERTEX_POINT('',#5142);
#1444=VERTEX_POINT('',#5144);
#1445=VERTEX_POINT('',#5148);
#1446=VERTEX_POINT('',#5152);
#1447=VERTEX_POINT('',#5156);
#1448=VERTEX_POINT('',#5161);
#1449=VERTEX_POINT('',#5165);
#1450=VERTEX_POINT('',#5169);
#1451=VERTEX_POINT('',#5175);
#1452=VERTEX_POINT('',#5177);
#1453=VERTEX_POINT('',#5181);
#1454=VERTEX_POINT('',#5185);
#1455=VERTEX_POINT('',#5189);
#1456=VERTEX_POINT('',#5193);
#1457=VERTEX_POINT('',#5197);
#1458=VERTEX_POINT('',#5201);
#1459=VERTEX_POINT('',#5208);
#1460=VERTEX_POINT('',#5209);
#1461=VERTEX_POINT('',#5211);
#1462=VERTEX_POINT('',#5213);
#1463=VERTEX_POINT('',#5217);
#1464=VERTEX_POINT('',#5219);
#1465=VERTEX_POINT('',#5223);
#1466=VERTEX_POINT('',#5225);
#1467=VERTEX_POINT('',#5227);
#1468=VERTEX_POINT('',#5229);
#1469=VERTEX_POINT('',#5231);
#1470=VERTEX_POINT('',#5235);
#1471=VERTEX_POINT('',#5239);
#1472=VERTEX_POINT('',#5243);
#1473=VERTEX_POINT('',#5247);
#1474=VERTEX_POINT('',#5251);
#1475=VERTEX_POINT('',#5258);
#1476=VERTEX_POINT('',#5260);
#1477=VERTEX_POINT('',#5266);
#1478=VERTEX_POINT('',#5268);
#1479=VERTEX_POINT('',#5274);
#1480=VERTEX_POINT('',#5276);
#1481=VERTEX_POINT('',#5282);
#1482=VERTEX_POINT('',#5284);
#1483=VERTEX_POINT('',#5290);
#1484=VERTEX_POINT('',#5291);
#1485=VERTEX_POINT('',#5293);
#1486=VERTEX_POINT('',#5295);
#1487=VERTEX_POINT('',#5299);
#1488=VERTEX_POINT('',#5301);
#1489=VERTEX_POINT('',#5305);
#1490=VERTEX_POINT('',#5307);
#1491=VERTEX_POINT('',#5311);
#1492=VERTEX_POINT('',#5313);
#1493=VERTEX_POINT('',#5317);
#1494=VERTEX_POINT('',#5319);
#1495=VERTEX_POINT('',#5325);
#1496=VERTEX_POINT('',#5326);
#1497=VERTEX_POINT('',#5328);
#1498=VERTEX_POINT('',#5330);
#1499=VERTEX_POINT('',#5334);
#1500=VERTEX_POINT('',#5336);
#1501=VERTEX_POINT('',#5340);
#1502=VERTEX_POINT('',#5342);
#1503=VERTEX_POINT('',#5346);
#1504=VERTEX_POINT('',#5348);
#1505=VERTEX_POINT('',#5352);
#1506=VERTEX_POINT('',#5354);
#1507=VERTEX_POINT('',#5360);
#1508=VERTEX_POINT('',#5361);
#1509=VERTEX_POINT('',#5363);
#1510=VERTEX_POINT('',#5365);
#1511=VERTEX_POINT('',#5369);
#1512=VERTEX_POINT('',#5371);
#1513=VERTEX_POINT('',#5375);
#1514=VERTEX_POINT('',#5377);
#1515=VERTEX_POINT('',#5381);
#1516=VERTEX_POINT('',#5383);
#1517=VERTEX_POINT('',#5387);
#1518=VERTEX_POINT('',#5389);
#1519=VERTEX_POINT('',#5395);
#1520=VERTEX_POINT('',#5396);
#1521=VERTEX_POINT('',#5398);
#1522=VERTEX_POINT('',#5400);
#1523=VERTEX_POINT('',#5404);
#1524=VERTEX_POINT('',#5406);
#1525=VERTEX_POINT('',#5410);
#1526=VERTEX_POINT('',#5412);
#1527=VERTEX_POINT('',#5416);
#1528=VERTEX_POINT('',#5418);
#1529=VERTEX_POINT('',#5422);
#1530=VERTEX_POINT('',#5424);
#1531=VERTEX_POINT('',#5430);
#1532=VERTEX_POINT('',#5431);
#1533=VERTEX_POINT('',#5433);
#1534=VERTEX_POINT('',#5435);
#1535=VERTEX_POINT('',#5439);
#1536=VERTEX_POINT('',#5441);
#1537=VERTEX_POINT('',#5445);
#1538=VERTEX_POINT('',#5447);
#1539=VERTEX_POINT('',#5451);
#1540=VERTEX_POINT('',#5453);
#1541=VERTEX_POINT('',#5457);
#1542=VERTEX_POINT('',#5459);
#1543=VERTEX_POINT('',#5465);
#1544=VERTEX_POINT('',#5466);
#1545=VERTEX_POINT('',#5468);
#1546=VERTEX_POINT('',#5470);
#1547=VERTEX_POINT('',#5474);
#1548=VERTEX_POINT('',#5476);
#1549=VERTEX_POINT('',#5480);
#1550=VERTEX_POINT('',#5482);
#1551=VERTEX_POINT('',#5486);
#1552=VERTEX_POINT('',#5488);
#1553=VERTEX_POINT('',#5492);
#1554=VERTEX_POINT('',#5494);
#1555=VERTEX_POINT('',#5500);
#1556=VERTEX_POINT('',#5501);
#1557=VERTEX_POINT('',#5503);
#1558=VERTEX_POINT('',#5505);
#1559=VERTEX_POINT('',#5509);
#1560=VERTEX_POINT('',#5511);
#1561=VERTEX_POINT('',#5515);
#1562=VERTEX_POINT('',#5517);
#1563=VERTEX_POINT('',#5521);
#1564=VERTEX_POINT('',#5523);
#1565=VERTEX_POINT('',#5527);
#1566=VERTEX_POINT('',#5529);
#1567=VERTEX_POINT('',#5535);
#1568=VERTEX_POINT('',#5536);
#1569=VERTEX_POINT('',#5538);
#1570=VERTEX_POINT('',#5540);
#1571=VERTEX_POINT('',#5544);
#1572=VERTEX_POINT('',#5546);
#1573=VERTEX_POINT('',#5550);
#1574=VERTEX_POINT('',#5552);
#1575=VERTEX_POINT('',#5556);
#1576=VERTEX_POINT('',#5558);
#1577=VERTEX_POINT('',#5562);
#1578=VERTEX_POINT('',#5564);
#1579=VERTEX_POINT('',#5570);
#1580=VERTEX_POINT('',#5572);
#1581=VERTEX_POINT('',#5574);
#1582=VERTEX_POINT('',#5576);
#1583=VERTEX_POINT('',#5578);
#1584=VERTEX_POINT('',#5580);
#1585=VERTEX_POINT('',#5582);
#1586=VERTEX_POINT('',#5584);
#1587=VERTEX_POINT('',#5594);
#1588=VERTEX_POINT('',#5596);
#1589=VERTEX_POINT('',#5598);
#1590=VERTEX_POINT('',#5600);
#1591=VERTEX_POINT('',#5602);
#1592=VERTEX_POINT('',#5604);
#1593=VERTEX_POINT('',#5606);
#1594=VERTEX_POINT('',#5608);
#1595=VERTEX_POINT('',#5612);
#1596=VERTEX_POINT('',#5613);
#1597=VERTEX_POINT('',#5615);
#1598=VERTEX_POINT('',#5617);
#1599=VERTEX_POINT('',#5621);
#1600=VERTEX_POINT('',#5623);
#1601=VERTEX_POINT('',#5627);
#1602=VERTEX_POINT('',#5629);
#1603=VERTEX_POINT('',#5640);
#1604=VERTEX_POINT('',#5641);
#1605=VERTEX_POINT('',#5643);
#1606=VERTEX_POINT('',#5645);
#1607=VERTEX_POINT('',#5649);
#1608=VERTEX_POINT('',#5651);
#1609=VERTEX_POINT('',#5655);
#1610=VERTEX_POINT('',#5657);
#1611=VERTEX_POINT('',#5668);
#1612=VERTEX_POINT('',#5669);
#1613=VERTEX_POINT('',#5671);
#1614=VERTEX_POINT('',#5673);
#1615=VERTEX_POINT('',#5677);
#1616=VERTEX_POINT('',#5679);
#1617=VERTEX_POINT('',#5683);
#1618=VERTEX_POINT('',#5685);
#1619=VERTEX_POINT('',#5689);
#1620=VERTEX_POINT('',#5691);
#1621=VERTEX_POINT('',#5695);
#1622=VERTEX_POINT('',#5697);
#1623=VERTEX_POINT('',#5703);
#1624=VERTEX_POINT('',#5704);
#1625=VERTEX_POINT('',#5706);
#1626=VERTEX_POINT('',#5708);
#1627=VERTEX_POINT('',#5712);
#1628=VERTEX_POINT('',#5713);
#1629=VERTEX_POINT('',#5715);
#1630=VERTEX_POINT('',#5717);
#1631=VERTEX_POINT('',#5721);
#1632=VERTEX_POINT('',#5723);
#1633=VERTEX_POINT('',#5727);
#1634=VERTEX_POINT('',#5729);
#1635=VERTEX_POINT('',#5738);
#1636=VERTEX_POINT('',#5739);
#1637=VERTEX_POINT('',#5741);
#1638=VERTEX_POINT('',#5743);
#1639=VERTEX_POINT('',#5747);
#1640=VERTEX_POINT('',#5749);
#1641=VERTEX_POINT('',#5753);
#1642=VERTEX_POINT('',#5755);
#1643=VERTEX_POINT('',#5759);
#1644=VERTEX_POINT('',#5761);
#1645=VERTEX_POINT('',#5765);
#1646=VERTEX_POINT('',#5767);
#1647=VERTEX_POINT('',#5773);
#1648=VERTEX_POINT('',#5774);
#1649=VERTEX_POINT('',#5776);
#1650=VERTEX_POINT('',#5778);
#1651=VERTEX_POINT('',#5782);
#1652=VERTEX_POINT('',#5783);
#1653=VERTEX_POINT('',#5785);
#1654=VERTEX_POINT('',#5787);
#1655=VERTEX_POINT('',#5791);
#1656=VERTEX_POINT('',#5793);
#1657=VERTEX_POINT('',#5797);
#1658=VERTEX_POINT('',#5799);
#1659=VERTEX_POINT('',#5808);
#1660=VERTEX_POINT('',#5809);
#1661=VERTEX_POINT('',#5811);
#1662=VERTEX_POINT('',#5813);
#1663=VERTEX_POINT('',#5817);
#1664=VERTEX_POINT('',#5819);
#1665=VERTEX_POINT('',#5823);
#1666=VERTEX_POINT('',#5825);
#1667=VERTEX_POINT('',#5829);
#1668=VERTEX_POINT('',#5831);
#1669=VERTEX_POINT('',#5835);
#1670=VERTEX_POINT('',#5837);
#1671=VERTEX_POINT('',#5843);
#1672=VERTEX_POINT('',#5844);
#1673=VERTEX_POINT('',#5846);
#1674=VERTEX_POINT('',#5848);
#1675=VERTEX_POINT('',#5852);
#1676=VERTEX_POINT('',#5853);
#1677=VERTEX_POINT('',#5855);
#1678=VERTEX_POINT('',#5857);
#1679=VERTEX_POINT('',#5861);
#1680=VERTEX_POINT('',#5863);
#1681=VERTEX_POINT('',#5867);
#1682=VERTEX_POINT('',#5869);
#1683=VERTEX_POINT('',#5878);
#1684=VERTEX_POINT('',#5879);
#1685=VERTEX_POINT('',#5881);
#1686=VERTEX_POINT('',#5883);
#1687=VERTEX_POINT('',#5887);
#1688=VERTEX_POINT('',#5889);
#1689=VERTEX_POINT('',#5893);
#1690=VERTEX_POINT('',#5895);
#1691=VERTEX_POINT('',#5899);
#1692=VERTEX_POINT('',#5901);
#1693=VERTEX_POINT('',#5905);
#1694=VERTEX_POINT('',#5907);
#1695=VERTEX_POINT('',#5913);
#1696=VERTEX_POINT('',#5914);
#1697=VERTEX_POINT('',#5916);
#1698=VERTEX_POINT('',#5918);
#1699=VERTEX_POINT('',#5922);
#1700=VERTEX_POINT('',#5923);
#1701=VERTEX_POINT('',#5925);
#1702=VERTEX_POINT('',#5927);
#1703=VERTEX_POINT('',#5931);
#1704=VERTEX_POINT('',#5933);
#1705=VERTEX_POINT('',#5937);
#1706=VERTEX_POINT('',#5939);
#1707=VERTEX_POINT('',#5950);
#1708=VERTEX_POINT('',#5952);
#1709=VERTEX_POINT('',#5954);
#1710=VERTEX_POINT('',#5956);
#1711=VERTEX_POINT('',#5966);
#1712=VERTEX_POINT('',#5968);
#1713=VERTEX_POINT('',#5970);
#1714=VERTEX_POINT('',#5972);
#1715=VERTEX_POINT('',#5978);
#1716=VERTEX_POINT('',#5980);
#1717=VERTEX_POINT('',#5984);
#1718=VERTEX_POINT('',#5986);
#1719=VERTEX_POINT('',#5990);
#1720=VERTEX_POINT('',#5992);
#1721=VERTEX_POINT('',#5996);
#1722=VERTEX_POINT('',#5998);
#1723=VERTEX_POINT('',#6006);
#1724=VERTEX_POINT('',#6007);
#1725=VERTEX_POINT('',#6009);
#1726=VERTEX_POINT('',#6011);
#1727=VERTEX_POINT('',#6015);
#1728=VERTEX_POINT('',#6017);
#1729=VERTEX_POINT('',#6021);
#1730=VERTEX_POINT('',#6023);
#1731=VERTEX_POINT('',#6034);
#1732=VERTEX_POINT('',#6035);
#1733=VERTEX_POINT('',#6037);
#1734=VERTEX_POINT('',#6039);
#1735=VERTEX_POINT('',#6043);
#1736=VERTEX_POINT('',#6045);
#1737=VERTEX_POINT('',#6049);
#1738=VERTEX_POINT('',#6051);
#1739=VERTEX_POINT('',#6055);
#1740=VERTEX_POINT('',#6057);
#1741=VERTEX_POINT('',#6061);
#1742=VERTEX_POINT('',#6063);
#1743=VERTEX_POINT('',#6067);
#1744=VERTEX_POINT('',#6069);
#1745=VERTEX_POINT('',#6073);
#1746=VERTEX_POINT('',#6075);
#1747=VERTEX_POINT('',#6083);
#1748=VERTEX_POINT('',#6084);
#1749=VERTEX_POINT('',#6089);
#1750=VERTEX_POINT('',#6093);
#1751=VERTEX_POINT('',#6097);
#1752=VERTEX_POINT('',#6101);
#1753=VERTEX_POINT('',#6105);
#1754=VERTEX_POINT('',#6109);
#1755=VERTEX_POINT('',#6115);
#1756=VERTEX_POINT('',#6116);
#1757=VERTEX_POINT('',#6118);
#1758=VERTEX_POINT('',#6120);
#1759=VERTEX_POINT('',#6122);
#1760=VERTEX_POINT('',#6124);
#1761=VERTEX_POINT('',#6126);
#1762=VERTEX_POINT('',#6128);
#1763=VERTEX_POINT('',#6132);
#1764=VERTEX_POINT('',#6134);
#1765=VERTEX_POINT('',#6138);
#1766=VERTEX_POINT('',#6142);
#1767=VERTEX_POINT('',#6146);
#1768=VERTEX_POINT('',#6150);
#1769=VERTEX_POINT('',#6152);
#1770=VERTEX_POINT('',#6154);
#1771=EDGE_CURVE('',#1427,#1428,#635,.T.);
#1772=EDGE_CURVE('',#1428,#1429,#636,.T.);
#1773=EDGE_CURVE('',#1429,#1430,#637,.T.);
#1774=EDGE_CURVE('',#1430,#1427,#638,.T.);
#1775=EDGE_CURVE('',#1431,#1432,#639,.T.);
#1776=EDGE_CURVE('',#1432,#1428,#90,.T.);
#1777=EDGE_CURVE('',#1427,#1431,#91,.T.);
#1778=EDGE_CURVE('',#1433,#1434,#640,.T.);
#1779=EDGE_CURVE('',#1434,#1432,#641,.T.);
#1780=EDGE_CURVE('',#1431,#1433,#642,.T.);
#1781=EDGE_CURVE('',#1435,#1436,#643,.T.);
#1782=EDGE_CURVE('',#1436,#1434,#92,.T.);
#1783=EDGE_CURVE('',#1433,#1435,#93,.T.);
#1784=EDGE_CURVE('',#1437,#1438,#644,.T.);
#1785=EDGE_CURVE('',#1438,#1436,#645,.T.);
#1786=EDGE_CURVE('',#1435,#1437,#646,.T.);
#1787=EDGE_CURVE('',#1439,#1440,#647,.T.);
#1788=EDGE_CURVE('',#1440,#1438,#94,.T.);
#1789=EDGE_CURVE('',#1437,#1439,#95,.T.);
#1790=EDGE_CURVE('',#1441,#1442,#648,.T.);
#1791=EDGE_CURVE('',#1442,#1440,#649,.T.);
#1792=EDGE_CURVE('',#1439,#1441,#650,.T.);
#1793=EDGE_CURVE('',#1429,#1442,#96,.T.);
#1794=EDGE_CURVE('',#1441,#1430,#97,.T.);
#1795=EDGE_CURVE('',#1443,#1433,#651,.T.);
#1796=EDGE_CURVE('',#1444,#1443,#98,.T.);
#1797=EDGE_CURVE('',#1444,#1435,#652,.T.);
#1798=EDGE_CURVE('',#1445,#1431,#653,.T.);
#1799=EDGE_CURVE('',#1443,#1445,#654,.T.);
#1800=EDGE_CURVE('',#1446,#1427,#655,.T.);
#1801=EDGE_CURVE('',#1445,#1446,#99,.T.);
#1802=EDGE_CURVE('',#1447,#1430,#656,.T.);
#1803=EDGE_CURVE('',#1446,#1447,#657,.T.);
#1804=EDGE_CURVE('',#1448,#1441,#658,.T.);
#1805=EDGE_CURVE('',#1447,#1448,#100,.T.);
#1806=EDGE_CURVE('',#1449,#1439,#659,.T.);
#1807=EDGE_CURVE('',#1448,#1449,#660,.T.);
#1808=EDGE_CURVE('',#1450,#1437,#661,.T.);
#1809=EDGE_CURVE('',#1449,#1450,#101,.T.);
#1810=EDGE_CURVE('',#1450,#1444,#662,.T.);
#1811=EDGE_CURVE('',#1451,#1446,#663,.T.);
#1812=EDGE_CURVE('',#1447,#1452,#664,.T.);
#1813=EDGE_CURVE('',#1451,#1452,#665,.T.);
#1814=EDGE_CURVE('',#1453,#1445,#666,.T.);
#1815=EDGE_CURVE('',#1453,#1451,#102,.T.);
#1816=EDGE_CURVE('',#1454,#1443,#667,.T.);
#1817=EDGE_CURVE('',#1454,#1453,#668,.T.);
#1818=EDGE_CURVE('',#1455,#1444,#669,.T.);
#1819=EDGE_CURVE('',#1455,#1454,#103,.T.);
#1820=EDGE_CURVE('',#1456,#1450,#670,.T.);
#1821=EDGE_CURVE('',#1456,#1455,#671,.T.);
#1822=EDGE_CURVE('',#1457,#1449,#672,.T.);
#1823=EDGE_CURVE('',#1457,#1456,#104,.T.);
#1824=EDGE_CURVE('',#1458,#1448,#673,.T.);
#1825=EDGE_CURVE('',#1458,#1457,#674,.T.);
#1826=EDGE_CURVE('',#1452,#1458,#105,.T.);
#1827=EDGE_CURVE('',#1459,#1460,#106,.T.);
#1828=EDGE_CURVE('',#1460,#1461,#675,.T.);
#1829=EDGE_CURVE('',#1461,#1462,#107,.T.);
#1830=EDGE_CURVE('',#1462,#1459,#676,.T.);
#1831=EDGE_CURVE('',#1463,#1462,#677,.T.);
#1832=EDGE_CURVE('',#1464,#1463,#678,.T.);
#1833=EDGE_CURVE('',#1459,#1464,#679,.T.);
#1834=EDGE_CURVE('',#1461,#1465,#680,.T.);
#1835=EDGE_CURVE('',#1466,#1465,#108,.T.);
#1836=EDGE_CURVE('',#1466,#1467,#681,.T.);
#1837=EDGE_CURVE('',#1468,#1467,#109,.T.);
#1838=EDGE_CURVE('',#1468,#1469,#682,.T.);
#1839=EDGE_CURVE('',#1463,#1469,#110,.T.);
#1840=EDGE_CURVE('',#1470,#1464,#111,.T.);
#1841=EDGE_CURVE('',#1469,#1470,#683,.T.);
#1842=EDGE_CURVE('',#1471,#1468,#684,.T.);
#1843=EDGE_CURVE('',#1470,#1471,#685,.T.);
#1844=EDGE_CURVE('',#1472,#1471,#112,.T.);
#1845=EDGE_CURVE('',#1467,#1472,#686,.T.);
#1846=EDGE_CURVE('',#1473,#1466,#687,.T.);
#1847=EDGE_CURVE('',#1472,#1473,#688,.T.);
#1848=EDGE_CURVE('',#1474,#1473,#113,.T.);
#1849=EDGE_CURVE('',#1465,#1474,#689,.T.);
#1850=EDGE_CURVE('',#1474,#1460,#690,.T.);
#1851=EDGE_CURVE('',#1475,#1475,#114,.T.);
#1852=EDGE_CURVE('',#1475,#1476,#691,.T.);
#1853=EDGE_CURVE('',#1476,#1476,#115,.T.);
#1854=EDGE_CURVE('',#1477,#1477,#116,.T.);
#1855=EDGE_CURVE('',#1477,#1478,#692,.T.);
#1856=EDGE_CURVE('',#1478,#1478,#117,.T.);
#1857=EDGE_CURVE('',#1479,#1479,#118,.T.);
#1858=EDGE_CURVE('',#1479,#1480,#693,.T.);
#1859=EDGE_CURVE('',#1480,#1480,#119,.T.);
#1860=EDGE_CURVE('',#1481,#1481,#120,.T.);
#1861=EDGE_CURVE('',#1481,#1482,#694,.T.);
#1862=EDGE_CURVE('',#1482,#1482,#121,.T.);
#1863=EDGE_CURVE('',#1483,#1484,#122,.T.);
#1864=EDGE_CURVE('',#1485,#1483,#695,.T.);
#1865=EDGE_CURVE('',#1486,#1485,#123,.T.);
#1866=EDGE_CURVE('',#1486,#1484,#696,.T.);
#1867=EDGE_CURVE('',#1484,#1487,#697,.T.);
#1868=EDGE_CURVE('',#1488,#1486,#698,.T.);
#1869=EDGE_CURVE('',#1488,#1487,#699,.T.);
#1870=EDGE_CURVE('',#1487,#1489,#124,.T.);
#1871=EDGE_CURVE('',#1490,#1488,#125,.T.);
#1872=EDGE_CURVE('',#1490,#1489,#700,.T.);
#1873=EDGE_CURVE('',#1489,#1491,#701,.T.);
#1874=EDGE_CURVE('',#1492,#1490,#702,.T.);
#1875=EDGE_CURVE('',#1491,#1492,#703,.T.);
#1876=EDGE_CURVE('',#1493,#1483,#704,.T.);
#1877=EDGE_CURVE('',#1494,#1493,#705,.T.);
#1878=EDGE_CURVE('',#1485,#1494,#706,.T.);
#1879=EDGE_CURVE('',#1492,#1494,#707,.T.);
#1880=EDGE_CURVE('',#1495,#1496,#126,.T.);
#1881=EDGE_CURVE('',#1497,#1495,#708,.T.);
#1882=EDGE_CURVE('',#1498,#1497,#127,.T.);
#1883=EDGE_CURVE('',#1498,#1496,#709,.T.);
#1884=EDGE_CURVE('',#1496,#1499,#710,.T.);
#1885=EDGE_CURVE('',#1498,#1500,#711,.T.);
#1886=EDGE_CURVE('',#1500,#1499,#712,.T.);
#1887=EDGE_CURVE('',#1499,#1501,#128,.T.);
#1888=EDGE_CURVE('',#1502,#1500,#129,.T.);
#1889=EDGE_CURVE('',#1502,#1501,#713,.T.);
#1890=EDGE_CURVE('',#1501,#1503,#714,.T.);
#1891=EDGE_CURVE('',#1502,#1504,#715,.T.);
#1892=EDGE_CURVE('',#1503,#1504,#716,.T.);
#1893=EDGE_CURVE('',#1505,#1495,#717,.T.);
#1894=EDGE_CURVE('',#1506,#1505,#718,.T.);
#1895=EDGE_CURVE('',#1506,#1497,#719,.T.);
#1896=EDGE_CURVE('',#1504,#1506,#720,.T.);
#1897=EDGE_CURVE('',#1507,#1508,#130,.T.);
#1898=EDGE_CURVE('',#1509,#1507,#721,.T.);
#1899=EDGE_CURVE('',#1510,#1509,#131,.T.);
#1900=EDGE_CURVE('',#1510,#1508,#722,.T.);
#1901=EDGE_CURVE('',#1508,#1511,#723,.T.);
#1902=EDGE_CURVE('',#1512,#1510,#724,.T.);
#1903=EDGE_CURVE('',#1512,#1511,#725,.T.);
#1904=EDGE_CURVE('',#1511,#1513,#132,.T.);
#1905=EDGE_CURVE('',#1514,#1512,#133,.T.);
#1906=EDGE_CURVE('',#1514,#1513,#726,.T.);
#1907=EDGE_CURVE('',#1513,#1515,#727,.T.);
#1908=EDGE_CURVE('',#1516,#1514,#728,.T.);
#1909=EDGE_CURVE('',#1515,#1516,#729,.T.);
#1910=EDGE_CURVE('',#1517,#1507,#730,.T.);
#1911=EDGE_CURVE('',#1518,#1517,#731,.T.);
#1912=EDGE_CURVE('',#1509,#1518,#732,.T.);
#1913=EDGE_CURVE('',#1516,#1518,#733,.T.);
#1914=EDGE_CURVE('',#1519,#1520,#134,.T.);
#1915=EDGE_CURVE('',#1521,#1519,#734,.T.);
#1916=EDGE_CURVE('',#1522,#1521,#135,.T.);
#1917=EDGE_CURVE('',#1522,#1520,#735,.T.);
#1918=EDGE_CURVE('',#1520,#1523,#736,.T.);
#1919=EDGE_CURVE('',#1522,#1524,#737,.T.);
#1920=EDGE_CURVE('',#1524,#1523,#738,.T.);
#1921=EDGE_CURVE('',#1523,#1525,#136,.T.);
#1922=EDGE_CURVE('',#1526,#1524,#137,.T.);
#1923=EDGE_CURVE('',#1526,#1525,#739,.T.);
#1924=EDGE_CURVE('',#1525,#1527,#740,.T.);
#1925=EDGE_CURVE('',#1526,#1528,#741,.T.);
#1926=EDGE_CURVE('',#1527,#1528,#742,.T.);
#1927=EDGE_CURVE('',#1529,#1519,#743,.T.);
#1928=EDGE_CURVE('',#1530,#1529,#744,.T.);
#1929=EDGE_CURVE('',#1530,#1521,#745,.T.);
#1930=EDGE_CURVE('',#1528,#1530,#746,.T.);
#1931=EDGE_CURVE('',#1531,#1532,#138,.T.);
#1932=EDGE_CURVE('',#1533,#1531,#747,.T.);
#1933=EDGE_CURVE('',#1534,#1533,#139,.T.);
#1934=EDGE_CURVE('',#1534,#1532,#748,.T.);
#1935=EDGE_CURVE('',#1532,#1535,#749,.T.);
#1936=EDGE_CURVE('',#1536,#1534,#750,.T.);
#1937=EDGE_CURVE('',#1536,#1535,#751,.T.);
#1938=EDGE_CURVE('',#1535,#1537,#140,.T.);
#1939=EDGE_CURVE('',#1538,#1536,#141,.T.);
#1940=EDGE_CURVE('',#1538,#1537,#752,.T.);
#1941=EDGE_CURVE('',#1537,#1539,#753,.T.);
#1942=EDGE_CURVE('',#1540,#1538,#754,.T.);
#1943=EDGE_CURVE('',#1539,#1540,#755,.T.);
#1944=EDGE_CURVE('',#1541,#1531,#756,.T.);
#1945=EDGE_CURVE('',#1542,#1541,#757,.T.);
#1946=EDGE_CURVE('',#1533,#1542,#758,.T.);
#1947=EDGE_CURVE('',#1540,#1542,#759,.T.);
#1948=EDGE_CURVE('',#1543,#1544,#142,.T.);
#1949=EDGE_CURVE('',#1545,#1543,#760,.T.);
#1950=EDGE_CURVE('',#1546,#1545,#143,.T.);
#1951=EDGE_CURVE('',#1546,#1544,#761,.T.);
#1952=EDGE_CURVE('',#1544,#1547,#762,.T.);
#1953=EDGE_CURVE('',#1546,#1548,#763,.T.);
#1954=EDGE_CURVE('',#1548,#1547,#764,.T.);
#1955=EDGE_CURVE('',#1547,#1549,#144,.T.);
#1956=EDGE_CURVE('',#1550,#1548,#145,.T.);
#1957=EDGE_CURVE('',#1550,#1549,#765,.T.);
#1958=EDGE_CURVE('',#1549,#1551,#766,.T.);
#1959=EDGE_CURVE('',#1550,#1552,#767,.T.);
#1960=EDGE_CURVE('',#1551,#1552,#768,.T.);
#1961=EDGE_CURVE('',#1553,#1543,#769,.T.);
#1962=EDGE_CURVE('',#1554,#1553,#770,.T.);
#1963=EDGE_CURVE('',#1554,#1545,#771,.T.);
#1964=EDGE_CURVE('',#1552,#1554,#772,.T.);
#1965=EDGE_CURVE('',#1555,#1556,#146,.T.);
#1966=EDGE_CURVE('',#1557,#1555,#773,.T.);
#1967=EDGE_CURVE('',#1558,#1557,#147,.T.);
#1968=EDGE_CURVE('',#1558,#1556,#774,.T.);
#1969=EDGE_CURVE('',#1556,#1559,#775,.T.);
#1970=EDGE_CURVE('',#1560,#1558,#776,.T.);
#1971=EDGE_CURVE('',#1560,#1559,#777,.T.);
#1972=EDGE_CURVE('',#1559,#1561,#148,.T.);
#1973=EDGE_CURVE('',#1562,#1560,#149,.T.);
#1974=EDGE_CURVE('',#1562,#1561,#778,.T.);
#1975=EDGE_CURVE('',#1561,#1563,#779,.T.);
#1976=EDGE_CURVE('',#1564,#1562,#780,.T.);
#1977=EDGE_CURVE('',#1563,#1564,#781,.T.);
#1978=EDGE_CURVE('',#1565,#1555,#782,.T.);
#1979=EDGE_CURVE('',#1566,#1565,#783,.T.);
#1980=EDGE_CURVE('',#1557,#1566,#784,.T.);
#1981=EDGE_CURVE('',#1564,#1566,#785,.T.);
#1982=EDGE_CURVE('',#1567,#1568,#150,.T.);
#1983=EDGE_CURVE('',#1569,#1567,#786,.T.);
#1984=EDGE_CURVE('',#1570,#1569,#151,.T.);
#1985=EDGE_CURVE('',#1570,#1568,#787,.T.);
#1986=EDGE_CURVE('',#1568,#1571,#788,.T.);
#1987=EDGE_CURVE('',#1570,#1572,#789,.T.);
#1988=EDGE_CURVE('',#1572,#1571,#790,.T.);
#1989=EDGE_CURVE('',#1571,#1573,#152,.T.);
#1990=EDGE_CURVE('',#1574,#1572,#153,.T.);
#1991=EDGE_CURVE('',#1574,#1573,#791,.T.);
#1992=EDGE_CURVE('',#1573,#1575,#792,.T.);
#1993=EDGE_CURVE('',#1574,#1576,#793,.T.);
#1994=EDGE_CURVE('',#1575,#1576,#794,.T.);
#1995=EDGE_CURVE('',#1577,#1567,#795,.T.);
#1996=EDGE_CURVE('',#1578,#1577,#796,.T.);
#1997=EDGE_CURVE('',#1578,#1569,#797,.T.);
#1998=EDGE_CURVE('',#1576,#1578,#798,.T.);
#1999=EDGE_CURVE('',#1493,#1579,#799,.T.);
#2000=EDGE_CURVE('',#1580,#1579,#800,.T.);
#2001=EDGE_CURVE('',#1580,#1581,#801,.T.);
#2002=EDGE_CURVE('',#1581,#1582,#802,.T.);
#2003=EDGE_CURVE('',#1582,#1583,#803,.T.);
#2004=EDGE_CURVE('',#1583,#1584,#804,.T.);
#2005=EDGE_CURVE('',#1584,#1585,#805,.T.);
#2006=EDGE_CURVE('',#1585,#1586,#806,.T.);
#2007=EDGE_CURVE('',#1586,#1563,#807,.T.);
#2008=EDGE_CURVE('',#1565,#1539,#808,.T.);
#2009=EDGE_CURVE('',#1541,#1515,#809,.T.);
#2010=EDGE_CURVE('',#1517,#1491,#810,.T.);
#2011=EDGE_CURVE('',#1505,#1527,#811,.T.);
#2012=EDGE_CURVE('',#1529,#1551,#812,.T.);
#2013=EDGE_CURVE('',#1553,#1575,#813,.T.);
#2014=EDGE_CURVE('',#1577,#1587,#814,.T.);
#2015=EDGE_CURVE('',#1587,#1588,#815,.T.);
#2016=EDGE_CURVE('',#1588,#1589,#816,.T.);
#2017=EDGE_CURVE('',#1589,#1590,#817,.T.);
#2018=EDGE_CURVE('',#1590,#1591,#818,.T.);
#2019=EDGE_CURVE('',#1592,#1591,#819,.T.);
#2020=EDGE_CURVE('',#1592,#1593,#820,.T.);
#2021=EDGE_CURVE('',#1593,#1594,#821,.T.);
#2022=EDGE_CURVE('',#1594,#1503,#822,.T.);
#2023=EDGE_CURVE('',#1595,#1596,#154,.T.);
#2024=EDGE_CURVE('',#1597,#1595,#823,.T.);
#2025=EDGE_CURVE('',#1598,#1597,#155,.T.);
#2026=EDGE_CURVE('',#1598,#1596,#824,.T.);
#2027=EDGE_CURVE('',#1596,#1599,#825,.T.);
#2028=EDGE_CURVE('',#1598,#1600,#826,.T.);
#2029=EDGE_CURVE('',#1600,#1599,#827,.T.);
#2030=EDGE_CURVE('',#1599,#1601,#156,.T.);
#2031=EDGE_CURVE('',#1602,#1600,#157,.T.);
#2032=EDGE_CURVE('',#1602,#1601,#828,.T.);
#2033=EDGE_CURVE('',#1601,#1587,#829,.T.);
#2034=EDGE_CURVE('',#1602,#1588,#830,.T.);
#2035=EDGE_CURVE('',#1590,#1595,#831,.T.);
#2036=EDGE_CURVE('',#1589,#1597,#832,.T.);
#2037=EDGE_CURVE('',#1603,#1604,#158,.T.);
#2038=EDGE_CURVE('',#1605,#1603,#833,.T.);
#2039=EDGE_CURVE('',#1606,#1605,#159,.T.);
#2040=EDGE_CURVE('',#1606,#1604,#834,.T.);
#2041=EDGE_CURVE('',#1604,#1607,#835,.T.);
#2042=EDGE_CURVE('',#1608,#1606,#836,.T.);
#2043=EDGE_CURVE('',#1608,#1607,#837,.T.);
#2044=EDGE_CURVE('',#1607,#1609,#160,.T.);
#2045=EDGE_CURVE('',#1610,#1608,#161,.T.);
#2046=EDGE_CURVE('',#1610,#1609,#838,.T.);
#2047=EDGE_CURVE('',#1609,#1583,#839,.T.);
#2048=EDGE_CURVE('',#1584,#1610,#840,.T.);
#2049=EDGE_CURVE('',#1586,#1603,#841,.T.);
#2050=EDGE_CURVE('',#1605,#1585,#842,.T.);
#2051=EDGE_CURVE('',#1611,#1612,#162,.T.);
#2052=EDGE_CURVE('',#1613,#1611,#843,.T.);
#2053=EDGE_CURVE('',#1614,#1613,#163,.T.);
#2054=EDGE_CURVE('',#1614,#1612,#844,.T.);
#2055=EDGE_CURVE('',#1612,#1615,#845,.T.);
#2056=EDGE_CURVE('',#1614,#1616,#846,.T.);
#2057=EDGE_CURVE('',#1616,#1615,#847,.T.);
#2058=EDGE_CURVE('',#1615,#1617,#164,.T.);
#2059=EDGE_CURVE('',#1618,#1616,#165,.T.);
#2060=EDGE_CURVE('',#1618,#1617,#848,.T.);
#2061=EDGE_CURVE('',#1617,#1619,#849,.T.);
#2062=EDGE_CURVE('',#1618,#1620,#850,.T.);
#2063=EDGE_CURVE('',#1619,#1620,#851,.T.);
#2064=EDGE_CURVE('',#1621,#1611,#852,.T.);
#2065=EDGE_CURVE('',#1622,#1621,#853,.T.);
#2066=EDGE_CURVE('',#1622,#1613,#854,.T.);
#2067=EDGE_CURVE('',#1620,#1622,#855,.T.);
#2068=EDGE_CURVE('',#1623,#1624,#856,.T.);
#2069=EDGE_CURVE('',#1625,#1623,#857,.T.);
#2070=EDGE_CURVE('',#1626,#1625,#858,.T.);
#2071=EDGE_CURVE('',#1624,#1626,#859,.T.);
#2072=EDGE_CURVE('',#1627,#1628,#860,.T.);
#2073=EDGE_CURVE('',#1629,#1627,#861,.T.);
#2074=EDGE_CURVE('',#1630,#1629,#862,.T.);
#2075=EDGE_CURVE('',#1630,#1628,#863,.T.);
#2076=EDGE_CURVE('',#1628,#1631,#166,.T.);
#2077=EDGE_CURVE('',#1632,#1630,#167,.T.);
#2078=EDGE_CURVE('',#1632,#1631,#864,.T.);
#2079=EDGE_CURVE('',#1631,#1633,#865,.T.);
#2080=EDGE_CURVE('',#1634,#1632,#866,.T.);
#2081=EDGE_CURVE('',#1634,#1633,#867,.T.);
#2082=EDGE_CURVE('',#1633,#1623,#168,.T.);
#2083=EDGE_CURVE('',#1625,#1634,#169,.T.);
#2084=EDGE_CURVE('',#1626,#1629,#868,.T.);
#2085=EDGE_CURVE('',#1635,#1636,#170,.T.);
#2086=EDGE_CURVE('',#1637,#1635,#869,.T.);
#2087=EDGE_CURVE('',#1638,#1637,#171,.T.);
#2088=EDGE_CURVE('',#1638,#1636,#870,.T.);
#2089=EDGE_CURVE('',#1636,#1639,#871,.T.);
#2090=EDGE_CURVE('',#1638,#1640,#872,.T.);
#2091=EDGE_CURVE('',#1640,#1639,#873,.T.);
#2092=EDGE_CURVE('',#1639,#1641,#172,.T.);
#2093=EDGE_CURVE('',#1642,#1640,#173,.T.);
#2094=EDGE_CURVE('',#1642,#1641,#874,.T.);
#2095=EDGE_CURVE('',#1641,#1643,#875,.T.);
#2096=EDGE_CURVE('',#1642,#1644,#876,.T.);
#2097=EDGE_CURVE('',#1643,#1644,#877,.T.);
#2098=EDGE_CURVE('',#1645,#1635,#878,.T.);
#2099=EDGE_CURVE('',#1646,#1645,#879,.T.);
#2100=EDGE_CURVE('',#1646,#1637,#880,.T.);
#2101=EDGE_CURVE('',#1644,#1646,#881,.T.);
#2102=EDGE_CURVE('',#1647,#1648,#882,.T.);
#2103=EDGE_CURVE('',#1649,#1647,#883,.T.);
#2104=EDGE_CURVE('',#1650,#1649,#884,.T.);
#2105=EDGE_CURVE('',#1648,#1650,#885,.T.);
#2106=EDGE_CURVE('',#1651,#1652,#886,.T.);
#2107=EDGE_CURVE('',#1653,#1651,#887,.T.);
#2108=EDGE_CURVE('',#1654,#1653,#888,.T.);
#2109=EDGE_CURVE('',#1654,#1652,#889,.T.);
#2110=EDGE_CURVE('',#1652,#1655,#174,.T.);
#2111=EDGE_CURVE('',#1656,#1654,#175,.T.);
#2112=EDGE_CURVE('',#1656,#1655,#890,.T.);
#2113=EDGE_CURVE('',#1655,#1657,#891,.T.);
#2114=EDGE_CURVE('',#1658,#1656,#892,.T.);
#2115=EDGE_CURVE('',#1658,#1657,#893,.T.);
#2116=EDGE_CURVE('',#1657,#1647,#176,.T.);
#2117=EDGE_CURVE('',#1649,#1658,#177,.T.);
#2118=EDGE_CURVE('',#1650,#1653,#894,.T.);
#2119=EDGE_CURVE('',#1659,#1660,#178,.T.);
#2120=EDGE_CURVE('',#1661,#1659,#895,.T.);
#2121=EDGE_CURVE('',#1662,#1661,#179,.T.);
#2122=EDGE_CURVE('',#1662,#1660,#896,.T.);
#2123=EDGE_CURVE('',#1660,#1663,#897,.T.);
#2124=EDGE_CURVE('',#1662,#1664,#898,.T.);
#2125=EDGE_CURVE('',#1664,#1663,#899,.T.);
#2126=EDGE_CURVE('',#1663,#1665,#180,.T.);
#2127=EDGE_CURVE('',#1666,#1664,#181,.T.);
#2128=EDGE_CURVE('',#1666,#1665,#900,.T.);
#2129=EDGE_CURVE('',#1665,#1667,#901,.T.);
#2130=EDGE_CURVE('',#1666,#1668,#902,.T.);
#2131=EDGE_CURVE('',#1667,#1668,#903,.T.);
#2132=EDGE_CURVE('',#1669,#1659,#904,.T.);
#2133=EDGE_CURVE('',#1670,#1669,#905,.T.);
#2134=EDGE_CURVE('',#1670,#1661,#906,.T.);
#2135=EDGE_CURVE('',#1668,#1670,#907,.T.);
#2136=EDGE_CURVE('',#1671,#1672,#908,.T.);
#2137=EDGE_CURVE('',#1673,#1671,#909,.T.);
#2138=EDGE_CURVE('',#1674,#1673,#910,.T.);
#2139=EDGE_CURVE('',#1672,#1674,#911,.T.);
#2140=EDGE_CURVE('',#1675,#1676,#912,.T.);
#2141=EDGE_CURVE('',#1677,#1675,#913,.T.);
#2142=EDGE_CURVE('',#1678,#1677,#914,.T.);
#2143=EDGE_CURVE('',#1678,#1676,#915,.T.);
#2144=EDGE_CURVE('',#1676,#1679,#182,.T.);
#2145=EDGE_CURVE('',#1680,#1678,#183,.T.);
#2146=EDGE_CURVE('',#1680,#1679,#916,.T.);
#2147=EDGE_CURVE('',#1679,#1681,#917,.T.);
#2148=EDGE_CURVE('',#1682,#1680,#918,.T.);
#2149=EDGE_CURVE('',#1682,#1681,#919,.T.);
#2150=EDGE_CURVE('',#1681,#1671,#184,.T.);
#2151=EDGE_CURVE('',#1673,#1682,#185,.T.);
#2152=EDGE_CURVE('',#1674,#1677,#920,.T.);
#2153=EDGE_CURVE('',#1683,#1684,#186,.T.);
#2154=EDGE_CURVE('',#1685,#1683,#921,.T.);
#2155=EDGE_CURVE('',#1686,#1685,#187,.T.);
#2156=EDGE_CURVE('',#1686,#1684,#922,.T.);
#2157=EDGE_CURVE('',#1684,#1687,#923,.T.);
#2158=EDGE_CURVE('',#1686,#1688,#924,.T.);
#2159=EDGE_CURVE('',#1688,#1687,#925,.T.);
#2160=EDGE_CURVE('',#1687,#1689,#188,.T.);
#2161=EDGE_CURVE('',#1690,#1688,#189,.T.);
#2162=EDGE_CURVE('',#1690,#1689,#926,.T.);
#2163=EDGE_CURVE('',#1689,#1691,#927,.T.);
#2164=EDGE_CURVE('',#1690,#1692,#928,.T.);
#2165=EDGE_CURVE('',#1691,#1692,#929,.T.);
#2166=EDGE_CURVE('',#1693,#1683,#930,.T.);
#2167=EDGE_CURVE('',#1694,#1693,#931,.T.);
#2168=EDGE_CURVE('',#1694,#1685,#932,.T.);
#2169=EDGE_CURVE('',#1692,#1694,#933,.T.);
#2170=EDGE_CURVE('',#1695,#1696,#934,.T.);
#2171=EDGE_CURVE('',#1697,#1695,#935,.T.);
#2172=EDGE_CURVE('',#1698,#1697,#936,.T.);
#2173=EDGE_CURVE('',#1696,#1698,#937,.T.);
#2174=EDGE_CURVE('',#1699,#1700,#938,.T.);
#2175=EDGE_CURVE('',#1701,#1699,#939,.T.);
#2176=EDGE_CURVE('',#1702,#1701,#940,.T.);
#2177=EDGE_CURVE('',#1702,#1700,#941,.T.);
#2178=EDGE_CURVE('',#1700,#1703,#190,.T.);
#2179=EDGE_CURVE('',#1704,#1702,#191,.T.);
#2180=EDGE_CURVE('',#1704,#1703,#942,.T.);
#2181=EDGE_CURVE('',#1703,#1705,#943,.T.);
#2182=EDGE_CURVE('',#1706,#1704,#944,.T.);
#2183=EDGE_CURVE('',#1706,#1705,#945,.T.);
#2184=EDGE_CURVE('',#1705,#1695,#192,.T.);
#2185=EDGE_CURVE('',#1697,#1706,#193,.T.);
#2186=EDGE_CURVE('',#1698,#1701,#946,.T.);
#2187=EDGE_CURVE('',#1621,#1582,#947,.T.);
#2188=EDGE_CURVE('',#1581,#1592,#948,.T.);
#2189=EDGE_CURVE('',#1591,#1707,#949,.T.);
#2190=EDGE_CURVE('',#1707,#1708,#950,.T.);
#2191=EDGE_CURVE('',#1708,#1709,#951,.T.);
#2192=EDGE_CURVE('',#1709,#1710,#952,.T.);
#2193=EDGE_CURVE('',#1710,#1691,#953,.T.);
#2194=EDGE_CURVE('',#1693,#1667,#954,.T.);
#2195=EDGE_CURVE('',#1669,#1643,#955,.T.);
#2196=EDGE_CURVE('',#1645,#1619,#956,.T.);
#2197=EDGE_CURVE('',#1627,#1648,#957,.T.);
#2198=EDGE_CURVE('',#1651,#1672,#958,.T.);
#2199=EDGE_CURVE('',#1675,#1696,#959,.T.);
#2200=EDGE_CURVE('',#1699,#1711,#960,.T.);
#2201=EDGE_CURVE('',#1711,#1712,#961,.T.);
#2202=EDGE_CURVE('',#1712,#1713,#962,.T.);
#2203=EDGE_CURVE('',#1713,#1714,#963,.T.);
#2204=EDGE_CURVE('',#1714,#1594,#964,.T.);
#2205=EDGE_CURVE('',#1593,#1580,#965,.T.);
#2206=EDGE_CURVE('',#1579,#1624,#966,.T.);
#2207=EDGE_CURVE('',#1715,#1711,#967,.T.);
#2208=EDGE_CURVE('',#1716,#1715,#968,.T.);
#2209=EDGE_CURVE('',#1712,#1716,#969,.T.);
#2210=EDGE_CURVE('',#1714,#1717,#970,.T.);
#2211=EDGE_CURVE('',#1718,#1713,#971,.T.);
#2212=EDGE_CURVE('',#1718,#1717,#972,.T.);
#2213=EDGE_CURVE('',#1717,#1719,#194,.T.);
#2214=EDGE_CURVE('',#1720,#1718,#195,.T.);
#2215=EDGE_CURVE('',#1720,#1719,#973,.T.);
#2216=EDGE_CURVE('',#1719,#1721,#974,.T.);
#2217=EDGE_CURVE('',#1722,#1720,#975,.T.);
#2218=EDGE_CURVE('',#1722,#1721,#976,.T.);
#2219=EDGE_CURVE('',#1721,#1715,#196,.T.);
#2220=EDGE_CURVE('',#1716,#1722,#197,.T.);
#2221=EDGE_CURVE('',#1723,#1724,#198,.T.);
#2222=EDGE_CURVE('',#1725,#1723,#977,.T.);
#2223=EDGE_CURVE('',#1726,#1725,#199,.T.);
#2224=EDGE_CURVE('',#1726,#1724,#978,.T.);
#2225=EDGE_CURVE('',#1724,#1727,#979,.T.);
#2226=EDGE_CURVE('',#1726,#1728,#980,.T.);
#2227=EDGE_CURVE('',#1728,#1727,#981,.T.);
#2228=EDGE_CURVE('',#1727,#1729,#200,.T.);
#2229=EDGE_CURVE('',#1730,#1728,#201,.T.);
#2230=EDGE_CURVE('',#1730,#1729,#982,.T.);
#2231=EDGE_CURVE('',#1729,#1707,#983,.T.);
#2232=EDGE_CURVE('',#1730,#1708,#984,.T.);
#2233=EDGE_CURVE('',#1710,#1723,#985,.T.);
#2234=EDGE_CURVE('',#1709,#1725,#986,.T.);
#2235=EDGE_CURVE('',#1731,#1732,#202,.T.);
#2236=EDGE_CURVE('',#1732,#1733,#987,.T.);
#2237=EDGE_CURVE('',#1733,#1734,#203,.T.);
#2238=EDGE_CURVE('',#1731,#1734,#988,.T.);
#2239=EDGE_CURVE('',#1732,#1735,#989,.T.);
#2240=EDGE_CURVE('',#1735,#1736,#990,.T.);
#2241=EDGE_CURVE('',#1736,#1733,#991,.T.);
#2242=EDGE_CURVE('',#1735,#1737,#204,.T.);
#2243=EDGE_CURVE('',#1737,#1738,#992,.T.);
#2244=EDGE_CURVE('',#1738,#1736,#205,.T.);
#2245=EDGE_CURVE('',#1737,#1739,#993,.T.);
#2246=EDGE_CURVE('',#1739,#1740,#994,.T.);
#2247=EDGE_CURVE('',#1740,#1738,#995,.T.);
#2248=EDGE_CURVE('',#1739,#1741,#206,.T.);
#2249=EDGE_CURVE('',#1741,#1742,#996,.T.);
#2250=EDGE_CURVE('',#1742,#1740,#207,.T.);
#2251=EDGE_CURVE('',#1741,#1743,#997,.T.);
#2252=EDGE_CURVE('',#1743,#1744,#998,.T.);
#2253=EDGE_CURVE('',#1744,#1742,#999,.T.);
#2254=EDGE_CURVE('',#1743,#1745,#208,.T.);
#2255=EDGE_CURVE('',#1745,#1746,#1000,.T.);
#2256=EDGE_CURVE('',#1746,#1744,#209,.T.);
#2257=EDGE_CURVE('',#1745,#1731,#1001,.T.);
#2258=EDGE_CURVE('',#1734,#1746,#1002,.T.);
#2259=EDGE_CURVE('',#1747,#1748,#1003,.T.);
#2260=EDGE_CURVE('',#1747,#1739,#1004,.T.);
#2261=EDGE_CURVE('',#1748,#1737,#1005,.T.);
#2262=EDGE_CURVE('',#1748,#1749,#210,.T.);
#2263=EDGE_CURVE('',#1749,#1735,#1006,.T.);
#2264=EDGE_CURVE('',#1749,#1750,#1007,.T.);
#2265=EDGE_CURVE('',#1750,#1732,#1008,.T.);
#2266=EDGE_CURVE('',#1750,#1751,#211,.T.);
#2267=EDGE_CURVE('',#1731,#1751,#1009,.T.);
#2268=EDGE_CURVE('',#1751,#1752,#1010,.T.);
#2269=EDGE_CURVE('',#1752,#1745,#1011,.T.);
#2270=EDGE_CURVE('',#1752,#1753,#212,.T.);
#2271=EDGE_CURVE('',#1753,#1743,#1012,.T.);
#2272=EDGE_CURVE('',#1753,#1754,#1013,.T.);
#2273=EDGE_CURVE('',#1754,#1741,#1014,.T.);
#2274=EDGE_CURVE('',#1754,#1747,#213,.T.);
#2275=EDGE_CURVE('',#1755,#1756,#214,.T.);
#2276=EDGE_CURVE('',#1757,#1755,#1015,.T.);
#2277=EDGE_CURVE('',#1758,#1757,#215,.T.);
#2278=EDGE_CURVE('',#1759,#1758,#1016,.T.);
#2279=EDGE_CURVE('',#1760,#1759,#216,.T.);
#2280=EDGE_CURVE('',#1761,#1760,#1017,.T.);
#2281=EDGE_CURVE('',#1762,#1761,#217,.T.);
#2282=EDGE_CURVE('',#1756,#1762,#1018,.T.);
#2283=EDGE_CURVE('',#1763,#1758,#1019,.T.);
#2284=EDGE_CURVE('',#1764,#1763,#1020,.T.);
#2285=EDGE_CURVE('',#1759,#1764,#1021,.T.);
#2286=EDGE_CURVE('',#1757,#1765,#1022,.T.);
#2287=EDGE_CURVE('',#1765,#1763,#218,.T.);
#2288=EDGE_CURVE('',#1766,#1755,#1023,.T.);
#2289=EDGE_CURVE('',#1765,#1766,#1024,.T.);
#2290=EDGE_CURVE('',#1756,#1767,#1025,.T.);
#2291=EDGE_CURVE('',#1767,#1766,#219,.T.);
#2292=EDGE_CURVE('',#1767,#1768,#1026,.T.);
#2293=EDGE_CURVE('',#1769,#1768,#220,.T.);
#2294=EDGE_CURVE('',#1769,#1770,#1027,.T.);
#2295=EDGE_CURVE('',#1764,#1770,#221,.T.);
#2296=EDGE_CURVE('',#1770,#1760,#1028,.T.);
#2297=EDGE_CURVE('',#1761,#1769,#1029,.T.);
#2298=EDGE_CURVE('',#1768,#1762,#1030,.T.);
#2299=ORIENTED_EDGE('',*,*,#1771,.T.);
#2300=ORIENTED_EDGE('',*,*,#1772,.T.);
#2301=ORIENTED_EDGE('',*,*,#1773,.T.);
#2302=ORIENTED_EDGE('',*,*,#1774,.T.);
#2303=ORIENTED_EDGE('',*,*,#1775,.T.);
#2304=ORIENTED_EDGE('',*,*,#1776,.T.);
#2305=ORIENTED_EDGE('',*,*,#1771,.F.);
#2306=ORIENTED_EDGE('',*,*,#1777,.T.);
#2307=ORIENTED_EDGE('',*,*,#1778,.T.);
#2308=ORIENTED_EDGE('',*,*,#1779,.T.);
#2309=ORIENTED_EDGE('',*,*,#1775,.F.);
#2310=ORIENTED_EDGE('',*,*,#1780,.T.);
#2311=ORIENTED_EDGE('',*,*,#1781,.T.);
#2312=ORIENTED_EDGE('',*,*,#1782,.T.);
#2313=ORIENTED_EDGE('',*,*,#1778,.F.);
#2314=ORIENTED_EDGE('',*,*,#1783,.T.);
#2315=ORIENTED_EDGE('',*,*,#1784,.T.);
#2316=ORIENTED_EDGE('',*,*,#1785,.T.);
#2317=ORIENTED_EDGE('',*,*,#1781,.F.);
#2318=ORIENTED_EDGE('',*,*,#1786,.T.);
#2319=ORIENTED_EDGE('',*,*,#1787,.T.);
#2320=ORIENTED_EDGE('',*,*,#1788,.T.);
#2321=ORIENTED_EDGE('',*,*,#1784,.F.);
#2322=ORIENTED_EDGE('',*,*,#1789,.T.);
#2323=ORIENTED_EDGE('',*,*,#1790,.T.);
#2324=ORIENTED_EDGE('',*,*,#1791,.T.);
#2325=ORIENTED_EDGE('',*,*,#1787,.F.);
#2326=ORIENTED_EDGE('',*,*,#1792,.T.);
#2327=ORIENTED_EDGE('',*,*,#1773,.F.);
#2328=ORIENTED_EDGE('',*,*,#1793,.T.);
#2329=ORIENTED_EDGE('',*,*,#1790,.F.);
#2330=ORIENTED_EDGE('',*,*,#1794,.T.);
#2331=ORIENTED_EDGE('',*,*,#1783,.F.);
#2332=ORIENTED_EDGE('',*,*,#1795,.F.);
#2333=ORIENTED_EDGE('',*,*,#1796,.F.);
#2334=ORIENTED_EDGE('',*,*,#1797,.T.);
#2335=ORIENTED_EDGE('',*,*,#1780,.F.);
#2336=ORIENTED_EDGE('',*,*,#1798,.F.);
#2337=ORIENTED_EDGE('',*,*,#1799,.F.);
#2338=ORIENTED_EDGE('',*,*,#1795,.T.);
#2339=ORIENTED_EDGE('',*,*,#1777,.F.);
#2340=ORIENTED_EDGE('',*,*,#1800,.F.);
#2341=ORIENTED_EDGE('',*,*,#1801,.F.);
#2342=ORIENTED_EDGE('',*,*,#1798,.T.);
#2343=ORIENTED_EDGE('',*,*,#1774,.F.);
#2344=ORIENTED_EDGE('',*,*,#1802,.F.);
#2345=ORIENTED_EDGE('',*,*,#1803,.F.);
#2346=ORIENTED_EDGE('',*,*,#1800,.T.);
#2347=ORIENTED_EDGE('',*,*,#1772,.F.);
#2348=ORIENTED_EDGE('',*,*,#1776,.F.);
#2349=ORIENTED_EDGE('',*,*,#1779,.F.);
#2350=ORIENTED_EDGE('',*,*,#1782,.F.);
#2351=ORIENTED_EDGE('',*,*,#1785,.F.);
#2352=ORIENTED_EDGE('',*,*,#1788,.F.);
#2353=ORIENTED_EDGE('',*,*,#1791,.F.);
#2354=ORIENTED_EDGE('',*,*,#1793,.F.);
#2355=ORIENTED_EDGE('',*,*,#1794,.F.);
#2356=ORIENTED_EDGE('',*,*,#1804,.F.);
#2357=ORIENTED_EDGE('',*,*,#1805,.F.);
#2358=ORIENTED_EDGE('',*,*,#1802,.T.);
#2359=ORIENTED_EDGE('',*,*,#1792,.F.);
#2360=ORIENTED_EDGE('',*,*,#1806,.F.);
#2361=ORIENTED_EDGE('',*,*,#1807,.F.);
#2362=ORIENTED_EDGE('',*,*,#1804,.T.);
#2363=ORIENTED_EDGE('',*,*,#1789,.F.);
#2364=ORIENTED_EDGE('',*,*,#1808,.F.);
#2365=ORIENTED_EDGE('',*,*,#1809,.F.);
#2366=ORIENTED_EDGE('',*,*,#1806,.T.);
#2367=ORIENTED_EDGE('',*,*,#1786,.F.);
#2368=ORIENTED_EDGE('',*,*,#1797,.F.);
#2369=ORIENTED_EDGE('',*,*,#1810,.F.);
#2370=ORIENTED_EDGE('',*,*,#1808,.T.);
#2371=ORIENTED_EDGE('',*,*,#1811,.T.);
#2372=ORIENTED_EDGE('',*,*,#1803,.T.);
#2373=ORIENTED_EDGE('',*,*,#1812,.T.);
#2374=ORIENTED_EDGE('',*,*,#1813,.F.);
#2375=ORIENTED_EDGE('',*,*,#1814,.T.);
#2376=ORIENTED_EDGE('',*,*,#1801,.T.);
#2377=ORIENTED_EDGE('',*,*,#1811,.F.);
#2378=ORIENTED_EDGE('',*,*,#1815,.F.);
#2379=ORIENTED_EDGE('',*,*,#1816,.T.);
#2380=ORIENTED_EDGE('',*,*,#1799,.T.);
#2381=ORIENTED_EDGE('',*,*,#1814,.F.);
#2382=ORIENTED_EDGE('',*,*,#1817,.F.);
#2383=ORIENTED_EDGE('',*,*,#1818,.T.);
#2384=ORIENTED_EDGE('',*,*,#1796,.T.);
#2385=ORIENTED_EDGE('',*,*,#1816,.F.);
#2386=ORIENTED_EDGE('',*,*,#1819,.F.);
#2387=ORIENTED_EDGE('',*,*,#1820,.T.);
#2388=ORIENTED_EDGE('',*,*,#1810,.T.);
#2389=ORIENTED_EDGE('',*,*,#1818,.F.);
#2390=ORIENTED_EDGE('',*,*,#1821,.F.);
#2391=ORIENTED_EDGE('',*,*,#1822,.T.);
#2392=ORIENTED_EDGE('',*,*,#1809,.T.);
#2393=ORIENTED_EDGE('',*,*,#1820,.F.);
#2394=ORIENTED_EDGE('',*,*,#1823,.F.);
#2395=ORIENTED_EDGE('',*,*,#1824,.T.);
#2396=ORIENTED_EDGE('',*,*,#1807,.T.);
#2397=ORIENTED_EDGE('',*,*,#1822,.F.);
#2398=ORIENTED_EDGE('',*,*,#1825,.F.);
#2399=ORIENTED_EDGE('',*,*,#1812,.F.);
#2400=ORIENTED_EDGE('',*,*,#1805,.T.);
#2401=ORIENTED_EDGE('',*,*,#1824,.F.);
#2402=ORIENTED_EDGE('',*,*,#1826,.F.);
#2403=ORIENTED_EDGE('',*,*,#1815,.T.);
#2404=ORIENTED_EDGE('',*,*,#1813,.T.);
#2405=ORIENTED_EDGE('',*,*,#1826,.T.);
#2406=ORIENTED_EDGE('',*,*,#1825,.T.);
#2407=ORIENTED_EDGE('',*,*,#1823,.T.);
#2408=ORIENTED_EDGE('',*,*,#1821,.T.);
#2409=ORIENTED_EDGE('',*,*,#1819,.T.);
#2410=ORIENTED_EDGE('',*,*,#1817,.T.);
#2411=ORIENTED_EDGE('',*,*,#1827,.T.);
#2412=ORIENTED_EDGE('',*,*,#1828,.T.);
#2413=ORIENTED_EDGE('',*,*,#1829,.T.);
#2414=ORIENTED_EDGE('',*,*,#1830,.T.);
#2415=ORIENTED_EDGE('',*,*,#1830,.F.);
#2416=ORIENTED_EDGE('',*,*,#1831,.F.);
#2417=ORIENTED_EDGE('',*,*,#1832,.F.);
#2418=ORIENTED_EDGE('',*,*,#1833,.F.);
#2419=ORIENTED_EDGE('',*,*,#1829,.F.);
#2420=ORIENTED_EDGE('',*,*,#1834,.T.);
#2421=ORIENTED_EDGE('',*,*,#1835,.F.);
#2422=ORIENTED_EDGE('',*,*,#1836,.T.);
#2423=ORIENTED_EDGE('',*,*,#1837,.F.);
#2424=ORIENTED_EDGE('',*,*,#1838,.T.);
#2425=ORIENTED_EDGE('',*,*,#1839,.F.);
#2426=ORIENTED_EDGE('',*,*,#1831,.T.);
#2427=ORIENTED_EDGE('',*,*,#1840,.T.);
#2428=ORIENTED_EDGE('',*,*,#1832,.T.);
#2429=ORIENTED_EDGE('',*,*,#1839,.T.);
#2430=ORIENTED_EDGE('',*,*,#1841,.T.);
#2431=ORIENTED_EDGE('',*,*,#1841,.F.);
#2432=ORIENTED_EDGE('',*,*,#1838,.F.);
#2433=ORIENTED_EDGE('',*,*,#1842,.F.);
#2434=ORIENTED_EDGE('',*,*,#1843,.F.);
#2435=ORIENTED_EDGE('',*,*,#1844,.T.);
#2436=ORIENTED_EDGE('',*,*,#1842,.T.);
#2437=ORIENTED_EDGE('',*,*,#1837,.T.);
#2438=ORIENTED_EDGE('',*,*,#1845,.T.);
#2439=ORIENTED_EDGE('',*,*,#1845,.F.);
#2440=ORIENTED_EDGE('',*,*,#1836,.F.);
#2441=ORIENTED_EDGE('',*,*,#1846,.F.);
#2442=ORIENTED_EDGE('',*,*,#1847,.F.);
#2443=ORIENTED_EDGE('',*,*,#1848,.T.);
#2444=ORIENTED_EDGE('',*,*,#1846,.T.);
#2445=ORIENTED_EDGE('',*,*,#1835,.T.);
#2446=ORIENTED_EDGE('',*,*,#1849,.T.);
#2447=ORIENTED_EDGE('',*,*,#1828,.F.);
#2448=ORIENTED_EDGE('',*,*,#1850,.F.);
#2449=ORIENTED_EDGE('',*,*,#1849,.F.);
#2450=ORIENTED_EDGE('',*,*,#1834,.F.);
#2451=ORIENTED_EDGE('',*,*,#1827,.F.);
#2452=ORIENTED_EDGE('',*,*,#1833,.T.);
#2453=ORIENTED_EDGE('',*,*,#1840,.F.);
#2454=ORIENTED_EDGE('',*,*,#1843,.T.);
#2455=ORIENTED_EDGE('',*,*,#1844,.F.);
#2456=ORIENTED_EDGE('',*,*,#1847,.T.);
#2457=ORIENTED_EDGE('',*,*,#1848,.F.);
#2458=ORIENTED_EDGE('',*,*,#1850,.T.);
#2459=ORIENTED_EDGE('',*,*,#1851,.F.);
#2460=ORIENTED_EDGE('',*,*,#1852,.T.);
#2461=ORIENTED_EDGE('',*,*,#1853,.F.);
#2462=ORIENTED_EDGE('',*,*,#1852,.F.);
#2463=ORIENTED_EDGE('',*,*,#1853,.T.);
#2464=ORIENTED_EDGE('',*,*,#1851,.T.);
#2465=ORIENTED_EDGE('',*,*,#1854,.F.);
#2466=ORIENTED_EDGE('',*,*,#1855,.T.);
#2467=ORIENTED_EDGE('',*,*,#1856,.F.);
#2468=ORIENTED_EDGE('',*,*,#1855,.F.);
#2469=ORIENTED_EDGE('',*,*,#1856,.T.);
#2470=ORIENTED_EDGE('',*,*,#1854,.T.);
#2471=ORIENTED_EDGE('',*,*,#1857,.F.);
#2472=ORIENTED_EDGE('',*,*,#1858,.T.);
#2473=ORIENTED_EDGE('',*,*,#1859,.F.);
#2474=ORIENTED_EDGE('',*,*,#1858,.F.);
#2475=ORIENTED_EDGE('',*,*,#1859,.T.);
#2476=ORIENTED_EDGE('',*,*,#1857,.T.);
#2477=ORIENTED_EDGE('',*,*,#1860,.F.);
#2478=ORIENTED_EDGE('',*,*,#1861,.T.);
#2479=ORIENTED_EDGE('',*,*,#1862,.F.);
#2480=ORIENTED_EDGE('',*,*,#1861,.F.);
#2481=ORIENTED_EDGE('',*,*,#1862,.T.);
#2482=ORIENTED_EDGE('',*,*,#1860,.T.);
#2483=ORIENTED_EDGE('',*,*,#1863,.F.);
#2484=ORIENTED_EDGE('',*,*,#1864,.F.);
#2485=ORIENTED_EDGE('',*,*,#1865,.F.);
#2486=ORIENTED_EDGE('',*,*,#1866,.T.);
#2487=ORIENTED_EDGE('',*,*,#1867,.F.);
#2488=ORIENTED_EDGE('',*,*,#1866,.F.);
#2489=ORIENTED_EDGE('',*,*,#1868,.F.);
#2490=ORIENTED_EDGE('',*,*,#1869,.T.);
#2491=ORIENTED_EDGE('',*,*,#1870,.F.);
#2492=ORIENTED_EDGE('',*,*,#1869,.F.);
#2493=ORIENTED_EDGE('',*,*,#1871,.F.);
#2494=ORIENTED_EDGE('',*,*,#1872,.T.);
#2495=ORIENTED_EDGE('',*,*,#1873,.F.);
#2496=ORIENTED_EDGE('',*,*,#1872,.F.);
#2497=ORIENTED_EDGE('',*,*,#1874,.F.);
#2498=ORIENTED_EDGE('',*,*,#1875,.F.);
#2499=ORIENTED_EDGE('',*,*,#1876,.F.);
#2500=ORIENTED_EDGE('',*,*,#1877,.F.);
#2501=ORIENTED_EDGE('',*,*,#1878,.F.);
#2502=ORIENTED_EDGE('',*,*,#1864,.T.);
#2503=ORIENTED_EDGE('',*,*,#1871,.T.);
#2504=ORIENTED_EDGE('',*,*,#1868,.T.);
#2505=ORIENTED_EDGE('',*,*,#1865,.T.);
#2506=ORIENTED_EDGE('',*,*,#1878,.T.);
#2507=ORIENTED_EDGE('',*,*,#1879,.F.);
#2508=ORIENTED_EDGE('',*,*,#1874,.T.);
#2509=ORIENTED_EDGE('',*,*,#1880,.F.);
#2510=ORIENTED_EDGE('',*,*,#1881,.F.);
#2511=ORIENTED_EDGE('',*,*,#1882,.F.);
#2512=ORIENTED_EDGE('',*,*,#1883,.T.);
#2513=ORIENTED_EDGE('',*,*,#1884,.F.);
#2514=ORIENTED_EDGE('',*,*,#1883,.F.);
#2515=ORIENTED_EDGE('',*,*,#1885,.T.);
#2516=ORIENTED_EDGE('',*,*,#1886,.T.);
#2517=ORIENTED_EDGE('',*,*,#1887,.F.);
#2518=ORIENTED_EDGE('',*,*,#1886,.F.);
#2519=ORIENTED_EDGE('',*,*,#1888,.F.);
#2520=ORIENTED_EDGE('',*,*,#1889,.T.);
#2521=ORIENTED_EDGE('',*,*,#1890,.F.);
#2522=ORIENTED_EDGE('',*,*,#1889,.F.);
#2523=ORIENTED_EDGE('',*,*,#1891,.T.);
#2524=ORIENTED_EDGE('',*,*,#1892,.F.);
#2525=ORIENTED_EDGE('',*,*,#1893,.F.);
#2526=ORIENTED_EDGE('',*,*,#1894,.F.);
#2527=ORIENTED_EDGE('',*,*,#1895,.T.);
#2528=ORIENTED_EDGE('',*,*,#1881,.T.);
#2529=ORIENTED_EDGE('',*,*,#1888,.T.);
#2530=ORIENTED_EDGE('',*,*,#1885,.F.);
#2531=ORIENTED_EDGE('',*,*,#1882,.T.);
#2532=ORIENTED_EDGE('',*,*,#1895,.F.);
#2533=ORIENTED_EDGE('',*,*,#1896,.F.);
#2534=ORIENTED_EDGE('',*,*,#1891,.F.);
#2535=ORIENTED_EDGE('',*,*,#1897,.F.);
#2536=ORIENTED_EDGE('',*,*,#1898,.F.);
#2537=ORIENTED_EDGE('',*,*,#1899,.F.);
#2538=ORIENTED_EDGE('',*,*,#1900,.T.);
#2539=ORIENTED_EDGE('',*,*,#1901,.F.);
#2540=ORIENTED_EDGE('',*,*,#1900,.F.);
#2541=ORIENTED_EDGE('',*,*,#1902,.F.);
#2542=ORIENTED_EDGE('',*,*,#1903,.T.);
#2543=ORIENTED_EDGE('',*,*,#1904,.F.);
#2544=ORIENTED_EDGE('',*,*,#1903,.F.);
#2545=ORIENTED_EDGE('',*,*,#1905,.F.);
#2546=ORIENTED_EDGE('',*,*,#1906,.T.);
#2547=ORIENTED_EDGE('',*,*,#1907,.F.);
#2548=ORIENTED_EDGE('',*,*,#1906,.F.);
#2549=ORIENTED_EDGE('',*,*,#1908,.F.);
#2550=ORIENTED_EDGE('',*,*,#1909,.F.);
#2551=ORIENTED_EDGE('',*,*,#1910,.F.);
#2552=ORIENTED_EDGE('',*,*,#1911,.F.);
#2553=ORIENTED_EDGE('',*,*,#1912,.F.);
#2554=ORIENTED_EDGE('',*,*,#1898,.T.);
#2555=ORIENTED_EDGE('',*,*,#1905,.T.);
#2556=ORIENTED_EDGE('',*,*,#1902,.T.);
#2557=ORIENTED_EDGE('',*,*,#1899,.T.);
#2558=ORIENTED_EDGE('',*,*,#1912,.T.);
#2559=ORIENTED_EDGE('',*,*,#1913,.F.);
#2560=ORIENTED_EDGE('',*,*,#1908,.T.);
#2561=ORIENTED_EDGE('',*,*,#1914,.F.);
#2562=ORIENTED_EDGE('',*,*,#1915,.F.);
#2563=ORIENTED_EDGE('',*,*,#1916,.F.);
#2564=ORIENTED_EDGE('',*,*,#1917,.T.);
#2565=ORIENTED_EDGE('',*,*,#1918,.F.);
#2566=ORIENTED_EDGE('',*,*,#1917,.F.);
#2567=ORIENTED_EDGE('',*,*,#1919,.T.);
#2568=ORIENTED_EDGE('',*,*,#1920,.T.);
#2569=ORIENTED_EDGE('',*,*,#1921,.F.);
#2570=ORIENTED_EDGE('',*,*,#1920,.F.);
#2571=ORIENTED_EDGE('',*,*,#1922,.F.);
#2572=ORIENTED_EDGE('',*,*,#1923,.T.);
#2573=ORIENTED_EDGE('',*,*,#1924,.F.);
#2574=ORIENTED_EDGE('',*,*,#1923,.F.);
#2575=ORIENTED_EDGE('',*,*,#1925,.T.);
#2576=ORIENTED_EDGE('',*,*,#1926,.F.);
#2577=ORIENTED_EDGE('',*,*,#1927,.F.);
#2578=ORIENTED_EDGE('',*,*,#1928,.F.);
#2579=ORIENTED_EDGE('',*,*,#1929,.T.);
#2580=ORIENTED_EDGE('',*,*,#1915,.T.);
#2581=ORIENTED_EDGE('',*,*,#1922,.T.);
#2582=ORIENTED_EDGE('',*,*,#1919,.F.);
#2583=ORIENTED_EDGE('',*,*,#1916,.T.);
#2584=ORIENTED_EDGE('',*,*,#1929,.F.);
#2585=ORIENTED_EDGE('',*,*,#1930,.F.);
#2586=ORIENTED_EDGE('',*,*,#1925,.F.);
#2587=ORIENTED_EDGE('',*,*,#1931,.F.);
#2588=ORIENTED_EDGE('',*,*,#1932,.F.);
#2589=ORIENTED_EDGE('',*,*,#1933,.F.);
#2590=ORIENTED_EDGE('',*,*,#1934,.T.);
#2591=ORIENTED_EDGE('',*,*,#1935,.F.);
#2592=ORIENTED_EDGE('',*,*,#1934,.F.);
#2593=ORIENTED_EDGE('',*,*,#1936,.F.);
#2594=ORIENTED_EDGE('',*,*,#1937,.T.);
#2595=ORIENTED_EDGE('',*,*,#1938,.F.);
#2596=ORIENTED_EDGE('',*,*,#1937,.F.);
#2597=ORIENTED_EDGE('',*,*,#1939,.F.);
#2598=ORIENTED_EDGE('',*,*,#1940,.T.);
#2599=ORIENTED_EDGE('',*,*,#1941,.F.);
#2600=ORIENTED_EDGE('',*,*,#1940,.F.);
#2601=ORIENTED_EDGE('',*,*,#1942,.F.);
#2602=ORIENTED_EDGE('',*,*,#1943,.F.);
#2603=ORIENTED_EDGE('',*,*,#1944,.F.);
#2604=ORIENTED_EDGE('',*,*,#1945,.F.);
#2605=ORIENTED_EDGE('',*,*,#1946,.F.);
#2606=ORIENTED_EDGE('',*,*,#1932,.T.);
#2607=ORIENTED_EDGE('',*,*,#1939,.T.);
#2608=ORIENTED_EDGE('',*,*,#1936,.T.);
#2609=ORIENTED_EDGE('',*,*,#1933,.T.);
#2610=ORIENTED_EDGE('',*,*,#1946,.T.);
#2611=ORIENTED_EDGE('',*,*,#1947,.F.);
#2612=ORIENTED_EDGE('',*,*,#1942,.T.);
#2613=ORIENTED_EDGE('',*,*,#1948,.F.);
#2614=ORIENTED_EDGE('',*,*,#1949,.F.);
#2615=ORIENTED_EDGE('',*,*,#1950,.F.);
#2616=ORIENTED_EDGE('',*,*,#1951,.T.);
#2617=ORIENTED_EDGE('',*,*,#1952,.F.);
#2618=ORIENTED_EDGE('',*,*,#1951,.F.);
#2619=ORIENTED_EDGE('',*,*,#1953,.T.);
#2620=ORIENTED_EDGE('',*,*,#1954,.T.);
#2621=ORIENTED_EDGE('',*,*,#1955,.F.);
#2622=ORIENTED_EDGE('',*,*,#1954,.F.);
#2623=ORIENTED_EDGE('',*,*,#1956,.F.);
#2624=ORIENTED_EDGE('',*,*,#1957,.T.);
#2625=ORIENTED_EDGE('',*,*,#1958,.F.);
#2626=ORIENTED_EDGE('',*,*,#1957,.F.);
#2627=ORIENTED_EDGE('',*,*,#1959,.T.);
#2628=ORIENTED_EDGE('',*,*,#1960,.F.);
#2629=ORIENTED_EDGE('',*,*,#1961,.F.);
#2630=ORIENTED_EDGE('',*,*,#1962,.F.);
#2631=ORIENTED_EDGE('',*,*,#1963,.T.);
#2632=ORIENTED_EDGE('',*,*,#1949,.T.);
#2633=ORIENTED_EDGE('',*,*,#1956,.T.);
#2634=ORIENTED_EDGE('',*,*,#1953,.F.);
#2635=ORIENTED_EDGE('',*,*,#1950,.T.);
#2636=ORIENTED_EDGE('',*,*,#1963,.F.);
#2637=ORIENTED_EDGE('',*,*,#1964,.F.);
#2638=ORIENTED_EDGE('',*,*,#1959,.F.);
#2639=ORIENTED_EDGE('',*,*,#1965,.F.);
#2640=ORIENTED_EDGE('',*,*,#1966,.F.);
#2641=ORIENTED_EDGE('',*,*,#1967,.F.);
#2642=ORIENTED_EDGE('',*,*,#1968,.T.);
#2643=ORIENTED_EDGE('',*,*,#1969,.F.);
#2644=ORIENTED_EDGE('',*,*,#1968,.F.);
#2645=ORIENTED_EDGE('',*,*,#1970,.F.);
#2646=ORIENTED_EDGE('',*,*,#1971,.T.);
#2647=ORIENTED_EDGE('',*,*,#1972,.F.);
#2648=ORIENTED_EDGE('',*,*,#1971,.F.);
#2649=ORIENTED_EDGE('',*,*,#1973,.F.);
#2650=ORIENTED_EDGE('',*,*,#1974,.T.);
#2651=ORIENTED_EDGE('',*,*,#1975,.F.);
#2652=ORIENTED_EDGE('',*,*,#1974,.F.);
#2653=ORIENTED_EDGE('',*,*,#1976,.F.);
#2654=ORIENTED_EDGE('',*,*,#1977,.F.);
#2655=ORIENTED_EDGE('',*,*,#1978,.F.);
#2656=ORIENTED_EDGE('',*,*,#1979,.F.);
#2657=ORIENTED_EDGE('',*,*,#1980,.F.);
#2658=ORIENTED_EDGE('',*,*,#1966,.T.);
#2659=ORIENTED_EDGE('',*,*,#1973,.T.);
#2660=ORIENTED_EDGE('',*,*,#1970,.T.);
#2661=ORIENTED_EDGE('',*,*,#1967,.T.);
#2662=ORIENTED_EDGE('',*,*,#1980,.T.);
#2663=ORIENTED_EDGE('',*,*,#1981,.F.);
#2664=ORIENTED_EDGE('',*,*,#1976,.T.);
#2665=ORIENTED_EDGE('',*,*,#1982,.F.);
#2666=ORIENTED_EDGE('',*,*,#1983,.F.);
#2667=ORIENTED_EDGE('',*,*,#1984,.F.);
#2668=ORIENTED_EDGE('',*,*,#1985,.T.);
#2669=ORIENTED_EDGE('',*,*,#1986,.F.);
#2670=ORIENTED_EDGE('',*,*,#1985,.F.);
#2671=ORIENTED_EDGE('',*,*,#1987,.T.);
#2672=ORIENTED_EDGE('',*,*,#1988,.T.);
#2673=ORIENTED_EDGE('',*,*,#1989,.F.);
#2674=ORIENTED_EDGE('',*,*,#1988,.F.);
#2675=ORIENTED_EDGE('',*,*,#1990,.F.);
#2676=ORIENTED_EDGE('',*,*,#1991,.T.);
#2677=ORIENTED_EDGE('',*,*,#1992,.F.);
#2678=ORIENTED_EDGE('',*,*,#1991,.F.);
#2679=ORIENTED_EDGE('',*,*,#1993,.T.);
#2680=ORIENTED_EDGE('',*,*,#1994,.F.);
#2681=ORIENTED_EDGE('',*,*,#1995,.F.);
#2682=ORIENTED_EDGE('',*,*,#1996,.F.);
#2683=ORIENTED_EDGE('',*,*,#1997,.T.);
#2684=ORIENTED_EDGE('',*,*,#1983,.T.);
#2685=ORIENTED_EDGE('',*,*,#1990,.T.);
#2686=ORIENTED_EDGE('',*,*,#1987,.F.);
#2687=ORIENTED_EDGE('',*,*,#1984,.T.);
#2688=ORIENTED_EDGE('',*,*,#1997,.F.);
#2689=ORIENTED_EDGE('',*,*,#1998,.F.);
#2690=ORIENTED_EDGE('',*,*,#1993,.F.);
#2691=ORIENTED_EDGE('',*,*,#1875,.T.);
#2692=ORIENTED_EDGE('',*,*,#1879,.T.);
#2693=ORIENTED_EDGE('',*,*,#1877,.T.);
#2694=ORIENTED_EDGE('',*,*,#1999,.T.);
#2695=ORIENTED_EDGE('',*,*,#2000,.F.);
#2696=ORIENTED_EDGE('',*,*,#2001,.T.);
#2697=ORIENTED_EDGE('',*,*,#2002,.T.);
#2698=ORIENTED_EDGE('',*,*,#2003,.T.);
#2699=ORIENTED_EDGE('',*,*,#2004,.T.);
#2700=ORIENTED_EDGE('',*,*,#2005,.T.);
#2701=ORIENTED_EDGE('',*,*,#2006,.T.);
#2702=ORIENTED_EDGE('',*,*,#2007,.T.);
#2703=ORIENTED_EDGE('',*,*,#1977,.T.);
#2704=ORIENTED_EDGE('',*,*,#1981,.T.);
#2705=ORIENTED_EDGE('',*,*,#1979,.T.);
#2706=ORIENTED_EDGE('',*,*,#2008,.T.);
#2707=ORIENTED_EDGE('',*,*,#1943,.T.);
#2708=ORIENTED_EDGE('',*,*,#1947,.T.);
#2709=ORIENTED_EDGE('',*,*,#1945,.T.);
#2710=ORIENTED_EDGE('',*,*,#2009,.T.);
#2711=ORIENTED_EDGE('',*,*,#1909,.T.);
#2712=ORIENTED_EDGE('',*,*,#1913,.T.);
#2713=ORIENTED_EDGE('',*,*,#1911,.T.);
#2714=ORIENTED_EDGE('',*,*,#2010,.T.);
#2715=ORIENTED_EDGE('',*,*,#1892,.T.);
#2716=ORIENTED_EDGE('',*,*,#1896,.T.);
#2717=ORIENTED_EDGE('',*,*,#1894,.T.);
#2718=ORIENTED_EDGE('',*,*,#2011,.T.);
#2719=ORIENTED_EDGE('',*,*,#1926,.T.);
#2720=ORIENTED_EDGE('',*,*,#1930,.T.);
#2721=ORIENTED_EDGE('',*,*,#1928,.T.);
#2722=ORIENTED_EDGE('',*,*,#2012,.T.);
#2723=ORIENTED_EDGE('',*,*,#1960,.T.);
#2724=ORIENTED_EDGE('',*,*,#1964,.T.);
#2725=ORIENTED_EDGE('',*,*,#1962,.T.);
#2726=ORIENTED_EDGE('',*,*,#2013,.T.);
#2727=ORIENTED_EDGE('',*,*,#1994,.T.);
#2728=ORIENTED_EDGE('',*,*,#1998,.T.);
#2729=ORIENTED_EDGE('',*,*,#1996,.T.);
#2730=ORIENTED_EDGE('',*,*,#2014,.T.);
#2731=ORIENTED_EDGE('',*,*,#2015,.T.);
#2732=ORIENTED_EDGE('',*,*,#2016,.T.);
#2733=ORIENTED_EDGE('',*,*,#2017,.T.);
#2734=ORIENTED_EDGE('',*,*,#2018,.T.);
#2735=ORIENTED_EDGE('',*,*,#2019,.F.);
#2736=ORIENTED_EDGE('',*,*,#2020,.T.);
#2737=ORIENTED_EDGE('',*,*,#2021,.T.);
#2738=ORIENTED_EDGE('',*,*,#2022,.T.);
#2739=ORIENTED_EDGE('',*,*,#2023,.F.);
#2740=ORIENTED_EDGE('',*,*,#2024,.F.);
#2741=ORIENTED_EDGE('',*,*,#2025,.F.);
#2742=ORIENTED_EDGE('',*,*,#2026,.T.);
#2743=ORIENTED_EDGE('',*,*,#2027,.F.);
#2744=ORIENTED_EDGE('',*,*,#2026,.F.);
#2745=ORIENTED_EDGE('',*,*,#2028,.T.);
#2746=ORIENTED_EDGE('',*,*,#2029,.T.);
#2747=ORIENTED_EDGE('',*,*,#2030,.F.);
#2748=ORIENTED_EDGE('',*,*,#2029,.F.);
#2749=ORIENTED_EDGE('',*,*,#2031,.F.);
#2750=ORIENTED_EDGE('',*,*,#2032,.T.);
#2751=ORIENTED_EDGE('',*,*,#2033,.F.);
#2752=ORIENTED_EDGE('',*,*,#2032,.F.);
#2753=ORIENTED_EDGE('',*,*,#2034,.T.);
#2754=ORIENTED_EDGE('',*,*,#2015,.F.);
#2755=ORIENTED_EDGE('',*,*,#2035,.F.);
#2756=ORIENTED_EDGE('',*,*,#2017,.F.);
#2757=ORIENTED_EDGE('',*,*,#2036,.T.);
#2758=ORIENTED_EDGE('',*,*,#2024,.T.);
#2759=ORIENTED_EDGE('',*,*,#2031,.T.);
#2760=ORIENTED_EDGE('',*,*,#2028,.F.);
#2761=ORIENTED_EDGE('',*,*,#2025,.T.);
#2762=ORIENTED_EDGE('',*,*,#2036,.F.);
#2763=ORIENTED_EDGE('',*,*,#2016,.F.);
#2764=ORIENTED_EDGE('',*,*,#2034,.F.);
#2765=ORIENTED_EDGE('',*,*,#2037,.F.);
#2766=ORIENTED_EDGE('',*,*,#2038,.F.);
#2767=ORIENTED_EDGE('',*,*,#2039,.F.);
#2768=ORIENTED_EDGE('',*,*,#2040,.T.);
#2769=ORIENTED_EDGE('',*,*,#2041,.F.);
#2770=ORIENTED_EDGE('',*,*,#2040,.F.);
#2771=ORIENTED_EDGE('',*,*,#2042,.F.);
#2772=ORIENTED_EDGE('',*,*,#2043,.T.);
#2773=ORIENTED_EDGE('',*,*,#2044,.F.);
#2774=ORIENTED_EDGE('',*,*,#2043,.F.);
#2775=ORIENTED_EDGE('',*,*,#2045,.F.);
#2776=ORIENTED_EDGE('',*,*,#2046,.T.);
#2777=ORIENTED_EDGE('',*,*,#2047,.F.);
#2778=ORIENTED_EDGE('',*,*,#2046,.F.);
#2779=ORIENTED_EDGE('',*,*,#2048,.F.);
#2780=ORIENTED_EDGE('',*,*,#2004,.F.);
#2781=ORIENTED_EDGE('',*,*,#2049,.F.);
#2782=ORIENTED_EDGE('',*,*,#2006,.F.);
#2783=ORIENTED_EDGE('',*,*,#2050,.F.);
#2784=ORIENTED_EDGE('',*,*,#2038,.T.);
#2785=ORIENTED_EDGE('',*,*,#2045,.T.);
#2786=ORIENTED_EDGE('',*,*,#2042,.T.);
#2787=ORIENTED_EDGE('',*,*,#2039,.T.);
#2788=ORIENTED_EDGE('',*,*,#2050,.T.);
#2789=ORIENTED_EDGE('',*,*,#2005,.F.);
#2790=ORIENTED_EDGE('',*,*,#2048,.T.);
#2791=ORIENTED_EDGE('',*,*,#2051,.F.);
#2792=ORIENTED_EDGE('',*,*,#2052,.F.);
#2793=ORIENTED_EDGE('',*,*,#2053,.F.);
#2794=ORIENTED_EDGE('',*,*,#2054,.T.);
#2795=ORIENTED_EDGE('',*,*,#2055,.F.);
#2796=ORIENTED_EDGE('',*,*,#2054,.F.);
#2797=ORIENTED_EDGE('',*,*,#2056,.T.);
#2798=ORIENTED_EDGE('',*,*,#2057,.T.);
#2799=ORIENTED_EDGE('',*,*,#2058,.F.);
#2800=ORIENTED_EDGE('',*,*,#2057,.F.);
#2801=ORIENTED_EDGE('',*,*,#2059,.F.);
#2802=ORIENTED_EDGE('',*,*,#2060,.T.);
#2803=ORIENTED_EDGE('',*,*,#2061,.F.);
#2804=ORIENTED_EDGE('',*,*,#2060,.F.);
#2805=ORIENTED_EDGE('',*,*,#2062,.T.);
#2806=ORIENTED_EDGE('',*,*,#2063,.F.);
#2807=ORIENTED_EDGE('',*,*,#2064,.F.);
#2808=ORIENTED_EDGE('',*,*,#2065,.F.);
#2809=ORIENTED_EDGE('',*,*,#2066,.T.);
#2810=ORIENTED_EDGE('',*,*,#2052,.T.);
#2811=ORIENTED_EDGE('',*,*,#2059,.T.);
#2812=ORIENTED_EDGE('',*,*,#2056,.F.);
#2813=ORIENTED_EDGE('',*,*,#2053,.T.);
#2814=ORIENTED_EDGE('',*,*,#2066,.F.);
#2815=ORIENTED_EDGE('',*,*,#2067,.F.);
#2816=ORIENTED_EDGE('',*,*,#2062,.F.);
#2817=ORIENTED_EDGE('',*,*,#2068,.F.);
#2818=ORIENTED_EDGE('',*,*,#2069,.F.);
#2819=ORIENTED_EDGE('',*,*,#2070,.F.);
#2820=ORIENTED_EDGE('',*,*,#2071,.F.);
#2821=ORIENTED_EDGE('',*,*,#2072,.F.);
#2822=ORIENTED_EDGE('',*,*,#2073,.F.);
#2823=ORIENTED_EDGE('',*,*,#2074,.F.);
#2824=ORIENTED_EDGE('',*,*,#2075,.T.);
#2825=ORIENTED_EDGE('',*,*,#2076,.F.);
#2826=ORIENTED_EDGE('',*,*,#2075,.F.);
#2827=ORIENTED_EDGE('',*,*,#2077,.F.);
#2828=ORIENTED_EDGE('',*,*,#2078,.T.);
#2829=ORIENTED_EDGE('',*,*,#2079,.F.);
#2830=ORIENTED_EDGE('',*,*,#2078,.F.);
#2831=ORIENTED_EDGE('',*,*,#2080,.F.);
#2832=ORIENTED_EDGE('',*,*,#2081,.T.);
#2833=ORIENTED_EDGE('',*,*,#2082,.F.);
#2834=ORIENTED_EDGE('',*,*,#2081,.F.);
#2835=ORIENTED_EDGE('',*,*,#2083,.F.);
#2836=ORIENTED_EDGE('',*,*,#2069,.T.);
#2837=ORIENTED_EDGE('',*,*,#2074,.T.);
#2838=ORIENTED_EDGE('',*,*,#2084,.F.);
#2839=ORIENTED_EDGE('',*,*,#2070,.T.);
#2840=ORIENTED_EDGE('',*,*,#2083,.T.);
#2841=ORIENTED_EDGE('',*,*,#2080,.T.);
#2842=ORIENTED_EDGE('',*,*,#2077,.T.);
#2843=ORIENTED_EDGE('',*,*,#2085,.F.);
#2844=ORIENTED_EDGE('',*,*,#2086,.F.);
#2845=ORIENTED_EDGE('',*,*,#2087,.F.);
#2846=ORIENTED_EDGE('',*,*,#2088,.T.);
#2847=ORIENTED_EDGE('',*,*,#2089,.F.);
#2848=ORIENTED_EDGE('',*,*,#2088,.F.);
#2849=ORIENTED_EDGE('',*,*,#2090,.T.);
#2850=ORIENTED_EDGE('',*,*,#2091,.T.);
#2851=ORIENTED_EDGE('',*,*,#2092,.F.);
#2852=ORIENTED_EDGE('',*,*,#2091,.F.);
#2853=ORIENTED_EDGE('',*,*,#2093,.F.);
#2854=ORIENTED_EDGE('',*,*,#2094,.T.);
#2855=ORIENTED_EDGE('',*,*,#2095,.F.);
#2856=ORIENTED_EDGE('',*,*,#2094,.F.);
#2857=ORIENTED_EDGE('',*,*,#2096,.T.);
#2858=ORIENTED_EDGE('',*,*,#2097,.F.);
#2859=ORIENTED_EDGE('',*,*,#2098,.F.);
#2860=ORIENTED_EDGE('',*,*,#2099,.F.);
#2861=ORIENTED_EDGE('',*,*,#2100,.T.);
#2862=ORIENTED_EDGE('',*,*,#2086,.T.);
#2863=ORIENTED_EDGE('',*,*,#2093,.T.);
#2864=ORIENTED_EDGE('',*,*,#2090,.F.);
#2865=ORIENTED_EDGE('',*,*,#2087,.T.);
#2866=ORIENTED_EDGE('',*,*,#2100,.F.);
#2867=ORIENTED_EDGE('',*,*,#2101,.F.);
#2868=ORIENTED_EDGE('',*,*,#2096,.F.);
#2869=ORIENTED_EDGE('',*,*,#2102,.F.);
#2870=ORIENTED_EDGE('',*,*,#2103,.F.);
#2871=ORIENTED_EDGE('',*,*,#2104,.F.);
#2872=ORIENTED_EDGE('',*,*,#2105,.F.);
#2873=ORIENTED_EDGE('',*,*,#2106,.F.);
#2874=ORIENTED_EDGE('',*,*,#2107,.F.);
#2875=ORIENTED_EDGE('',*,*,#2108,.F.);
#2876=ORIENTED_EDGE('',*,*,#2109,.T.);
#2877=ORIENTED_EDGE('',*,*,#2110,.F.);
#2878=ORIENTED_EDGE('',*,*,#2109,.F.);
#2879=ORIENTED_EDGE('',*,*,#2111,.F.);
#2880=ORIENTED_EDGE('',*,*,#2112,.T.);
#2881=ORIENTED_EDGE('',*,*,#2113,.F.);
#2882=ORIENTED_EDGE('',*,*,#2112,.F.);
#2883=ORIENTED_EDGE('',*,*,#2114,.F.);
#2884=ORIENTED_EDGE('',*,*,#2115,.T.);
#2885=ORIENTED_EDGE('',*,*,#2116,.F.);
#2886=ORIENTED_EDGE('',*,*,#2115,.F.);
#2887=ORIENTED_EDGE('',*,*,#2117,.F.);
#2888=ORIENTED_EDGE('',*,*,#2103,.T.);
#2889=ORIENTED_EDGE('',*,*,#2108,.T.);
#2890=ORIENTED_EDGE('',*,*,#2118,.F.);
#2891=ORIENTED_EDGE('',*,*,#2104,.T.);
#2892=ORIENTED_EDGE('',*,*,#2117,.T.);
#2893=ORIENTED_EDGE('',*,*,#2114,.T.);
#2894=ORIENTED_EDGE('',*,*,#2111,.T.);
#2895=ORIENTED_EDGE('',*,*,#2119,.F.);
#2896=ORIENTED_EDGE('',*,*,#2120,.F.);
#2897=ORIENTED_EDGE('',*,*,#2121,.F.);
#2898=ORIENTED_EDGE('',*,*,#2122,.T.);
#2899=ORIENTED_EDGE('',*,*,#2123,.F.);
#2900=ORIENTED_EDGE('',*,*,#2122,.F.);
#2901=ORIENTED_EDGE('',*,*,#2124,.T.);
#2902=ORIENTED_EDGE('',*,*,#2125,.T.);
#2903=ORIENTED_EDGE('',*,*,#2126,.F.);
#2904=ORIENTED_EDGE('',*,*,#2125,.F.);
#2905=ORIENTED_EDGE('',*,*,#2127,.F.);
#2906=ORIENTED_EDGE('',*,*,#2128,.T.);
#2907=ORIENTED_EDGE('',*,*,#2129,.F.);
#2908=ORIENTED_EDGE('',*,*,#2128,.F.);
#2909=ORIENTED_EDGE('',*,*,#2130,.T.);
#2910=ORIENTED_EDGE('',*,*,#2131,.F.);
#2911=ORIENTED_EDGE('',*,*,#2132,.F.);
#2912=ORIENTED_EDGE('',*,*,#2133,.F.);
#2913=ORIENTED_EDGE('',*,*,#2134,.T.);
#2914=ORIENTED_EDGE('',*,*,#2120,.T.);
#2915=ORIENTED_EDGE('',*,*,#2127,.T.);
#2916=ORIENTED_EDGE('',*,*,#2124,.F.);
#2917=ORIENTED_EDGE('',*,*,#2121,.T.);
#2918=ORIENTED_EDGE('',*,*,#2134,.F.);
#2919=ORIENTED_EDGE('',*,*,#2135,.F.);
#2920=ORIENTED_EDGE('',*,*,#2130,.F.);
#2921=ORIENTED_EDGE('',*,*,#2136,.F.);
#2922=ORIENTED_EDGE('',*,*,#2137,.F.);
#2923=ORIENTED_EDGE('',*,*,#2138,.F.);
#2924=ORIENTED_EDGE('',*,*,#2139,.F.);
#2925=ORIENTED_EDGE('',*,*,#2140,.F.);
#2926=ORIENTED_EDGE('',*,*,#2141,.F.);
#2927=ORIENTED_EDGE('',*,*,#2142,.F.);
#2928=ORIENTED_EDGE('',*,*,#2143,.T.);
#2929=ORIENTED_EDGE('',*,*,#2144,.F.);
#2930=ORIENTED_EDGE('',*,*,#2143,.F.);
#2931=ORIENTED_EDGE('',*,*,#2145,.F.);
#2932=ORIENTED_EDGE('',*,*,#2146,.T.);
#2933=ORIENTED_EDGE('',*,*,#2147,.F.);
#2934=ORIENTED_EDGE('',*,*,#2146,.F.);
#2935=ORIENTED_EDGE('',*,*,#2148,.F.);
#2936=ORIENTED_EDGE('',*,*,#2149,.T.);
#2937=ORIENTED_EDGE('',*,*,#2150,.F.);
#2938=ORIENTED_EDGE('',*,*,#2149,.F.);
#2939=ORIENTED_EDGE('',*,*,#2151,.F.);
#2940=ORIENTED_EDGE('',*,*,#2137,.T.);
#2941=ORIENTED_EDGE('',*,*,#2142,.T.);
#2942=ORIENTED_EDGE('',*,*,#2152,.F.);
#2943=ORIENTED_EDGE('',*,*,#2138,.T.);
#2944=ORIENTED_EDGE('',*,*,#2151,.T.);
#2945=ORIENTED_EDGE('',*,*,#2148,.T.);
#2946=ORIENTED_EDGE('',*,*,#2145,.T.);
#2947=ORIENTED_EDGE('',*,*,#2153,.F.);
#2948=ORIENTED_EDGE('',*,*,#2154,.F.);
#2949=ORIENTED_EDGE('',*,*,#2155,.F.);
#2950=ORIENTED_EDGE('',*,*,#2156,.T.);
#2951=ORIENTED_EDGE('',*,*,#2157,.F.);
#2952=ORIENTED_EDGE('',*,*,#2156,.F.);
#2953=ORIENTED_EDGE('',*,*,#2158,.T.);
#2954=ORIENTED_EDGE('',*,*,#2159,.T.);
#2955=ORIENTED_EDGE('',*,*,#2160,.F.);
#2956=ORIENTED_EDGE('',*,*,#2159,.F.);
#2957=ORIENTED_EDGE('',*,*,#2161,.F.);
#2958=ORIENTED_EDGE('',*,*,#2162,.T.);
#2959=ORIENTED_EDGE('',*,*,#2163,.F.);
#2960=ORIENTED_EDGE('',*,*,#2162,.F.);
#2961=ORIENTED_EDGE('',*,*,#2164,.T.);
#2962=ORIENTED_EDGE('',*,*,#2165,.F.);
#2963=ORIENTED_EDGE('',*,*,#2166,.F.);
#2964=ORIENTED_EDGE('',*,*,#2167,.F.);
#2965=ORIENTED_EDGE('',*,*,#2168,.T.);
#2966=ORIENTED_EDGE('',*,*,#2154,.T.);
#2967=ORIENTED_EDGE('',*,*,#2161,.T.);
#2968=ORIENTED_EDGE('',*,*,#2158,.F.);
#2969=ORIENTED_EDGE('',*,*,#2155,.T.);
#2970=ORIENTED_EDGE('',*,*,#2168,.F.);
#2971=ORIENTED_EDGE('',*,*,#2169,.F.);
#2972=ORIENTED_EDGE('',*,*,#2164,.F.);
#2973=ORIENTED_EDGE('',*,*,#2170,.F.);
#2974=ORIENTED_EDGE('',*,*,#2171,.F.);
#2975=ORIENTED_EDGE('',*,*,#2172,.F.);
#2976=ORIENTED_EDGE('',*,*,#2173,.F.);
#2977=ORIENTED_EDGE('',*,*,#2174,.F.);
#2978=ORIENTED_EDGE('',*,*,#2175,.F.);
#2979=ORIENTED_EDGE('',*,*,#2176,.F.);
#2980=ORIENTED_EDGE('',*,*,#2177,.T.);
#2981=ORIENTED_EDGE('',*,*,#2178,.F.);
#2982=ORIENTED_EDGE('',*,*,#2177,.F.);
#2983=ORIENTED_EDGE('',*,*,#2179,.F.);
#2984=ORIENTED_EDGE('',*,*,#2180,.T.);
#2985=ORIENTED_EDGE('',*,*,#2181,.F.);
#2986=ORIENTED_EDGE('',*,*,#2180,.F.);
#2987=ORIENTED_EDGE('',*,*,#2182,.F.);
#2988=ORIENTED_EDGE('',*,*,#2183,.T.);
#2989=ORIENTED_EDGE('',*,*,#2184,.F.);
#2990=ORIENTED_EDGE('',*,*,#2183,.F.);
#2991=ORIENTED_EDGE('',*,*,#2185,.F.);
#2992=ORIENTED_EDGE('',*,*,#2171,.T.);
#2993=ORIENTED_EDGE('',*,*,#2176,.T.);
#2994=ORIENTED_EDGE('',*,*,#2186,.F.);
#2995=ORIENTED_EDGE('',*,*,#2172,.T.);
#2996=ORIENTED_EDGE('',*,*,#2185,.T.);
#2997=ORIENTED_EDGE('',*,*,#2182,.T.);
#2998=ORIENTED_EDGE('',*,*,#2179,.T.);
#2999=ORIENTED_EDGE('',*,*,#2063,.T.);
#3000=ORIENTED_EDGE('',*,*,#2067,.T.);
#3001=ORIENTED_EDGE('',*,*,#2065,.T.);
#3002=ORIENTED_EDGE('',*,*,#2187,.T.);
#3003=ORIENTED_EDGE('',*,*,#2002,.F.);
#3004=ORIENTED_EDGE('',*,*,#2188,.T.);
#3005=ORIENTED_EDGE('',*,*,#2019,.T.);
#3006=ORIENTED_EDGE('',*,*,#2189,.T.);
#3007=ORIENTED_EDGE('',*,*,#2190,.T.);
#3008=ORIENTED_EDGE('',*,*,#2191,.T.);
#3009=ORIENTED_EDGE('',*,*,#2192,.T.);
#3010=ORIENTED_EDGE('',*,*,#2193,.T.);
#3011=ORIENTED_EDGE('',*,*,#2165,.T.);
#3012=ORIENTED_EDGE('',*,*,#2169,.T.);
#3013=ORIENTED_EDGE('',*,*,#2167,.T.);
#3014=ORIENTED_EDGE('',*,*,#2194,.T.);
#3015=ORIENTED_EDGE('',*,*,#2131,.T.);
#3016=ORIENTED_EDGE('',*,*,#2135,.T.);
#3017=ORIENTED_EDGE('',*,*,#2133,.T.);
#3018=ORIENTED_EDGE('',*,*,#2195,.T.);
#3019=ORIENTED_EDGE('',*,*,#2097,.T.);
#3020=ORIENTED_EDGE('',*,*,#2101,.T.);
#3021=ORIENTED_EDGE('',*,*,#2099,.T.);
#3022=ORIENTED_EDGE('',*,*,#2196,.T.);
#3023=ORIENTED_EDGE('',*,*,#2071,.T.);
#3024=ORIENTED_EDGE('',*,*,#2084,.T.);
#3025=ORIENTED_EDGE('',*,*,#2073,.T.);
#3026=ORIENTED_EDGE('',*,*,#2197,.T.);
#3027=ORIENTED_EDGE('',*,*,#2105,.T.);
#3028=ORIENTED_EDGE('',*,*,#2118,.T.);
#3029=ORIENTED_EDGE('',*,*,#2107,.T.);
#3030=ORIENTED_EDGE('',*,*,#2198,.T.);
#3031=ORIENTED_EDGE('',*,*,#2139,.T.);
#3032=ORIENTED_EDGE('',*,*,#2152,.T.);
#3033=ORIENTED_EDGE('',*,*,#2141,.T.);
#3034=ORIENTED_EDGE('',*,*,#2199,.T.);
#3035=ORIENTED_EDGE('',*,*,#2173,.T.);
#3036=ORIENTED_EDGE('',*,*,#2186,.T.);
#3037=ORIENTED_EDGE('',*,*,#2175,.T.);
#3038=ORIENTED_EDGE('',*,*,#2200,.T.);
#3039=ORIENTED_EDGE('',*,*,#2201,.T.);
#3040=ORIENTED_EDGE('',*,*,#2202,.T.);
#3041=ORIENTED_EDGE('',*,*,#2203,.T.);
#3042=ORIENTED_EDGE('',*,*,#2204,.T.);
#3043=ORIENTED_EDGE('',*,*,#2021,.F.);
#3044=ORIENTED_EDGE('',*,*,#2205,.T.);
#3045=ORIENTED_EDGE('',*,*,#2000,.T.);
#3046=ORIENTED_EDGE('',*,*,#2206,.T.);
#3047=ORIENTED_EDGE('',*,*,#2207,.F.);
#3048=ORIENTED_EDGE('',*,*,#2208,.F.);
#3049=ORIENTED_EDGE('',*,*,#2209,.F.);
#3050=ORIENTED_EDGE('',*,*,#2201,.F.);
#3051=ORIENTED_EDGE('',*,*,#2210,.F.);
#3052=ORIENTED_EDGE('',*,*,#2203,.F.);
#3053=ORIENTED_EDGE('',*,*,#2211,.F.);
#3054=ORIENTED_EDGE('',*,*,#2212,.T.);
#3055=ORIENTED_EDGE('',*,*,#2213,.F.);
#3056=ORIENTED_EDGE('',*,*,#2212,.F.);
#3057=ORIENTED_EDGE('',*,*,#2214,.F.);
#3058=ORIENTED_EDGE('',*,*,#2215,.T.);
#3059=ORIENTED_EDGE('',*,*,#2216,.F.);
#3060=ORIENTED_EDGE('',*,*,#2215,.F.);
#3061=ORIENTED_EDGE('',*,*,#2217,.F.);
#3062=ORIENTED_EDGE('',*,*,#2218,.T.);
#3063=ORIENTED_EDGE('',*,*,#2219,.F.);
#3064=ORIENTED_EDGE('',*,*,#2218,.F.);
#3065=ORIENTED_EDGE('',*,*,#2220,.F.);
#3066=ORIENTED_EDGE('',*,*,#2208,.T.);
#3067=ORIENTED_EDGE('',*,*,#2211,.T.);
#3068=ORIENTED_EDGE('',*,*,#2202,.F.);
#3069=ORIENTED_EDGE('',*,*,#2209,.T.);
#3070=ORIENTED_EDGE('',*,*,#2220,.T.);
#3071=ORIENTED_EDGE('',*,*,#2217,.T.);
#3072=ORIENTED_EDGE('',*,*,#2214,.T.);
#3073=ORIENTED_EDGE('',*,*,#2221,.F.);
#3074=ORIENTED_EDGE('',*,*,#2222,.F.);
#3075=ORIENTED_EDGE('',*,*,#2223,.F.);
#3076=ORIENTED_EDGE('',*,*,#2224,.T.);
#3077=ORIENTED_EDGE('',*,*,#2225,.F.);
#3078=ORIENTED_EDGE('',*,*,#2224,.F.);
#3079=ORIENTED_EDGE('',*,*,#2226,.T.);
#3080=ORIENTED_EDGE('',*,*,#2227,.T.);
#3081=ORIENTED_EDGE('',*,*,#2228,.F.);
#3082=ORIENTED_EDGE('',*,*,#2227,.F.);
#3083=ORIENTED_EDGE('',*,*,#2229,.F.);
#3084=ORIENTED_EDGE('',*,*,#2230,.T.);
#3085=ORIENTED_EDGE('',*,*,#2231,.F.);
#3086=ORIENTED_EDGE('',*,*,#2230,.F.);
#3087=ORIENTED_EDGE('',*,*,#2232,.T.);
#3088=ORIENTED_EDGE('',*,*,#2190,.F.);
#3089=ORIENTED_EDGE('',*,*,#2233,.F.);
#3090=ORIENTED_EDGE('',*,*,#2192,.F.);
#3091=ORIENTED_EDGE('',*,*,#2234,.T.);
#3092=ORIENTED_EDGE('',*,*,#2222,.T.);
#3093=ORIENTED_EDGE('',*,*,#2229,.T.);
#3094=ORIENTED_EDGE('',*,*,#2226,.F.);
#3095=ORIENTED_EDGE('',*,*,#2223,.T.);
#3096=ORIENTED_EDGE('',*,*,#2234,.F.);
#3097=ORIENTED_EDGE('',*,*,#2191,.F.);
#3098=ORIENTED_EDGE('',*,*,#2232,.F.);
#3099=ORIENTED_EDGE('',*,*,#2235,.T.);
#3100=ORIENTED_EDGE('',*,*,#2236,.T.);
#3101=ORIENTED_EDGE('',*,*,#2237,.T.);
#3102=ORIENTED_EDGE('',*,*,#2238,.F.);
#3103=ORIENTED_EDGE('',*,*,#2239,.T.);
#3104=ORIENTED_EDGE('',*,*,#2240,.T.);
#3105=ORIENTED_EDGE('',*,*,#2241,.T.);
#3106=ORIENTED_EDGE('',*,*,#2236,.F.);
#3107=ORIENTED_EDGE('',*,*,#2242,.T.);
#3108=ORIENTED_EDGE('',*,*,#2243,.T.);
#3109=ORIENTED_EDGE('',*,*,#2244,.T.);
#3110=ORIENTED_EDGE('',*,*,#2240,.F.);
#3111=ORIENTED_EDGE('',*,*,#2245,.T.);
#3112=ORIENTED_EDGE('',*,*,#2246,.T.);
#3113=ORIENTED_EDGE('',*,*,#2247,.T.);
#3114=ORIENTED_EDGE('',*,*,#2243,.F.);
#3115=ORIENTED_EDGE('',*,*,#2248,.T.);
#3116=ORIENTED_EDGE('',*,*,#2249,.T.);
#3117=ORIENTED_EDGE('',*,*,#2250,.T.);
#3118=ORIENTED_EDGE('',*,*,#2246,.F.);
#3119=ORIENTED_EDGE('',*,*,#2251,.T.);
#3120=ORIENTED_EDGE('',*,*,#2252,.T.);
#3121=ORIENTED_EDGE('',*,*,#2253,.T.);
#3122=ORIENTED_EDGE('',*,*,#2249,.F.);
#3123=ORIENTED_EDGE('',*,*,#2254,.T.);
#3124=ORIENTED_EDGE('',*,*,#2255,.T.);
#3125=ORIENTED_EDGE('',*,*,#2256,.T.);
#3126=ORIENTED_EDGE('',*,*,#2252,.F.);
#3127=ORIENTED_EDGE('',*,*,#2257,.T.);
#3128=ORIENTED_EDGE('',*,*,#2238,.T.);
#3129=ORIENTED_EDGE('',*,*,#2258,.T.);
#3130=ORIENTED_EDGE('',*,*,#2255,.F.);
#3131=ORIENTED_EDGE('',*,*,#2258,.F.);
#3132=ORIENTED_EDGE('',*,*,#2237,.F.);
#3133=ORIENTED_EDGE('',*,*,#2241,.F.);
#3134=ORIENTED_EDGE('',*,*,#2244,.F.);
#3135=ORIENTED_EDGE('',*,*,#2247,.F.);
#3136=ORIENTED_EDGE('',*,*,#2250,.F.);
#3137=ORIENTED_EDGE('',*,*,#2253,.F.);
#3138=ORIENTED_EDGE('',*,*,#2256,.F.);
#3139=ORIENTED_EDGE('',*,*,#1873,.T.);
#3140=ORIENTED_EDGE('',*,*,#2010,.F.);
#3141=ORIENTED_EDGE('',*,*,#1910,.T.);
#3142=ORIENTED_EDGE('',*,*,#1897,.T.);
#3143=ORIENTED_EDGE('',*,*,#1901,.T.);
#3144=ORIENTED_EDGE('',*,*,#1904,.T.);
#3145=ORIENTED_EDGE('',*,*,#1907,.T.);
#3146=ORIENTED_EDGE('',*,*,#2009,.F.);
#3147=ORIENTED_EDGE('',*,*,#1944,.T.);
#3148=ORIENTED_EDGE('',*,*,#1931,.T.);
#3149=ORIENTED_EDGE('',*,*,#1935,.T.);
#3150=ORIENTED_EDGE('',*,*,#1938,.T.);
#3151=ORIENTED_EDGE('',*,*,#1941,.T.);
#3152=ORIENTED_EDGE('',*,*,#2008,.F.);
#3153=ORIENTED_EDGE('',*,*,#1978,.T.);
#3154=ORIENTED_EDGE('',*,*,#1965,.T.);
#3155=ORIENTED_EDGE('',*,*,#1969,.T.);
#3156=ORIENTED_EDGE('',*,*,#1972,.T.);
#3157=ORIENTED_EDGE('',*,*,#1975,.T.);
#3158=ORIENTED_EDGE('',*,*,#2007,.F.);
#3159=ORIENTED_EDGE('',*,*,#2049,.T.);
#3160=ORIENTED_EDGE('',*,*,#2037,.T.);
#3161=ORIENTED_EDGE('',*,*,#2041,.T.);
#3162=ORIENTED_EDGE('',*,*,#2044,.T.);
#3163=ORIENTED_EDGE('',*,*,#2047,.T.);
#3164=ORIENTED_EDGE('',*,*,#2003,.F.);
#3165=ORIENTED_EDGE('',*,*,#2187,.F.);
#3166=ORIENTED_EDGE('',*,*,#2064,.T.);
#3167=ORIENTED_EDGE('',*,*,#2051,.T.);
#3168=ORIENTED_EDGE('',*,*,#2055,.T.);
#3169=ORIENTED_EDGE('',*,*,#2058,.T.);
#3170=ORIENTED_EDGE('',*,*,#2061,.T.);
#3171=ORIENTED_EDGE('',*,*,#2196,.F.);
#3172=ORIENTED_EDGE('',*,*,#2098,.T.);
#3173=ORIENTED_EDGE('',*,*,#2085,.T.);
#3174=ORIENTED_EDGE('',*,*,#2089,.T.);
#3175=ORIENTED_EDGE('',*,*,#2092,.T.);
#3176=ORIENTED_EDGE('',*,*,#2095,.T.);
#3177=ORIENTED_EDGE('',*,*,#2195,.F.);
#3178=ORIENTED_EDGE('',*,*,#2132,.T.);
#3179=ORIENTED_EDGE('',*,*,#2119,.T.);
#3180=ORIENTED_EDGE('',*,*,#2123,.T.);
#3181=ORIENTED_EDGE('',*,*,#2126,.T.);
#3182=ORIENTED_EDGE('',*,*,#2129,.T.);
#3183=ORIENTED_EDGE('',*,*,#2194,.F.);
#3184=ORIENTED_EDGE('',*,*,#2166,.T.);
#3185=ORIENTED_EDGE('',*,*,#2153,.T.);
#3186=ORIENTED_EDGE('',*,*,#2157,.T.);
#3187=ORIENTED_EDGE('',*,*,#2160,.T.);
#3188=ORIENTED_EDGE('',*,*,#2163,.T.);
#3189=ORIENTED_EDGE('',*,*,#2193,.F.);
#3190=ORIENTED_EDGE('',*,*,#2233,.T.);
#3191=ORIENTED_EDGE('',*,*,#2221,.T.);
#3192=ORIENTED_EDGE('',*,*,#2225,.T.);
#3193=ORIENTED_EDGE('',*,*,#2228,.T.);
#3194=ORIENTED_EDGE('',*,*,#2231,.T.);
#3195=ORIENTED_EDGE('',*,*,#2189,.F.);
#3196=ORIENTED_EDGE('',*,*,#2018,.F.);
#3197=ORIENTED_EDGE('',*,*,#2035,.T.);
#3198=ORIENTED_EDGE('',*,*,#2023,.T.);
#3199=ORIENTED_EDGE('',*,*,#2027,.T.);
#3200=ORIENTED_EDGE('',*,*,#2030,.T.);
#3201=ORIENTED_EDGE('',*,*,#2033,.T.);
#3202=ORIENTED_EDGE('',*,*,#2014,.F.);
#3203=ORIENTED_EDGE('',*,*,#1995,.T.);
#3204=ORIENTED_EDGE('',*,*,#1982,.T.);
#3205=ORIENTED_EDGE('',*,*,#1986,.T.);
#3206=ORIENTED_EDGE('',*,*,#1989,.T.);
#3207=ORIENTED_EDGE('',*,*,#1992,.T.);
#3208=ORIENTED_EDGE('',*,*,#2013,.F.);
#3209=ORIENTED_EDGE('',*,*,#1961,.T.);
#3210=ORIENTED_EDGE('',*,*,#1948,.T.);
#3211=ORIENTED_EDGE('',*,*,#1952,.T.);
#3212=ORIENTED_EDGE('',*,*,#1955,.T.);
#3213=ORIENTED_EDGE('',*,*,#1958,.T.);
#3214=ORIENTED_EDGE('',*,*,#2012,.F.);
#3215=ORIENTED_EDGE('',*,*,#1927,.T.);
#3216=ORIENTED_EDGE('',*,*,#1914,.T.);
#3217=ORIENTED_EDGE('',*,*,#1918,.T.);
#3218=ORIENTED_EDGE('',*,*,#1921,.T.);
#3219=ORIENTED_EDGE('',*,*,#1924,.T.);
#3220=ORIENTED_EDGE('',*,*,#2011,.F.);
#3221=ORIENTED_EDGE('',*,*,#1893,.T.);
#3222=ORIENTED_EDGE('',*,*,#1880,.T.);
#3223=ORIENTED_EDGE('',*,*,#1884,.T.);
#3224=ORIENTED_EDGE('',*,*,#1887,.T.);
#3225=ORIENTED_EDGE('',*,*,#1890,.T.);
#3226=ORIENTED_EDGE('',*,*,#2022,.F.);
#3227=ORIENTED_EDGE('',*,*,#2204,.F.);
#3228=ORIENTED_EDGE('',*,*,#2210,.T.);
#3229=ORIENTED_EDGE('',*,*,#2213,.T.);
#3230=ORIENTED_EDGE('',*,*,#2216,.T.);
#3231=ORIENTED_EDGE('',*,*,#2219,.T.);
#3232=ORIENTED_EDGE('',*,*,#2207,.T.);
#3233=ORIENTED_EDGE('',*,*,#2200,.F.);
#3234=ORIENTED_EDGE('',*,*,#2174,.T.);
#3235=ORIENTED_EDGE('',*,*,#2178,.T.);
#3236=ORIENTED_EDGE('',*,*,#2181,.T.);
#3237=ORIENTED_EDGE('',*,*,#2184,.T.);
#3238=ORIENTED_EDGE('',*,*,#2170,.T.);
#3239=ORIENTED_EDGE('',*,*,#2199,.F.);
#3240=ORIENTED_EDGE('',*,*,#2140,.T.);
#3241=ORIENTED_EDGE('',*,*,#2144,.T.);
#3242=ORIENTED_EDGE('',*,*,#2147,.T.);
#3243=ORIENTED_EDGE('',*,*,#2150,.T.);
#3244=ORIENTED_EDGE('',*,*,#2136,.T.);
#3245=ORIENTED_EDGE('',*,*,#2198,.F.);
#3246=ORIENTED_EDGE('',*,*,#2106,.T.);
#3247=ORIENTED_EDGE('',*,*,#2110,.T.);
#3248=ORIENTED_EDGE('',*,*,#2113,.T.);
#3249=ORIENTED_EDGE('',*,*,#2116,.T.);
#3250=ORIENTED_EDGE('',*,*,#2102,.T.);
#3251=ORIENTED_EDGE('',*,*,#2197,.F.);
#3252=ORIENTED_EDGE('',*,*,#2072,.T.);
#3253=ORIENTED_EDGE('',*,*,#2076,.T.);
#3254=ORIENTED_EDGE('',*,*,#2079,.T.);
#3255=ORIENTED_EDGE('',*,*,#2082,.T.);
#3256=ORIENTED_EDGE('',*,*,#2068,.T.);
#3257=ORIENTED_EDGE('',*,*,#2206,.F.);
#3258=ORIENTED_EDGE('',*,*,#1999,.F.);
#3259=ORIENTED_EDGE('',*,*,#1876,.T.);
#3260=ORIENTED_EDGE('',*,*,#1863,.T.);
#3261=ORIENTED_EDGE('',*,*,#1867,.T.);
#3262=ORIENTED_EDGE('',*,*,#1870,.T.);
#3263=ORIENTED_EDGE('',*,*,#2259,.F.);
#3264=ORIENTED_EDGE('',*,*,#2260,.T.);
#3265=ORIENTED_EDGE('',*,*,#2245,.F.);
#3266=ORIENTED_EDGE('',*,*,#2261,.F.);
#3267=ORIENTED_EDGE('',*,*,#2262,.F.);
#3268=ORIENTED_EDGE('',*,*,#2261,.T.);
#3269=ORIENTED_EDGE('',*,*,#2242,.F.);
#3270=ORIENTED_EDGE('',*,*,#2263,.F.);
#3271=ORIENTED_EDGE('',*,*,#2264,.F.);
#3272=ORIENTED_EDGE('',*,*,#2263,.T.);
#3273=ORIENTED_EDGE('',*,*,#2239,.F.);
#3274=ORIENTED_EDGE('',*,*,#2265,.F.);
#3275=ORIENTED_EDGE('',*,*,#2266,.F.);
#3276=ORIENTED_EDGE('',*,*,#2265,.T.);
#3277=ORIENTED_EDGE('',*,*,#2235,.F.);
#3278=ORIENTED_EDGE('',*,*,#2267,.T.);
#3279=ORIENTED_EDGE('',*,*,#2268,.F.);
#3280=ORIENTED_EDGE('',*,*,#2267,.F.);
#3281=ORIENTED_EDGE('',*,*,#2257,.F.);
#3282=ORIENTED_EDGE('',*,*,#2269,.F.);
#3283=ORIENTED_EDGE('',*,*,#2270,.F.);
#3284=ORIENTED_EDGE('',*,*,#2269,.T.);
#3285=ORIENTED_EDGE('',*,*,#2254,.F.);
#3286=ORIENTED_EDGE('',*,*,#2271,.F.);
#3287=ORIENTED_EDGE('',*,*,#2272,.F.);
#3288=ORIENTED_EDGE('',*,*,#2271,.T.);
#3289=ORIENTED_EDGE('',*,*,#2251,.F.);
#3290=ORIENTED_EDGE('',*,*,#2273,.F.);
#3291=ORIENTED_EDGE('',*,*,#2274,.F.);
#3292=ORIENTED_EDGE('',*,*,#2273,.T.);
#3293=ORIENTED_EDGE('',*,*,#2248,.F.);
#3294=ORIENTED_EDGE('',*,*,#2260,.F.);
#3295=ORIENTED_EDGE('',*,*,#2275,.F.);
#3296=ORIENTED_EDGE('',*,*,#2276,.F.);
#3297=ORIENTED_EDGE('',*,*,#2277,.F.);
#3298=ORIENTED_EDGE('',*,*,#2278,.F.);
#3299=ORIENTED_EDGE('',*,*,#2279,.F.);
#3300=ORIENTED_EDGE('',*,*,#2280,.F.);
#3301=ORIENTED_EDGE('',*,*,#2281,.F.);
#3302=ORIENTED_EDGE('',*,*,#2282,.F.);
#3303=ORIENTED_EDGE('',*,*,#2268,.T.);
#3304=ORIENTED_EDGE('',*,*,#2270,.T.);
#3305=ORIENTED_EDGE('',*,*,#2272,.T.);
#3306=ORIENTED_EDGE('',*,*,#2274,.T.);
#3307=ORIENTED_EDGE('',*,*,#2259,.T.);
#3308=ORIENTED_EDGE('',*,*,#2262,.T.);
#3309=ORIENTED_EDGE('',*,*,#2264,.T.);
#3310=ORIENTED_EDGE('',*,*,#2266,.T.);
#3311=ORIENTED_EDGE('',*,*,#2278,.T.);
#3312=ORIENTED_EDGE('',*,*,#2283,.F.);
#3313=ORIENTED_EDGE('',*,*,#2284,.F.);
#3314=ORIENTED_EDGE('',*,*,#2285,.F.);
#3315=ORIENTED_EDGE('',*,*,#2277,.T.);
#3316=ORIENTED_EDGE('',*,*,#2286,.T.);
#3317=ORIENTED_EDGE('',*,*,#2287,.T.);
#3318=ORIENTED_EDGE('',*,*,#2283,.T.);
#3319=ORIENTED_EDGE('',*,*,#2276,.T.);
#3320=ORIENTED_EDGE('',*,*,#2288,.F.);
#3321=ORIENTED_EDGE('',*,*,#2289,.F.);
#3322=ORIENTED_EDGE('',*,*,#2286,.F.);
#3323=ORIENTED_EDGE('',*,*,#2275,.T.);
#3324=ORIENTED_EDGE('',*,*,#2290,.T.);
#3325=ORIENTED_EDGE('',*,*,#2291,.T.);
#3326=ORIENTED_EDGE('',*,*,#2288,.T.);
#3327=ORIENTED_EDGE('',*,*,#2291,.F.);
#3328=ORIENTED_EDGE('',*,*,#2292,.T.);
#3329=ORIENTED_EDGE('',*,*,#2293,.F.);
#3330=ORIENTED_EDGE('',*,*,#2294,.T.);
#3331=ORIENTED_EDGE('',*,*,#2295,.F.);
#3332=ORIENTED_EDGE('',*,*,#2284,.T.);
#3333=ORIENTED_EDGE('',*,*,#2287,.F.);
#3334=ORIENTED_EDGE('',*,*,#2289,.T.);
#3335=ORIENTED_EDGE('',*,*,#2205,.F.);
#3336=ORIENTED_EDGE('',*,*,#2020,.F.);
#3337=ORIENTED_EDGE('',*,*,#2188,.F.);
#3338=ORIENTED_EDGE('',*,*,#2001,.F.);
#3339=ORIENTED_EDGE('',*,*,#2279,.T.);
#3340=ORIENTED_EDGE('',*,*,#2285,.T.);
#3341=ORIENTED_EDGE('',*,*,#2295,.T.);
#3342=ORIENTED_EDGE('',*,*,#2296,.T.);
#3343=ORIENTED_EDGE('',*,*,#2280,.T.);
#3344=ORIENTED_EDGE('',*,*,#2296,.F.);
#3345=ORIENTED_EDGE('',*,*,#2294,.F.);
#3346=ORIENTED_EDGE('',*,*,#2297,.F.);
#3347=ORIENTED_EDGE('',*,*,#2281,.T.);
#3348=ORIENTED_EDGE('',*,*,#2297,.T.);
#3349=ORIENTED_EDGE('',*,*,#2293,.T.);
#3350=ORIENTED_EDGE('',*,*,#2298,.T.);
#3351=ORIENTED_EDGE('',*,*,#2282,.T.);
#3352=ORIENTED_EDGE('',*,*,#2298,.F.);
#3353=ORIENTED_EDGE('',*,*,#2292,.F.);
#3354=ORIENTED_EDGE('',*,*,#2290,.F.);
#3355=PLANE('',#3701);
#3356=PLANE('',#3705);
#3357=PLANE('',#3709);
#3358=PLANE('',#3713);
#3359=PLANE('',#3719);
#3360=PLANE('',#3722);
#3361=PLANE('',#3723);
#3362=PLANE('',#3726);
#3363=PLANE('',#3729);
#3364=PLANE('',#3730);
#3365=PLANE('',#3733);
#3366=PLANE('',#3736);
#3367=PLANE('',#3739);
#3368=PLANE('',#3742);
#3369=PLANE('',#3746);
#3370=PLANE('',#3747);
#3371=PLANE('',#3753);
#3372=PLANE('',#3756);
#3373=PLANE('',#3759);
#3374=PLANE('',#3760);
#3375=PLANE('',#3764);
#3376=PLANE('',#3765);
#3377=PLANE('',#3769);
#3378=PLANE('',#3770);
#3379=PLANE('',#3774);
#3380=PLANE('',#3775);
#3381=PLANE('',#3779);
#3382=PLANE('',#3780);
#3383=PLANE('',#3784);
#3384=PLANE('',#3788);
#3385=PLANE('',#3789);
#3386=PLANE('',#3790);
#3387=PLANE('',#3794);
#3388=PLANE('',#3798);
#3389=PLANE('',#3799);
#3390=PLANE('',#3800);
#3391=PLANE('',#3804);
#3392=PLANE('',#3808);
#3393=PLANE('',#3809);
#3394=PLANE('',#3810);
#3395=PLANE('',#3814);
#3396=PLANE('',#3818);
#3397=PLANE('',#3819);
#3398=PLANE('',#3820);
#3399=PLANE('',#3824);
#3400=PLANE('',#3828);
#3401=PLANE('',#3829);
#3402=PLANE('',#3830);
#3403=PLANE('',#3834);
#3404=PLANE('',#3838);
#3405=PLANE('',#3839);
#3406=PLANE('',#3840);
#3407=PLANE('',#3844);
#3408=PLANE('',#3848);
#3409=PLANE('',#3849);
#3410=PLANE('',#3850);
#3411=PLANE('',#3854);
#3412=PLANE('',#3858);
#3413=PLANE('',#3859);
#3414=PLANE('',#3860);
#3415=PLANE('',#3861);
#3416=PLANE('',#3862);
#3417=PLANE('',#3866);
#3418=PLANE('',#3870);
#3419=PLANE('',#3871);
#3420=PLANE('',#3872);
#3421=PLANE('',#3876);
#3422=PLANE('',#3880);
#3423=PLANE('',#3881);
#3424=PLANE('',#3882);
#3425=PLANE('',#3886);
#3426=PLANE('',#3890);
#3427=PLANE('',#3891);
#3428=PLANE('',#3892);
#3429=PLANE('',#3893);
#3430=PLANE('',#3894);
#3431=PLANE('',#3898);
#3432=PLANE('',#3902);
#3433=PLANE('',#3906);
#3434=PLANE('',#3910);
#3435=PLANE('',#3911);
#3436=PLANE('',#3912);
#3437=PLANE('',#3913);
#3438=PLANE('',#3914);
#3439=PLANE('',#3918);
#3440=PLANE('',#3922);
#3441=PLANE('',#3926);
#3442=PLANE('',#3930);
#3443=PLANE('',#3931);
#3444=PLANE('',#3932);
#3445=PLANE('',#3933);
#3446=PLANE('',#3934);
#3447=PLANE('',#3938);
#3448=PLANE('',#3942);
#3449=PLANE('',#3946);
#3450=PLANE('',#3950);
#3451=PLANE('',#3951);
#3452=PLANE('',#3952);
#3453=PLANE('',#3953);
#3454=PLANE('',#3954);
#3455=PLANE('',#3958);
#3456=PLANE('',#3962);
#3457=PLANE('',#3963);
#3458=PLANE('',#3964);
#3459=PLANE('',#3965);
#3460=PLANE('',#3966);
#3461=PLANE('',#3970);
#3462=PLANE('',#3974);
#3463=PLANE('',#3978);
#3464=PLANE('',#3982);
#3465=PLANE('',#3983);
#3466=PLANE('',#3984);
#3467=PLANE('',#3988);
#3468=PLANE('',#3992);
#3469=PLANE('',#3996);
#3470=PLANE('',#4000);
#3471=PLANE('',#4001);
#3472=PLANE('',#4002);
#3473=PLANE('',#4005);
#3474=PLANE('',#4008);
#3475=PLANE('',#4011);
#3476=PLANE('',#4014);
#3477=PLANE('',#4019);
#3478=PLANE('',#4022);
#3479=PLANE('',#4025);
#3480=PLANE('',#4029);
#3481=PLANE('',#4031);
#3482=ADVANCED_FACE('',(#234),#3355,.T.);
#3483=ADVANCED_FACE('',(#235),#222,.T.);
#3484=ADVANCED_FACE('',(#236),#3356,.T.);
#3485=ADVANCED_FACE('',(#237),#223,.T.);
#3486=ADVANCED_FACE('',(#238),#3357,.T.);
#3487=ADVANCED_FACE('',(#239),#224,.T.);
#3488=ADVANCED_FACE('',(#240),#3358,.T.);
#3489=ADVANCED_FACE('',(#241),#225,.T.);
#3490=ADVANCED_FACE('',(#242),#30,.T.);
#3491=ADVANCED_FACE('',(#243),#3359,.T.);
#3492=ADVANCED_FACE('',(#244),#31,.T.);
#3493=ADVANCED_FACE('',(#245),#3360,.T.);
#3494=ADVANCED_FACE('',(#246),#3361,.F.);
#3495=ADVANCED_FACE('',(#247),#32,.T.);
#3496=ADVANCED_FACE('',(#248),#3362,.T.);
#3497=ADVANCED_FACE('',(#249),#33,.T.);
#3498=ADVANCED_FACE('',(#250),#3363,.T.);
#3499=ADVANCED_FACE('',(#251),#3364,.T.);
#3500=ADVANCED_FACE('',(#252),#226,.T.);
#3501=ADVANCED_FACE('',(#253),#3365,.T.);
#3502=ADVANCED_FACE('',(#254),#227,.T.);
#3503=ADVANCED_FACE('',(#255),#3366,.T.);
#3504=ADVANCED_FACE('',(#256),#228,.T.);
#3505=ADVANCED_FACE('',(#257),#3367,.T.);
#3506=ADVANCED_FACE('',(#258),#229,.T.);
#3507=ADVANCED_FACE('',(#259),#3368,.T.);
#3508=ADVANCED_FACE('',(#260),#34,.T.);
#3509=ADVANCED_FACE('',(#261),#3369,.T.);
#3510=ADVANCED_FACE('',(#262),#3370,.F.);
#3511=ADVANCED_FACE('',(#263),#35,.T.);
#3512=ADVANCED_FACE('',(#264),#3371,.T.);
#3513=ADVANCED_FACE('',(#265),#36,.T.);
#3514=ADVANCED_FACE('',(#266),#3372,.T.);
#3515=ADVANCED_FACE('',(#267),#37,.T.);
#3516=ADVANCED_FACE('',(#268),#3373,.T.);
#3517=ADVANCED_FACE('',(#269),#3374,.T.);
#3518=ADVANCED_FACE('',(#270),#38,.T.);
#3519=ADVANCED_FACE('',(#271),#3375,.T.);
#3520=ADVANCED_FACE('',(#272),#3376,.F.);
#3521=ADVANCED_FACE('',(#273),#39,.T.);
#3522=ADVANCED_FACE('',(#274),#3377,.T.);
#3523=ADVANCED_FACE('',(#275),#3378,.F.);
#3524=ADVANCED_FACE('',(#276),#40,.T.);
#3525=ADVANCED_FACE('',(#277),#3379,.T.);
#3526=ADVANCED_FACE('',(#278),#3380,.F.);
#3527=ADVANCED_FACE('',(#279),#41,.T.);
#3528=ADVANCED_FACE('',(#280),#3381,.T.);
#3529=ADVANCED_FACE('',(#281),#3382,.F.);
#3530=ADVANCED_FACE('',(#282),#42,.F.);
#3531=ADVANCED_FACE('',(#283),#3383,.F.);
#3532=ADVANCED_FACE('',(#284),#43,.F.);
#3533=ADVANCED_FACE('',(#285),#3384,.F.);
#3534=ADVANCED_FACE('',(#286),#3385,.F.);
#3535=ADVANCED_FACE('',(#287),#3386,.T.);
#3536=ADVANCED_FACE('',(#288),#44,.F.);
#3537=ADVANCED_FACE('',(#289),#3387,.F.);
#3538=ADVANCED_FACE('',(#290),#45,.F.);
#3539=ADVANCED_FACE('',(#291),#3388,.F.);
#3540=ADVANCED_FACE('',(#292),#3389,.F.);
#3541=ADVANCED_FACE('',(#293),#3390,.T.);
#3542=ADVANCED_FACE('',(#294),#46,.F.);
#3543=ADVANCED_FACE('',(#295),#3391,.F.);
#3544=ADVANCED_FACE('',(#296),#47,.F.);
#3545=ADVANCED_FACE('',(#297),#3392,.F.);
#3546=ADVANCED_FACE('',(#298),#3393,.F.);
#3547=ADVANCED_FACE('',(#299),#3394,.T.);
#3548=ADVANCED_FACE('',(#300),#48,.F.);
#3549=ADVANCED_FACE('',(#301),#3395,.F.);
#3550=ADVANCED_FACE('',(#302),#49,.F.);
#3551=ADVANCED_FACE('',(#303),#3396,.F.);
#3552=ADVANCED_FACE('',(#304),#3397,.F.);
#3553=ADVANCED_FACE('',(#305),#3398,.T.);
#3554=ADVANCED_FACE('',(#306),#50,.F.);
#3555=ADVANCED_FACE('',(#307),#3399,.F.);
#3556=ADVANCED_FACE('',(#308),#51,.F.);
#3557=ADVANCED_FACE('',(#309),#3400,.F.);
#3558=ADVANCED_FACE('',(#310),#3401,.F.);
#3559=ADVANCED_FACE('',(#311),#3402,.T.);
#3560=ADVANCED_FACE('',(#312),#52,.F.);
#3561=ADVANCED_FACE('',(#313),#3403,.F.);
#3562=ADVANCED_FACE('',(#314),#53,.F.);
#3563=ADVANCED_FACE('',(#315),#3404,.F.);
#3564=ADVANCED_FACE('',(#316),#3405,.F.);
#3565=ADVANCED_FACE('',(#317),#3406,.T.);
#3566=ADVANCED_FACE('',(#318),#54,.F.);
#3567=ADVANCED_FACE('',(#319),#3407,.F.);
#3568=ADVANCED_FACE('',(#320),#55,.F.);
#3569=ADVANCED_FACE('',(#321),#3408,.F.);
#3570=ADVANCED_FACE('',(#322),#3409,.F.);
#3571=ADVANCED_FACE('',(#323),#3410,.T.);
#3572=ADVANCED_FACE('',(#324),#56,.F.);
#3573=ADVANCED_FACE('',(#325),#3411,.F.);
#3574=ADVANCED_FACE('',(#326),#57,.F.);
#3575=ADVANCED_FACE('',(#327),#3412,.F.);
#3576=ADVANCED_FACE('',(#328),#3413,.F.);
#3577=ADVANCED_FACE('',(#329),#3414,.T.);
#3578=ADVANCED_FACE('',(#330),#3415,.T.);
#3579=ADVANCED_FACE('',(#331),#3416,.T.);
#3580=ADVANCED_FACE('',(#332),#58,.F.);
#3581=ADVANCED_FACE('',(#333),#3417,.F.);
#3582=ADVANCED_FACE('',(#334),#59,.F.);
#3583=ADVANCED_FACE('',(#335),#3418,.F.);
#3584=ADVANCED_FACE('',(#336),#3419,.F.);
#3585=ADVANCED_FACE('',(#337),#3420,.T.);
#3586=ADVANCED_FACE('',(#338),#60,.F.);
#3587=ADVANCED_FACE('',(#339),#3421,.F.);
#3588=ADVANCED_FACE('',(#340),#61,.F.);
#3589=ADVANCED_FACE('',(#341),#3422,.F.);
#3590=ADVANCED_FACE('',(#342),#3423,.F.);
#3591=ADVANCED_FACE('',(#343),#3424,.T.);
#3592=ADVANCED_FACE('',(#344),#62,.F.);
#3593=ADVANCED_FACE('',(#345),#3425,.F.);
#3594=ADVANCED_FACE('',(#346),#63,.F.);
#3595=ADVANCED_FACE('',(#347),#3426,.F.);
#3596=ADVANCED_FACE('',(#348),#3427,.F.);
#3597=ADVANCED_FACE('',(#349),#3428,.T.);
#3598=ADVANCED_FACE('',(#350),#3429,.F.);
#3599=ADVANCED_FACE('',(#351),#3430,.F.);
#3600=ADVANCED_FACE('',(#352),#64,.F.);
#3601=ADVANCED_FACE('',(#353),#3431,.F.);
#3602=ADVANCED_FACE('',(#354),#65,.F.);
#3603=ADVANCED_FACE('',(#355),#3432,.T.);
#3604=ADVANCED_FACE('',(#356),#66,.F.);
#3605=ADVANCED_FACE('',(#357),#3433,.F.);
#3606=ADVANCED_FACE('',(#358),#67,.F.);
#3607=ADVANCED_FACE('',(#359),#3434,.F.);
#3608=ADVANCED_FACE('',(#360),#3435,.F.);
#3609=ADVANCED_FACE('',(#361),#3436,.T.);
#3610=ADVANCED_FACE('',(#362),#3437,.F.);
#3611=ADVANCED_FACE('',(#363),#3438,.F.);
#3612=ADVANCED_FACE('',(#364),#68,.F.);
#3613=ADVANCED_FACE('',(#365),#3439,.F.);
#3614=ADVANCED_FACE('',(#366),#69,.F.);
#3615=ADVANCED_FACE('',(#367),#3440,.T.);
#3616=ADVANCED_FACE('',(#368),#70,.F.);
#3617=ADVANCED_FACE('',(#369),#3441,.F.);
#3618=ADVANCED_FACE('',(#370),#71,.F.);
#3619=ADVANCED_FACE('',(#371),#3442,.F.);
#3620=ADVANCED_FACE('',(#372),#3443,.F.);
#3621=ADVANCED_FACE('',(#373),#3444,.T.);
#3622=ADVANCED_FACE('',(#374),#3445,.F.);
#3623=ADVANCED_FACE('',(#375),#3446,.F.);
#3624=ADVANCED_FACE('',(#376),#72,.F.);
#3625=ADVANCED_FACE('',(#377),#3447,.F.);
#3626=ADVANCED_FACE('',(#378),#73,.F.);
#3627=ADVANCED_FACE('',(#379),#3448,.T.);
#3628=ADVANCED_FACE('',(#380),#74,.F.);
#3629=ADVANCED_FACE('',(#381),#3449,.F.);
#3630=ADVANCED_FACE('',(#382),#75,.F.);
#3631=ADVANCED_FACE('',(#383),#3450,.F.);
#3632=ADVANCED_FACE('',(#384),#3451,.F.);
#3633=ADVANCED_FACE('',(#385),#3452,.T.);
#3634=ADVANCED_FACE('',(#386),#3453,.F.);
#3635=ADVANCED_FACE('',(#387),#3454,.F.);
#3636=ADVANCED_FACE('',(#388),#76,.F.);
#3637=ADVANCED_FACE('',(#389),#3455,.F.);
#3638=ADVANCED_FACE('',(#390),#77,.F.);
#3639=ADVANCED_FACE('',(#391),#3456,.T.);
#3640=ADVANCED_FACE('',(#392),#3457,.T.);
#3641=ADVANCED_FACE('',(#393),#3458,.T.);
#3642=ADVANCED_FACE('',(#394),#3459,.F.);
#3643=ADVANCED_FACE('',(#395),#3460,.F.);
#3644=ADVANCED_FACE('',(#396),#78,.F.);
#3645=ADVANCED_FACE('',(#397),#3461,.F.);
#3646=ADVANCED_FACE('',(#398),#79,.F.);
#3647=ADVANCED_FACE('',(#399),#3462,.T.);
#3648=ADVANCED_FACE('',(#400),#80,.F.);
#3649=ADVANCED_FACE('',(#401),#3463,.F.);
#3650=ADVANCED_FACE('',(#402),#81,.F.);
#3651=ADVANCED_FACE('',(#403),#3464,.F.);
#3652=ADVANCED_FACE('',(#404),#3465,.F.);
#3653=ADVANCED_FACE('',(#405),#3466,.T.);
#3654=ADVANCED_FACE('',(#406),#82,.F.);
#3655=ADVANCED_FACE('',(#407),#3467,.F.);
#3656=ADVANCED_FACE('',(#408),#83,.F.);
#3657=ADVANCED_FACE('',(#409),#3468,.F.);
#3658=ADVANCED_FACE('',(#410),#84,.F.);
#3659=ADVANCED_FACE('',(#411),#3469,.F.);
#3660=ADVANCED_FACE('',(#412),#85,.F.);
#3661=ADVANCED_FACE('',(#413),#3470,.F.);
#3662=ADVANCED_FACE('',(#414,#13),#3471,.F.);
#3663=ADVANCED_FACE('',(#415),#3472,.F.);
#3664=ADVANCED_FACE('',(#416),#230,.F.);
#3665=ADVANCED_FACE('',(#417),#3473,.F.);
#3666=ADVANCED_FACE('',(#418),#231,.F.);
#3667=ADVANCED_FACE('',(#419),#3474,.F.);
#3668=ADVANCED_FACE('',(#420),#232,.F.);
#3669=ADVANCED_FACE('',(#421),#3475,.F.);
#3670=ADVANCED_FACE('',(#422),#233,.F.);
#3671=ADVANCED_FACE('',(#423,#14),#3476,.T.);
#3672=ADVANCED_FACE('',(#424),#3477,.T.);
#3673=ADVANCED_FACE('',(#425),#86,.T.);
#3674=ADVANCED_FACE('',(#426),#3478,.T.);
#3675=ADVANCED_FACE('',(#427),#87,.T.);
#3676=ADVANCED_FACE('',(#428,#15),#3479,.F.);
#3677=ADVANCED_FACE('',(#429),#88,.T.);
#3678=ADVANCED_FACE('',(#430),#3480,.T.);
#3679=ADVANCED_FACE('',(#431),#89,.T.);
#3680=ADVANCED_FACE('',(#432),#3481,.T.);
#3681=CLOSED_SHELL('',(#3482,#3483,#3484,#3485,#3486,#3487,#3488,#3489,
#3490,#3491,#3492,#3493,#3494,#3495,#3496,#3497,#3498,#3499,#3500,#3501,
#3502,#3503,#3504,#3505,#3506,#3507));
#3682=CLOSED_SHELL('',(#3508,#3509,#3510,#3511,#3512,#3513,#3514,#3515,
#3516,#3517));
#3683=CLOSED_SHELL('',(#3518,#3519,#3520));
#3684=CLOSED_SHELL('',(#3521,#3522,#3523));
#3685=CLOSED_SHELL('',(#3524,#3525,#3526));
#3686=CLOSED_SHELL('',(#3527,#3528,#3529));
#3687=CLOSED_SHELL('',(#3530,#3531,#3532,#3533,#3534,#3535,#3536,#3537,
#3538,#3539,#3540,#3541,#3542,#3543,#3544,#3545,#3546,#3547,#3548,#3549,
#3550,#3551,#3552,#3553,#3554,#3555,#3556,#3557,#3558,#3559,#3560,#3561,
#3562,#3563,#3564,#3565,#3566,#3567,#3568,#3569,#3570,#3571,#3572,#3573,
#3574,#3575,#3576,#3577,#3578,#3579,#3580,#3581,#3582,#3583,#3584,#3585,
#3586,#3587,#3588,#3589,#3590,#3591,#3592,#3593,#3594,#3595,#3596,#3597,
#3598,#3599,#3600,#3601,#3602,#3603,#3604,#3605,#3606,#3607,#3608,#3609,
#3610,#3611,#3612,#3613,#3614,#3615,#3616,#3617,#3618,#3619,#3620,#3621,
#3622,#3623,#3624,#3625,#3626,#3627,#3628,#3629,#3630,#3631,#3632,#3633,
#3634,#3635,#3636,#3637,#3638,#3639,#3640,#3641,#3642,#3643,#3644,#3645,
#3646,#3647,#3648,#3649,#3650,#3651,#3652,#3653,#3654,#3655,#3656,#3657,
#3658,#3659,#3660,#3661,#3662,#3663,#3664,#3665,#3666,#3667,#3668,#3669,
#3670,#3671,#3672,#3673,#3674,#3675,#3676,#3677,#3678,#3679,#3680));
#3688=DERIVED_UNIT_ELEMENT(#3690,1.);
#3689=DERIVED_UNIT_ELEMENT(#6169,-3.);
#3690=(
MASS_UNIT()
NAMED_UNIT(*)
SI_UNIT(.KILO.,.GRAM.)
);
#3691=DERIVED_UNIT((#3688,#3689));
#3692=MEASURE_REPRESENTATION_ITEM('density measure',
POSITIVE_RATIO_MEASURE(7850.),#3691);
#3693=PROPERTY_DEFINITION_REPRESENTATION(#3698,#3695);
#3694=PROPERTY_DEFINITION_REPRESENTATION(#3699,#3696);
#3695=REPRESENTATION('material name',(#3697),#6166);
#3696=REPRESENTATION('density',(#3692),#6166);
#3697=DESCRIPTIVE_REPRESENTATION_ITEM('\X2\94A2\X0\','\X2\94A2\X0\');
#3698=PROPERTY_DEFINITION('material property','material name',#6176);
#3699=PROPERTY_DEFINITION('material property','density of part',#6176);
#3700=AXIS2_PLACEMENT_3D('',#5092,#4032,#4033);
#3701=AXIS2_PLACEMENT_3D('',#5093,#4034,#4035);
#3702=AXIS2_PLACEMENT_3D('',#5102,#4040,#4041);
#3703=AXIS2_PLACEMENT_3D('',#5106,#4043,#4044);
#3704=AXIS2_PLACEMENT_3D('',#5107,#4045,#4046);
#3705=AXIS2_PLACEMENT_3D('',#5108,#4047,#4048);
#3706=AXIS2_PLACEMENT_3D('',#5114,#4052,#4053);
#3707=AXIS2_PLACEMENT_3D('',#5118,#4055,#4056);
#3708=AXIS2_PLACEMENT_3D('',#5119,#4057,#4058);
#3709=AXIS2_PLACEMENT_3D('',#5120,#4059,#4060);
#3710=AXIS2_PLACEMENT_3D('',#5126,#4064,#4065);
#3711=AXIS2_PLACEMENT_3D('',#5130,#4067,#4068);
#3712=AXIS2_PLACEMENT_3D('',#5131,#4069,#4070);
#3713=AXIS2_PLACEMENT_3D('',#5132,#4071,#4072);
#3714=AXIS2_PLACEMENT_3D('',#5138,#4076,#4077);
#3715=AXIS2_PLACEMENT_3D('',#5139,#4078,#4079);
#3716=AXIS2_PLACEMENT_3D('',#5140,#4080,#4081);
#3717=AXIS2_PLACEMENT_3D('',#5141,#4082,#4083);
#3718=AXIS2_PLACEMENT_3D('',#5145,#4085,#4086);
#3719=AXIS2_PLACEMENT_3D('',#5147,#4088,#4089);
#3720=AXIS2_PLACEMENT_3D('',#5151,#4092,#4093);
#3721=AXIS2_PLACEMENT_3D('',#5154,#4095,#4096);
#3722=AXIS2_PLACEMENT_3D('',#5155,#4097,#4098);
#3723=AXIS2_PLACEMENT_3D('',#5159,#4101,#4102);
#3724=AXIS2_PLACEMENT_3D('',#5160,#4103,#4104);
#3725=AXIS2_PLACEMENT_3D('',#5163,#4106,#4107);
#3726=AXIS2_PLACEMENT_3D('',#5164,#4108,#4109);
#3727=AXIS2_PLACEMENT_3D('',#5168,#4112,#4113);
#3728=AXIS2_PLACEMENT_3D('',#5171,#4115,#4116);
#3729=AXIS2_PLACEMENT_3D('',#5172,#4117,#4118);
#3730=AXIS2_PLACEMENT_3D('',#5174,#4120,#4121);
#3731=AXIS2_PLACEMENT_3D('',#5180,#4125,#4126);
#3732=AXIS2_PLACEMENT_3D('',#5183,#4128,#4129);
#3733=AXIS2_PLACEMENT_3D('',#5184,#4130,#4131);
#3734=AXIS2_PLACEMENT_3D('',#5188,#4134,#4135);
#3735=AXIS2_PLACEMENT_3D('',#5191,#4137,#4138);
#3736=AXIS2_PLACEMENT_3D('',#5192,#4139,#4140);
#3737=AXIS2_PLACEMENT_3D('',#5196,#4143,#4144);
#3738=AXIS2_PLACEMENT_3D('',#5199,#4146,#4147);
#3739=AXIS2_PLACEMENT_3D('',#5200,#4148,#4149);
#3740=AXIS2_PLACEMENT_3D('',#5204,#4152,#4153);
#3741=AXIS2_PLACEMENT_3D('',#5205,#4154,#4155);
#3742=AXIS2_PLACEMENT_3D('',#5206,#4156,#4157);
#3743=AXIS2_PLACEMENT_3D('',#5207,#4158,#4159);
#3744=AXIS2_PLACEMENT_3D('',#5210,#4160,#4161);
#3745=AXIS2_PLACEMENT_3D('',#5214,#4163,#4164);
#3746=AXIS2_PLACEMENT_3D('',#5216,#4166,#4167);
#3747=AXIS2_PLACEMENT_3D('',#5222,#4171,#4172);
#3748=AXIS2_PLACEMENT_3D('',#5226,#4174,#4175);
#3749=AXIS2_PLACEMENT_3D('',#5230,#4177,#4178);
#3750=AXIS2_PLACEMENT_3D('',#5233,#4180,#4181);
#3751=AXIS2_PLACEMENT_3D('',#5234,#4182,#4183);
#3752=AXIS2_PLACEMENT_3D('',#5236,#4184,#4185);
#3753=AXIS2_PLACEMENT_3D('',#5238,#4187,#4188);
#3754=AXIS2_PLACEMENT_3D('',#5242,#4191,#4192);
#3755=AXIS2_PLACEMENT_3D('',#5244,#4193,#4194);
#3756=AXIS2_PLACEMENT_3D('',#5246,#4196,#4197);
#3757=AXIS2_PLACEMENT_3D('',#5250,#4200,#4201);
#3758=AXIS2_PLACEMENT_3D('',#5252,#4202,#4203);
#3759=AXIS2_PLACEMENT_3D('',#5254,#4205,#4206);
#3760=AXIS2_PLACEMENT_3D('',#5256,#4208,#4209);
#3761=AXIS2_PLACEMENT_3D('',#5257,#4210,#4211);
#3762=AXIS2_PLACEMENT_3D('',#5259,#4212,#4213);
#3763=AXIS2_PLACEMENT_3D('',#5262,#4215,#4216);
#3764=AXIS2_PLACEMENT_3D('',#5263,#4217,#4218);
#3765=AXIS2_PLACEMENT_3D('',#5264,#4219,#4220);
#3766=AXIS2_PLACEMENT_3D('',#5265,#4221,#4222);
#3767=AXIS2_PLACEMENT_3D('',#5267,#4223,#4224);
#3768=AXIS2_PLACEMENT_3D('',#5270,#4226,#4227);
#3769=AXIS2_PLACEMENT_3D('',#5271,#4228,#4229);
#3770=AXIS2_PLACEMENT_3D('',#5272,#4230,#4231);
#3771=AXIS2_PLACEMENT_3D('',#5273,#4232,#4233);
#3772=AXIS2_PLACEMENT_3D('',#5275,#4234,#4235);
#3773=AXIS2_PLACEMENT_3D('',#5278,#4237,#4238);
#3774=AXIS2_PLACEMENT_3D('',#5279,#4239,#4240);
#3775=AXIS2_PLACEMENT_3D('',#5280,#4241,#4242);
#3776=AXIS2_PLACEMENT_3D('',#5281,#4243,#4244);
#3777=AXIS2_PLACEMENT_3D('',#5283,#4245,#4246);
#3778=AXIS2_PLACEMENT_3D('',#5286,#4248,#4249);
#3779=AXIS2_PLACEMENT_3D('',#5287,#4250,#4251);
#3780=AXIS2_PLACEMENT_3D('',#5288,#4252,#4253);
#3781=AXIS2_PLACEMENT_3D('',#5289,#4254,#4255);
#3782=AXIS2_PLACEMENT_3D('',#5292,#4256,#4257);
#3783=AXIS2_PLACEMENT_3D('',#5296,#4259,#4260);
#3784=AXIS2_PLACEMENT_3D('',#5298,#4262,#4263);
#3785=AXIS2_PLACEMENT_3D('',#5304,#4267,#4268);
#3786=AXIS2_PLACEMENT_3D('',#5306,#4269,#4270);
#3787=AXIS2_PLACEMENT_3D('',#5308,#4271,#4272);
#3788=AXIS2_PLACEMENT_3D('',#5310,#4274,#4275);
#3789=AXIS2_PLACEMENT_3D('',#5316,#4279,#4280);
#3790=AXIS2_PLACEMENT_3D('',#5322,#4284,#4285);
#3791=AXIS2_PLACEMENT_3D('',#5324,#4287,#4288);
#3792=AXIS2_PLACEMENT_3D('',#5327,#4289,#4290);
#3793=AXIS2_PLACEMENT_3D('',#5331,#4292,#4293);
#3794=AXIS2_PLACEMENT_3D('',#5333,#4295,#4296);
#3795=AXIS2_PLACEMENT_3D('',#5339,#4300,#4301);
#3796=AXIS2_PLACEMENT_3D('',#5341,#4302,#4303);
#3797=AXIS2_PLACEMENT_3D('',#5343,#4304,#4305);
#3798=AXIS2_PLACEMENT_3D('',#5345,#4307,#4308);
#3799=AXIS2_PLACEMENT_3D('',#5351,#4312,#4313);
#3800=AXIS2_PLACEMENT_3D('',#5357,#4317,#4318);
#3801=AXIS2_PLACEMENT_3D('',#5359,#4320,#4321);
#3802=AXIS2_PLACEMENT_3D('',#5362,#4322,#4323);
#3803=AXIS2_PLACEMENT_3D('',#5366,#4325,#4326);
#3804=AXIS2_PLACEMENT_3D('',#5368,#4328,#4329);
#3805=AXIS2_PLACEMENT_3D('',#5374,#4333,#4334);
#3806=AXIS2_PLACEMENT_3D('',#5376,#4335,#4336);
#3807=AXIS2_PLACEMENT_3D('',#5378,#4337,#4338);
#3808=AXIS2_PLACEMENT_3D('',#5380,#4340,#4341);
#3809=AXIS2_PLACEMENT_3D('',#5386,#4345,#4346);
#3810=AXIS2_PLACEMENT_3D('',#5392,#4350,#4351);
#3811=AXIS2_PLACEMENT_3D('',#5394,#4353,#4354);
#3812=AXIS2_PLACEMENT_3D('',#5397,#4355,#4356);
#3813=AXIS2_PLACEMENT_3D('',#5401,#4358,#4359);
#3814=AXIS2_PLACEMENT_3D('',#5403,#4361,#4362);
#3815=AXIS2_PLACEMENT_3D('',#5409,#4366,#4367);
#3816=AXIS2_PLACEMENT_3D('',#5411,#4368,#4369);
#3817=AXIS2_PLACEMENT_3D('',#5413,#4370,#4371);
#3818=AXIS2_PLACEMENT_3D('',#5415,#4373,#4374);
#3819=AXIS2_PLACEMENT_3D('',#5421,#4378,#4379);
#3820=AXIS2_PLACEMENT_3D('',#5427,#4383,#4384);
#3821=AXIS2_PLACEMENT_3D('',#5429,#4386,#4387);
#3822=AXIS2_PLACEMENT_3D('',#5432,#4388,#4389);
#3823=AXIS2_PLACEMENT_3D('',#5436,#4391,#4392);
#3824=AXIS2_PLACEMENT_3D('',#5438,#4394,#4395);
#3825=AXIS2_PLACEMENT_3D('',#5444,#4399,#4400);
#3826=AXIS2_PLACEMENT_3D('',#5446,#4401,#4402);
#3827=AXIS2_PLACEMENT_3D('',#5448,#4403,#4404);
#3828=AXIS2_PLACEMENT_3D('',#5450,#4406,#4407);
#3829=AXIS2_PLACEMENT_3D('',#5456,#4411,#4412);
#3830=AXIS2_PLACEMENT_3D('',#5462,#4416,#4417);
#3831=AXIS2_PLACEMENT_3D('',#5464,#4419,#4420);
#3832=AXIS2_PLACEMENT_3D('',#5467,#4421,#4422);
#3833=AXIS2_PLACEMENT_3D('',#5471,#4424,#4425);
#3834=AXIS2_PLACEMENT_3D('',#5473,#4427,#4428);
#3835=AXIS2_PLACEMENT_3D('',#5479,#4432,#4433);
#3836=AXIS2_PLACEMENT_3D('',#5481,#4434,#4435);
#3837=AXIS2_PLACEMENT_3D('',#5483,#4436,#4437);
#3838=AXIS2_PLACEMENT_3D('',#5485,#4439,#4440);
#3839=AXIS2_PLACEMENT_3D('',#5491,#4444,#4445);
#3840=AXIS2_PLACEMENT_3D('',#5497,#4449,#4450);
#3841=AXIS2_PLACEMENT_3D('',#5499,#4452,#4453);
#3842=AXIS2_PLACEMENT_3D('',#5502,#4454,#4455);
#3843=AXIS2_PLACEMENT_3D('',#5506,#4457,#4458);
#3844=AXIS2_PLACEMENT_3D('',#5508,#4460,#4461);
#3845=AXIS2_PLACEMENT_3D('',#5514,#4465,#4466);
#3846=AXIS2_PLACEMENT_3D('',#5516,#4467,#4468);
#3847=AXIS2_PLACEMENT_3D('',#5518,#4469,#4470);
#3848=AXIS2_PLACEMENT_3D('',#5520,#4472,#4473);
#3849=AXIS2_PLACEMENT_3D('',#5526,#4477,#4478);
#3850=AXIS2_PLACEMENT_3D('',#5532,#4482,#4483);
#3851=AXIS2_PLACEMENT_3D('',#5534,#4485,#4486);
#3852=AXIS2_PLACEMENT_3D('',#5537,#4487,#4488);
#3853=AXIS2_PLACEMENT_3D('',#5541,#4490,#4491);
#3854=AXIS2_PLACEMENT_3D('',#5543,#4493,#4494);
#3855=AXIS2_PLACEMENT_3D('',#5549,#4498,#4499);
#3856=AXIS2_PLACEMENT_3D('',#5551,#4500,#4501);
#3857=AXIS2_PLACEMENT_3D('',#5553,#4502,#4503);
#3858=AXIS2_PLACEMENT_3D('',#5555,#4505,#4506);
#3859=AXIS2_PLACEMENT_3D('',#5561,#4510,#4511);
#3860=AXIS2_PLACEMENT_3D('',#5567,#4515,#4516);
#3861=AXIS2_PLACEMENT_3D('',#5569,#4518,#4519);
#3862=AXIS2_PLACEMENT_3D('',#5590,#4532,#4533);
#3863=AXIS2_PLACEMENT_3D('',#5611,#4546,#4547);
#3864=AXIS2_PLACEMENT_3D('',#5614,#4548,#4549);
#3865=AXIS2_PLACEMENT_3D('',#5618,#4551,#4552);
#3866=AXIS2_PLACEMENT_3D('',#5620,#4554,#4555);
#3867=AXIS2_PLACEMENT_3D('',#5626,#4559,#4560);
#3868=AXIS2_PLACEMENT_3D('',#5628,#4561,#4562);
#3869=AXIS2_PLACEMENT_3D('',#5630,#4563,#4564);
#3870=AXIS2_PLACEMENT_3D('',#5632,#4566,#4567);
#3871=AXIS2_PLACEMENT_3D('',#5635,#4570,#4571);
#3872=AXIS2_PLACEMENT_3D('',#5638,#4574,#4575);
#3873=AXIS2_PLACEMENT_3D('',#5639,#4576,#4577);
#3874=AXIS2_PLACEMENT_3D('',#5642,#4578,#4579);
#3875=AXIS2_PLACEMENT_3D('',#5646,#4581,#4582);
#3876=AXIS2_PLACEMENT_3D('',#5648,#4584,#4585);
#3877=AXIS2_PLACEMENT_3D('',#5654,#4589,#4590);
#3878=AXIS2_PLACEMENT_3D('',#5656,#4591,#4592);
#3879=AXIS2_PLACEMENT_3D('',#5658,#4593,#4594);
#3880=AXIS2_PLACEMENT_3D('',#5660,#4596,#4597);
#3881=AXIS2_PLACEMENT_3D('',#5663,#4600,#4601);
#3882=AXIS2_PLACEMENT_3D('',#5666,#4604,#4605);
#3883=AXIS2_PLACEMENT_3D('',#5667,#4606,#4607);
#3884=AXIS2_PLACEMENT_3D('',#5670,#4608,#4609);
#3885=AXIS2_PLACEMENT_3D('',#5674,#4611,#4612);
#3886=AXIS2_PLACEMENT_3D('',#5676,#4614,#4615);
#3887=AXIS2_PLACEMENT_3D('',#5682,#4619,#4620);
#3888=AXIS2_PLACEMENT_3D('',#5684,#4621,#4622);
#3889=AXIS2_PLACEMENT_3D('',#5686,#4623,#4624);
#3890=AXIS2_PLACEMENT_3D('',#5688,#4626,#4627);
#3891=AXIS2_PLACEMENT_3D('',#5694,#4631,#4632);
#3892=AXIS2_PLACEMENT_3D('',#5700,#4636,#4637);
#3893=AXIS2_PLACEMENT_3D('',#5702,#4639,#4640);
#3894=AXIS2_PLACEMENT_3D('',#5711,#4645,#4646);
#3895=AXIS2_PLACEMENT_3D('',#5720,#4651,#4652);
#3896=AXIS2_PLACEMENT_3D('',#5722,#4653,#4654);
#3897=AXIS2_PLACEMENT_3D('',#5724,#4655,#4656);
#3898=AXIS2_PLACEMENT_3D('',#5726,#4658,#4659);
#3899=AXIS2_PLACEMENT_3D('',#5732,#4663,#4664);
#3900=AXIS2_PLACEMENT_3D('',#5733,#4665,#4666);
#3901=AXIS2_PLACEMENT_3D('',#5734,#4667,#4668);
#3902=AXIS2_PLACEMENT_3D('',#5735,#4669,#4670);
#3903=AXIS2_PLACEMENT_3D('',#5737,#4672,#4673);
#3904=AXIS2_PLACEMENT_3D('',#5740,#4674,#4675);
#3905=AXIS2_PLACEMENT_3D('',#5744,#4677,#4678);
#3906=AXIS2_PLACEMENT_3D('',#5746,#4680,#4681);
#3907=AXIS2_PLACEMENT_3D('',#5752,#4685,#4686);
#3908=AXIS2_PLACEMENT_3D('',#5754,#4687,#4688);
#3909=AXIS2_PLACEMENT_3D('',#5756,#4689,#4690);
#3910=AXIS2_PLACEMENT_3D('',#5758,#4692,#4693);
#3911=AXIS2_PLACEMENT_3D('',#5764,#4697,#4698);
#3912=AXIS2_PLACEMENT_3D('',#5770,#4702,#4703);
#3913=AXIS2_PLACEMENT_3D('',#5772,#4705,#4706);
#3914=AXIS2_PLACEMENT_3D('',#5781,#4711,#4712);
#3915=AXIS2_PLACEMENT_3D('',#5790,#4717,#4718);
#3916=AXIS2_PLACEMENT_3D('',#5792,#4719,#4720);
#3917=AXIS2_PLACEMENT_3D('',#5794,#4721,#4722);
#3918=AXIS2_PLACEMENT_3D('',#5796,#4724,#4725);
#3919=AXIS2_PLACEMENT_3D('',#5802,#4729,#4730);
#3920=AXIS2_PLACEMENT_3D('',#5803,#4731,#4732);
#3921=AXIS2_PLACEMENT_3D('',#5804,#4733,#4734);
#3922=AXIS2_PLACEMENT_3D('',#5805,#4735,#4736);
#3923=AXIS2_PLACEMENT_3D('',#5807,#4738,#4739);
#3924=AXIS2_PLACEMENT_3D('',#5810,#4740,#4741);
#3925=AXIS2_PLACEMENT_3D('',#5814,#4743,#4744);
#3926=AXIS2_PLACEMENT_3D('',#5816,#4746,#4747);
#3927=AXIS2_PLACEMENT_3D('',#5822,#4751,#4752);
#3928=AXIS2_PLACEMENT_3D('',#5824,#4753,#4754);
#3929=AXIS2_PLACEMENT_3D('',#5826,#4755,#4756);
#3930=AXIS2_PLACEMENT_3D('',#5828,#4758,#4759);
#3931=AXIS2_PLACEMENT_3D('',#5834,#4763,#4764);
#3932=AXIS2_PLACEMENT_3D('',#5840,#4768,#4769);
#3933=AXIS2_PLACEMENT_3D('',#5842,#4771,#4772);
#3934=AXIS2_PLACEMENT_3D('',#5851,#4777,#4778);
#3935=AXIS2_PLACEMENT_3D('',#5860,#4783,#4784);
#3936=AXIS2_PLACEMENT_3D('',#5862,#4785,#4786);
#3937=AXIS2_PLACEMENT_3D('',#5864,#4787,#4788);
#3938=AXIS2_PLACEMENT_3D('',#5866,#4790,#4791);
#3939=AXIS2_PLACEMENT_3D('',#5872,#4795,#4796);
#3940=AXIS2_PLACEMENT_3D('',#5873,#4797,#4798);
#3941=AXIS2_PLACEMENT_3D('',#5874,#4799,#4800);
#3942=AXIS2_PLACEMENT_3D('',#5875,#4801,#4802);
#3943=AXIS2_PLACEMENT_3D('',#5877,#4804,#4805);
#3944=AXIS2_PLACEMENT_3D('',#5880,#4806,#4807);
#3945=AXIS2_PLACEMENT_3D('',#5884,#4809,#4810);
#3946=AXIS2_PLACEMENT_3D('',#5886,#4812,#4813);
#3947=AXIS2_PLACEMENT_3D('',#5892,#4817,#4818);
#3948=AXIS2_PLACEMENT_3D('',#5894,#4819,#4820);
#3949=AXIS2_PLACEMENT_3D('',#5896,#4821,#4822);
#3950=AXIS2_PLACEMENT_3D('',#5898,#4824,#4825);
#3951=AXIS2_PLACEMENT_3D('',#5904,#4829,#4830);
#3952=AXIS2_PLACEMENT_3D('',#5910,#4834,#4835);
#3953=AXIS2_PLACEMENT_3D('',#5912,#4837,#4838);
#3954=AXIS2_PLACEMENT_3D('',#5921,#4843,#4844);
#3955=AXIS2_PLACEMENT_3D('',#5930,#4849,#4850);
#3956=AXIS2_PLACEMENT_3D('',#5932,#4851,#4852);
#3957=AXIS2_PLACEMENT_3D('',#5934,#4853,#4854);
#3958=AXIS2_PLACEMENT_3D('',#5936,#4856,#4857);
#3959=AXIS2_PLACEMENT_3D('',#5942,#4861,#4862);
#3960=AXIS2_PLACEMENT_3D('',#5943,#4863,#4864);
#3961=AXIS2_PLACEMENT_3D('',#5944,#4865,#4866);
#3962=AXIS2_PLACEMENT_3D('',#5945,#4867,#4868);
#3963=AXIS2_PLACEMENT_3D('',#5947,#4870,#4871);
#3964=AXIS2_PLACEMENT_3D('',#5962,#4882,#4883);
#3965=AXIS2_PLACEMENT_3D('',#5977,#4894,#4895);
#3966=AXIS2_PLACEMENT_3D('',#5983,#4899,#4900);
#3967=AXIS2_PLACEMENT_3D('',#5989,#4904,#4905);
#3968=AXIS2_PLACEMENT_3D('',#5991,#4906,#4907);
#3969=AXIS2_PLACEMENT_3D('',#5993,#4908,#4909);
#3970=AXIS2_PLACEMENT_3D('',#5995,#4911,#4912);
#3971=AXIS2_PLACEMENT_3D('',#6001,#4916,#4917);
#3972=AXIS2_PLACEMENT_3D('',#6002,#4918,#4919);
#3973=AXIS2_PLACEMENT_3D('',#6003,#4920,#4921);
#3974=AXIS2_PLACEMENT_3D('',#6004,#4922,#4923);
#3975=AXIS2_PLACEMENT_3D('',#6005,#4924,#4925);
#3976=AXIS2_PLACEMENT_3D('',#6008,#4926,#4927);
#3977=AXIS2_PLACEMENT_3D('',#6012,#4929,#4930);
#3978=AXIS2_PLACEMENT_3D('',#6014,#4932,#4933);
#3979=AXIS2_PLACEMENT_3D('',#6020,#4937,#4938);
#3980=AXIS2_PLACEMENT_3D('',#6022,#4939,#4940);
#3981=AXIS2_PLACEMENT_3D('',#6024,#4941,#4942);
#3982=AXIS2_PLACEMENT_3D('',#6026,#4944,#4945);
#3983=AXIS2_PLACEMENT_3D('',#6029,#4948,#4949);
#3984=AXIS2_PLACEMENT_3D('',#6032,#4952,#4953);
#3985=AXIS2_PLACEMENT_3D('',#6033,#4954,#4955);
#3986=AXIS2_PLACEMENT_3D('',#6036,#4956,#4957);
#3987=AXIS2_PLACEMENT_3D('',#6040,#4959,#4960);
#3988=AXIS2_PLACEMENT_3D('',#6042,#4962,#4963);
#3989=AXIS2_PLACEMENT_3D('',#6048,#4967,#4968);
#3990=AXIS2_PLACEMENT_3D('',#6050,#4969,#4970);
#3991=AXIS2_PLACEMENT_3D('',#6053,#4972,#4973);
#3992=AXIS2_PLACEMENT_3D('',#6054,#4974,#4975);
#3993=AXIS2_PLACEMENT_3D('',#6060,#4979,#4980);
#3994=AXIS2_PLACEMENT_3D('',#6062,#4981,#4982);
#3995=AXIS2_PLACEMENT_3D('',#6065,#4984,#4985);
#3996=AXIS2_PLACEMENT_3D('',#6066,#4986,#4987);
#3997=AXIS2_PLACEMENT_3D('',#6072,#4991,#4992);
#3998=AXIS2_PLACEMENT_3D('',#6074,#4993,#4994);
#3999=AXIS2_PLACEMENT_3D('',#6077,#4996,#4997);
#4000=AXIS2_PLACEMENT_3D('',#6078,#4998,#4999);
#4001=AXIS2_PLACEMENT_3D('',#6081,#5002,#5003);
#4002=AXIS2_PLACEMENT_3D('',#6082,#5004,#5005);
#4003=AXIS2_PLACEMENT_3D('',#6088,#5009,#5010);
#4004=AXIS2_PLACEMENT_3D('',#6090,#5011,#5012);
#4005=AXIS2_PLACEMENT_3D('',#6092,#5014,#5015);
#4006=AXIS2_PLACEMENT_3D('',#6096,#5018,#5019);
#4007=AXIS2_PLACEMENT_3D('',#6098,#5020,#5021);
#4008=AXIS2_PLACEMENT_3D('',#6100,#5023,#5024);
#4009=AXIS2_PLACEMENT_3D('',#6104,#5027,#5028);
#4010=AXIS2_PLACEMENT_3D('',#6106,#5029,#5030);
#4011=AXIS2_PLACEMENT_3D('',#6108,#5032,#5033);
#4012=AXIS2_PLACEMENT_3D('',#6112,#5036,#5037);
#4013=AXIS2_PLACEMENT_3D('',#6113,#5038,#5039);
#4014=AXIS2_PLACEMENT_3D('',#6114,#5040,#5041);
#4015=AXIS2_PLACEMENT_3D('',#6117,#5042,#5043);
#4016=AXIS2_PLACEMENT_3D('',#6121,#5045,#5046);
#4017=AXIS2_PLACEMENT_3D('',#6125,#5048,#5049);
#4018=AXIS2_PLACEMENT_3D('',#6129,#5051,#5052);
#4019=AXIS2_PLACEMENT_3D('',#6131,#5054,#5055);
#4020=AXIS2_PLACEMENT_3D('',#6137,#5059,#5060);
#4021=AXIS2_PLACEMENT_3D('',#6140,#5062,#5063);
#4022=AXIS2_PLACEMENT_3D('',#6141,#5064,#5065);
#4023=AXIS2_PLACEMENT_3D('',#6145,#5068,#5069);
#4024=AXIS2_PLACEMENT_3D('',#6148,#5071,#5072);
#4025=AXIS2_PLACEMENT_3D('',#6149,#5073,#5074);
#4026=AXIS2_PLACEMENT_3D('',#6153,#5076,#5077);
#4027=AXIS2_PLACEMENT_3D('',#6156,#5079,#5080);
#4028=AXIS2_PLACEMENT_3D('',#6157,#5081,#5082);
#4029=AXIS2_PLACEMENT_3D('',#6159,#5084,#5085);
#4030=AXIS2_PLACEMENT_3D('',#6161,#5087,#5088);
#4031=AXIS2_PLACEMENT_3D('',#6163,#5090,#5091);
#4032=DIRECTION('axis',(0.,0.,1.));
#4033=DIRECTION('refdir',(1.,0.,0.));
#4034=DIRECTION('center_axis',(0.,-0.707106781186548,-0.707106781186548));
#4035=DIRECTION('ref_axis',(-1.,0.,0.));
#4036=DIRECTION('',(0.,0.707106781186548,-0.707106781186548));
#4037=DIRECTION('',(1.,0.,0.));
#4038=DIRECTION('',(0.,-0.707106781186548,0.707106781186548));
#4039=DIRECTION('',(-1.,0.,0.));
#4040=DIRECTION('center_axis',(0.,0.,1.));
#4041=DIRECTION('ref_axis',(-1.,0.,0.));
#4042=DIRECTION('',(0.707106781186548,0.,-0.707106781186547));
#4043=DIRECTION('center_axis',(0.,0.,1.));
#4044=DIRECTION('ref_axis',(-1.,0.,0.));
#4045=DIRECTION('center_axis',(0.,0.,-1.));
#4046=DIRECTION('ref_axis',(-1.,0.,0.));
#4047=DIRECTION('center_axis',(-0.707106781186548,0.,-0.707106781186548));
#4048=DIRECTION('ref_axis',(-0.707106781186548,0.,0.707106781186548));
#4049=DIRECTION('',(0.707106781186548,0.,-0.707106781186548));
#4050=DIRECTION('',(0.,-1.,0.));
#4051=DIRECTION('',(0.,1.,0.));
#4052=DIRECTION('center_axis',(0.,0.,1.));
#4053=DIRECTION('ref_axis',(0.,1.,0.));
#4054=DIRECTION('',(0.,-0.707106781186548,-0.707106781186547));
#4055=DIRECTION('center_axis',(0.,0.,1.));
#4056=DIRECTION('ref_axis',(0.,1.,0.));
#4057=DIRECTION('center_axis',(0.,0.,-1.));
#4058=DIRECTION('ref_axis',(0.,1.,0.));
#4059=DIRECTION('center_axis',(1.87473726410003E-16,0.707106781186548,-0.707106781186548));
#4060=DIRECTION('ref_axis',(-1.,0.,-2.65127886477649E-16));
#4061=DIRECTION('',(0.,-0.707106781186548,-0.707106781186548));
#4062=DIRECTION('',(-1.,2.65127886477649E-16,0.));
#4063=DIRECTION('',(1.,-2.65127886477649E-16,0.));
#4064=DIRECTION('center_axis',(0.,0.,1.));
#4065=DIRECTION('ref_axis',(1.,0.,0.));
#4066=DIRECTION('',(-0.707106781186548,0.,-0.707106781186547));
#4067=DIRECTION('center_axis',(0.,0.,1.));
#4068=DIRECTION('ref_axis',(1.,0.,0.));
#4069=DIRECTION('center_axis',(0.,0.,-1.));
#4070=DIRECTION('ref_axis',(1.,0.,0.));
#4071=DIRECTION('center_axis',(0.707106781186548,0.,-0.707106781186548));
#4072=DIRECTION('ref_axis',(-0.707106781186548,0.,-0.707106781186548));
#4073=DIRECTION('',(-0.707106781186548,0.,-0.707106781186548));
#4074=DIRECTION('',(0.,1.,0.));
#4075=DIRECTION('',(0.,-1.,0.));
#4076=DIRECTION('center_axis',(0.,0.,1.));
#4077=DIRECTION('ref_axis',(-4.44089209850062E-15,-1.,0.));
#4078=DIRECTION('center_axis',(0.,0.,1.));
#4079=DIRECTION('ref_axis',(-4.44089209850062E-15,-1.,0.));
#4080=DIRECTION('center_axis',(0.,0.,-1.));
#4081=DIRECTION('ref_axis',(-4.44089209850062E-15,-1.,0.));
#4082=DIRECTION('center_axis',(0.,0.,-1.));
#4083=DIRECTION('ref_axis',(0.,1.,0.));
#4084=DIRECTION('',(0.,0.,-1.));
#4085=DIRECTION('center_axis',(0.,0.,1.));
#4086=DIRECTION('ref_axis',(0.,1.,0.));
#4087=DIRECTION('',(0.,0.,-1.));
#4088=DIRECTION('center_axis',(-1.,0.,0.));
#4089=DIRECTION('ref_axis',(0.,1.,0.));
#4090=DIRECTION('',(0.,0.,-1.));
#4091=DIRECTION('',(0.,-1.,0.));
#4092=DIRECTION('center_axis',(0.,0.,-1.));
#4093=DIRECTION('ref_axis',(-1.,0.,0.));
#4094=DIRECTION('',(0.,0.,-1.));
#4095=DIRECTION('center_axis',(0.,0.,1.));
#4096=DIRECTION('ref_axis',(-1.,0.,0.));
#4097=DIRECTION('center_axis',(0.,-1.,0.));
#4098=DIRECTION('ref_axis',(-1.,0.,0.));
#4099=DIRECTION('',(0.,0.,-1.));
#4100=DIRECTION('',(1.,0.,0.));
#4101=DIRECTION('center_axis',(0.,0.,1.));
#4102=DIRECTION('ref_axis',(1.,0.,0.));
#4103=DIRECTION('center_axis',(0.,0.,-1.));
#4104=DIRECTION('ref_axis',(-4.44089209850062E-15,-1.,0.));
#4105=DIRECTION('',(0.,0.,-1.));
#4106=DIRECTION('center_axis',(0.,0.,1.));
#4107=DIRECTION('ref_axis',(-4.44089209850062E-15,-1.,0.));
#4108=DIRECTION('center_axis',(1.,0.,0.));
#4109=DIRECTION('ref_axis',(0.,-1.,0.));
#4110=DIRECTION('',(0.,0.,-1.));
#4111=DIRECTION('',(0.,1.,0.));
#4112=DIRECTION('center_axis',(0.,0.,-1.));
#4113=DIRECTION('ref_axis',(1.,0.,0.));
#4114=DIRECTION('',(0.,0.,-1.));
#4115=DIRECTION('center_axis',(0.,0.,1.));
#4116=DIRECTION('ref_axis',(1.,0.,0.));
#4117=DIRECTION('center_axis',(2.65127886477649E-16,1.,0.));
#4118=DIRECTION('ref_axis',(1.,-2.65127886477649E-16,0.));
#4119=DIRECTION('',(-1.,2.65127886477649E-16,0.));
#4120=DIRECTION('center_axis',(0.,-0.707106781186548,-0.707106781186548));
#4121=DIRECTION('ref_axis',(-1.,0.,0.));
#4122=DIRECTION('',(0.,0.707106781186545,-0.70710678118655));
#4123=DIRECTION('',(0.,-0.707106781186547,0.707106781186547));
#4124=DIRECTION('',(1.,0.,0.));
#4125=DIRECTION('center_axis',(0.,0.,1.));
#4126=DIRECTION('ref_axis',(-1.,0.,0.));
#4127=DIRECTION('',(0.707106781186547,0.,-0.707106781186547));
#4128=DIRECTION('center_axis',(0.,0.,1.));
#4129=DIRECTION('ref_axis',(-1.,0.,0.));
#4130=DIRECTION('center_axis',(-0.707106781186548,0.,-0.707106781186548));
#4131=DIRECTION('ref_axis',(-0.707106781186548,0.,0.707106781186548));
#4132=DIRECTION('',(0.707106781186546,-6.54205191118241E-16,-0.707106781186549));
#4133=DIRECTION('',(0.,-1.,0.));
#4134=DIRECTION('center_axis',(0.,0.,1.));
#4135=DIRECTION('ref_axis',(0.,1.,0.));
#4136=DIRECTION('',(0.,-0.707106781186547,-0.707106781186547));
#4137=DIRECTION('center_axis',(0.,0.,1.));
#4138=DIRECTION('ref_axis',(0.,1.,0.));
#4139=DIRECTION('center_axis',(1.87473726410003E-16,0.707106781186547,-0.707106781186548));
#4140=DIRECTION('ref_axis',(-1.,0.,-2.65127886477649E-16));
#4141=DIRECTION('',(-6.5420519111824E-16,-0.707106781186547,-0.707106781186547));
#4142=DIRECTION('',(-1.,2.65127886477649E-16,0.));
#4143=DIRECTION('center_axis',(0.,0.,1.));
#4144=DIRECTION('ref_axis',(1.,0.,0.));
#4145=DIRECTION('',(-0.707106781186547,0.,-0.707106781186547));
#4146=DIRECTION('center_axis',(0.,0.,1.));
#4147=DIRECTION('ref_axis',(1.,0.,0.));
#4148=DIRECTION('center_axis',(0.707106781186548,0.,-0.707106781186548));
#4149=DIRECTION('ref_axis',(-0.707106781186548,0.,-0.707106781186548));
#4150=DIRECTION('',(-0.70710678118655,-6.54205191118237E-16,-0.707106781186545));
#4151=DIRECTION('',(0.,1.,0.));
#4152=DIRECTION('center_axis',(0.,0.,1.));
#4153=DIRECTION('ref_axis',(-4.44089209850062E-15,-1.,0.));
#4154=DIRECTION('center_axis',(0.,0.,1.));
#4155=DIRECTION('ref_axis',(-4.44089209850062E-15,-1.,0.));
#4156=DIRECTION('center_axis',(0.,0.,1.));
#4157=DIRECTION('ref_axis',(1.,0.,0.));
#4158=DIRECTION('center_axis',(0.,0.,1.));
#4159=DIRECTION('ref_axis',(0.707106781186547,0.707106781186548,0.));
#4160=DIRECTION('center_axis',(0.,0.,-1.));
#4161=DIRECTION('ref_axis',(0.707106781186547,0.707106781186548,0.));
#4162=DIRECTION('',(0.,0.,-1.));
#4163=DIRECTION('center_axis',(0.,0.,1.));
#4164=DIRECTION('ref_axis',(0.707106781186547,0.707106781186548,0.));
#4165=DIRECTION('',(0.,0.,1.));
#4166=DIRECTION('center_axis',(-2.14018896313282E-16,1.,0.));
#4167=DIRECTION('ref_axis',(-1.,-2.14018896313282E-16,0.));
#4168=DIRECTION('',(1.,2.14018896313282E-16,0.));
#4169=DIRECTION('',(0.,0.,-1.));
#4170=DIRECTION('',(-1.,-2.14018896313282E-16,0.));
#4171=DIRECTION('center_axis',(0.,0.,1.));
#4172=DIRECTION('ref_axis',(1.,0.,0.));
#4173=DIRECTION('',(9.63085033409774E-16,-1.,0.));
#4174=DIRECTION('center_axis',(0.,0.,1.));
#4175=DIRECTION('ref_axis',(0.707106781186548,-0.707106781186548,0.));
#4176=DIRECTION('',(-1.,4.28037792626566E-16,0.));
#4177=DIRECTION('center_axis',(0.,0.,1.));
#4178=DIRECTION('ref_axis',(-0.707106781186546,-0.707106781186549,0.));
#4179=DIRECTION('',(-6.63458578571178E-15,1.,0.));
#4180=DIRECTION('center_axis',(0.,0.,1.));
#4181=DIRECTION('ref_axis',(-0.70710678118655,0.707106781186545,0.));
#4182=DIRECTION('center_axis',(0.,0.,1.));
#4183=DIRECTION('ref_axis',(-0.70710678118655,0.707106781186545,0.));
#4184=DIRECTION('center_axis',(0.,0.,-1.));
#4185=DIRECTION('ref_axis',(-0.70710678118655,0.707106781186545,0.));
#4186=DIRECTION('',(0.,0.,1.));
#4187=DIRECTION('center_axis',(-1.,-6.63458578571178E-15,0.));
#4188=DIRECTION('ref_axis',(6.63458578571178E-15,-1.,0.));
#4189=DIRECTION('',(0.,0.,-1.));
#4190=DIRECTION('',(6.63458578571178E-15,-1.,0.));
#4191=DIRECTION('center_axis',(0.,0.,1.));
#4192=DIRECTION('ref_axis',(-0.707106781186546,-0.707106781186549,0.));
#4193=DIRECTION('center_axis',(0.,0.,-1.));
#4194=DIRECTION('ref_axis',(-0.707106781186546,-0.707106781186549,0.));
#4195=DIRECTION('',(0.,0.,1.));
#4196=DIRECTION('center_axis',(-4.28037792626566E-16,-1.,0.));
#4197=DIRECTION('ref_axis',(1.,-4.28037792626566E-16,0.));
#4198=DIRECTION('',(0.,0.,-1.));
#4199=DIRECTION('',(1.,-4.28037792626566E-16,0.));
#4200=DIRECTION('center_axis',(0.,0.,1.));
#4201=DIRECTION('ref_axis',(0.707106781186548,-0.707106781186548,0.));
#4202=DIRECTION('center_axis',(0.,0.,-1.));
#4203=DIRECTION('ref_axis',(0.707106781186548,-0.707106781186548,0.));
#4204=DIRECTION('',(0.,0.,1.));
#4205=DIRECTION('center_axis',(1.,9.63085033409774E-16,0.));
#4206=DIRECTION('ref_axis',(-9.63085033409774E-16,1.,0.));
#4207=DIRECTION('',(-9.63085033409774E-16,1.,0.));
#4208=DIRECTION('center_axis',(0.,0.,1.));
#4209=DIRECTION('ref_axis',(1.,0.,0.));
#4210=DIRECTION('center_axis',(0.,0.,-1.));
#4211=DIRECTION('ref_axis',(1.,0.,0.));
#4212=DIRECTION('center_axis',(0.,0.,-1.));
#4213=DIRECTION('ref_axis',(1.,0.,0.));
#4214=DIRECTION('',(0.,0.,1.));
#4215=DIRECTION('center_axis',(0.,0.,1.));
#4216=DIRECTION('ref_axis',(1.,0.,0.));
#4217=DIRECTION('center_axis',(0.,0.,1.));
#4218=DIRECTION('ref_axis',(1.,0.,0.));
#4219=DIRECTION('center_axis',(0.,0.,1.));
#4220=DIRECTION('ref_axis',(1.,0.,0.));
#4221=DIRECTION('center_axis',(0.,0.,-1.));
#4222=DIRECTION('ref_axis',(1.,0.,0.));
#4223=DIRECTION('center_axis',(0.,0.,-1.));
#4224=DIRECTION('ref_axis',(1.,0.,0.));
#4225=DIRECTION('',(0.,0.,1.));
#4226=DIRECTION('center_axis',(0.,0.,1.));
#4227=DIRECTION('ref_axis',(1.,0.,0.));
#4228=DIRECTION('center_axis',(0.,0.,1.));
#4229=DIRECTION('ref_axis',(1.,0.,0.));
#4230=DIRECTION('center_axis',(0.,0.,1.));
#4231=DIRECTION('ref_axis',(1.,0.,0.));
#4232=DIRECTION('center_axis',(0.,0.,-1.));
#4233=DIRECTION('ref_axis',(1.,0.,0.));
#4234=DIRECTION('center_axis',(0.,0.,-1.));
#4235=DIRECTION('ref_axis',(1.,0.,0.));
#4236=DIRECTION('',(0.,0.,1.));
#4237=DIRECTION('center_axis',(0.,0.,1.));
#4238=DIRECTION('ref_axis',(1.,0.,0.));
#4239=DIRECTION('center_axis',(0.,0.,1.));
#4240=DIRECTION('ref_axis',(1.,0.,0.));
#4241=DIRECTION('center_axis',(0.,0.,1.));
#4242=DIRECTION('ref_axis',(1.,0.,0.));
#4243=DIRECTION('center_axis',(0.,0.,-1.));
#4244=DIRECTION('ref_axis',(1.,0.,0.));
#4245=DIRECTION('center_axis',(0.,0.,-1.));
#4246=DIRECTION('ref_axis',(1.,0.,0.));
#4247=DIRECTION('',(0.,0.,1.));
#4248=DIRECTION('center_axis',(0.,0.,1.));
#4249=DIRECTION('ref_axis',(1.,0.,0.));
#4250=DIRECTION('center_axis',(0.,0.,1.));
#4251=DIRECTION('ref_axis',(1.,0.,0.));
#4252=DIRECTION('center_axis',(0.,0.,1.));
#4253=DIRECTION('ref_axis',(1.,0.,0.));
#4254=DIRECTION('center_axis',(0.,0.,1.));
#4255=DIRECTION('ref_axis',(1.,1.39355194049971E-11,0.));
#4256=DIRECTION('center_axis',(0.,0.,-1.));
#4257=DIRECTION('ref_axis',(1.,1.39355194049971E-11,0.));
#4258=DIRECTION('',(0.,0.,1.));
#4259=DIRECTION('center_axis',(0.,0.,1.));
#4260=DIRECTION('ref_axis',(1.,1.39355194049971E-11,0.));
#4261=DIRECTION('',(0.,0.,1.));
#4262=DIRECTION('center_axis',(1.,2.21711538023765E-12,0.));
#4263=DIRECTION('ref_axis',(-2.21711538023765E-12,1.,0.));
#4264=DIRECTION('',(2.21711538023765E-12,-1.,0.));
#4265=DIRECTION('',(-2.21711538023765E-12,1.,0.));
#4266=DIRECTION('',(0.,0.,1.));
#4267=DIRECTION('center_axis',(0.,0.,1.));
#4268=DIRECTION('ref_axis',(8.43769498619616E-14,-1.,0.));
#4269=DIRECTION('center_axis',(0.,0.,-1.));
#4270=DIRECTION('ref_axis',(8.43769498619616E-14,-1.,0.));
#4271=DIRECTION('center_axis',(0.,0.,1.));
#4272=DIRECTION('ref_axis',(8.43769498619616E-14,-1.,0.));
#4273=DIRECTION('',(0.,0.,1.));
#4274=DIRECTION('center_axis',(7.03141248987985E-13,-1.,0.));
#4275=DIRECTION('ref_axis',(1.,7.03141248987985E-13,0.));
#4276=DIRECTION('',(-1.,-7.03141248987985E-13,0.));
#4277=DIRECTION('',(1.,7.03141248987985E-13,0.));
#4278=DIRECTION('',(0.,0.,-1.));
#4279=DIRECTION('center_axis',(6.54291435849531E-12,1.,0.));
#4280=DIRECTION('ref_axis',(-1.,6.54291435849531E-12,0.));
#4281=DIRECTION('',(1.,-6.54291435849531E-12,0.));
#4282=DIRECTION('',(0.,0.,1.));
#4283=DIRECTION('',(-1.,6.54291435849531E-12,0.));
#4284=DIRECTION('center_axis',(0.,0.,1.));
#4285=DIRECTION('ref_axis',(1.,0.,0.));
#4286=DIRECTION('',(8.7472117091679E-16,1.,0.));
#4287=DIRECTION('center_axis',(0.,0.,1.));
#4288=DIRECTION('ref_axis',(-1.,1.39444011877772E-12,0.));
#4289=DIRECTION('center_axis',(0.,0.,-1.));
#4290=DIRECTION('ref_axis',(-1.,1.39444011877772E-12,0.));
#4291=DIRECTION('',(0.,0.,1.));
#4292=DIRECTION('center_axis',(0.,0.,1.));
#4293=DIRECTION('ref_axis',(-1.,1.39444011877772E-12,0.));
#4294=DIRECTION('',(0.,0.,1.));
#4295=DIRECTION('center_axis',(-1.,2.13495887641622E-12,0.));
#4296=DIRECTION('ref_axis',(-2.13495887641622E-12,-1.,0.));
#4297=DIRECTION('',(2.13495887641622E-12,1.,0.));
#4298=DIRECTION('',(2.13495887641622E-12,1.,0.));
#4299=DIRECTION('',(0.,0.,1.));
#4300=DIRECTION('center_axis',(0.,0.,1.));
#4301=DIRECTION('ref_axis',(1.42108547151015E-13,1.,0.));
#4302=DIRECTION('center_axis',(0.,0.,-1.));
#4303=DIRECTION('ref_axis',(1.42108547151015E-13,1.,0.));
#4304=DIRECTION('center_axis',(0.,0.,1.));
#4305=DIRECTION('ref_axis',(1.42108547151015E-13,1.,0.));
#4306=DIRECTION('',(0.,0.,1.));
#4307=DIRECTION('center_axis',(2.81256499573328E-13,1.,0.));
#4308=DIRECTION('ref_axis',(-1.,2.81256499573328E-13,0.));
#4309=DIRECTION('',(1.,-2.81256499573328E-13,0.));
#4310=DIRECTION('',(1.,-2.81256499573328E-13,0.));
#4311=DIRECTION('',(0.,0.,-1.));
#4312=DIRECTION('center_axis',(6.6613381483072E-14,-1.,0.));
#4313=DIRECTION('ref_axis',(1.,6.6613381483072E-14,0.));
#4314=DIRECTION('',(-1.,-6.6613381483072E-14,0.));
#4315=DIRECTION('',(0.,0.,1.));
#4316=DIRECTION('',(-1.,-6.6613381483072E-14,0.));
#4317=DIRECTION('center_axis',(0.,0.,1.));
#4318=DIRECTION('ref_axis',(1.,0.,0.));
#4319=DIRECTION('',(6.1903344403342E-15,-1.,0.));
#4320=DIRECTION('center_axis',(0.,0.,1.));
#4321=DIRECTION('ref_axis',(1.,1.39355194049971E-11,0.));
#4322=DIRECTION('center_axis',(0.,0.,-1.));
#4323=DIRECTION('ref_axis',(1.,1.39355194049971E-11,0.));
#4324=DIRECTION('',(0.,0.,1.));
#4325=DIRECTION('center_axis',(0.,0.,1.));
#4326=DIRECTION('ref_axis',(1.,1.39355194049971E-11,0.));
#4327=DIRECTION('',(0.,0.,1.));
#4328=DIRECTION('center_axis',(1.,2.21711538023765E-12,0.));
#4329=DIRECTION('ref_axis',(-2.21711538023765E-12,1.,0.));
#4330=DIRECTION('',(2.21711538023765E-12,-1.,0.));
#4331=DIRECTION('',(-2.21711538023765E-12,1.,0.));
#4332=DIRECTION('',(0.,0.,1.));
#4333=DIRECTION('center_axis',(0.,0.,1.));
#4334=DIRECTION('ref_axis',(8.43769498619616E-14,-1.,0.));
#4335=DIRECTION('center_axis',(0.,0.,-1.));
#4336=DIRECTION('ref_axis',(8.43769498619616E-14,-1.,0.));
#4337=DIRECTION('center_axis',(0.,0.,1.));
#4338=DIRECTION('ref_axis',(8.43769498619616E-14,-1.,0.));
#4339=DIRECTION('',(0.,0.,1.));
#4340=DIRECTION('center_axis',(7.03141248987985E-13,-1.,0.));
#4341=DIRECTION('ref_axis',(1.,7.03141248987985E-13,0.));
#4342=DIRECTION('',(-1.,-7.03141248987985E-13,0.));
#4343=DIRECTION('',(1.,7.03141248987985E-13,0.));
#4344=DIRECTION('',(0.,0.,-1.));
#4345=DIRECTION('center_axis',(6.54291435849531E-12,1.,0.));
#4346=DIRECTION('ref_axis',(-1.,6.54291435849531E-12,0.));
#4347=DIRECTION('',(1.,-6.54291435849531E-12,0.));
#4348=DIRECTION('',(0.,0.,1.));
#4349=DIRECTION('',(-1.,6.54291435849531E-12,0.));
#4350=DIRECTION('center_axis',(0.,0.,1.));
#4351=DIRECTION('ref_axis',(1.,0.,0.));
#4352=DIRECTION('',(8.7472117091679E-16,1.,0.));
#4353=DIRECTION('center_axis',(0.,0.,1.));
#4354=DIRECTION('ref_axis',(-1.,1.39444011877772E-12,0.));
#4355=DIRECTION('center_axis',(0.,0.,-1.));
#4356=DIRECTION('ref_axis',(-1.,1.39444011877772E-12,0.));
#4357=DIRECTION('',(0.,0.,1.));
#4358=DIRECTION('center_axis',(0.,0.,1.));
#4359=DIRECTION('ref_axis',(-1.,1.39444011877772E-12,0.));
#4360=DIRECTION('',(0.,0.,1.));
#4361=DIRECTION('center_axis',(-1.,2.13495887641622E-12,0.));
#4362=DIRECTION('ref_axis',(-2.13495887641622E-12,-1.,0.));
#4363=DIRECTION('',(2.13495887641622E-12,1.,0.));
#4364=DIRECTION('',(2.13495887641622E-12,1.,0.));
#4365=DIRECTION('',(0.,0.,1.));
#4366=DIRECTION('center_axis',(0.,0.,1.));
#4367=DIRECTION('ref_axis',(1.42108547151015E-13,1.,0.));
#4368=DIRECTION('center_axis',(0.,0.,-1.));
#4369=DIRECTION('ref_axis',(1.42108547151015E-13,1.,0.));
#4370=DIRECTION('center_axis',(0.,0.,1.));
#4371=DIRECTION('ref_axis',(1.42108547151015E-13,1.,0.));
#4372=DIRECTION('',(0.,0.,1.));
#4373=DIRECTION('center_axis',(2.81256499573328E-13,1.,0.));
#4374=DIRECTION('ref_axis',(-1.,2.81256499573328E-13,0.));
#4375=DIRECTION('',(1.,-2.81256499573328E-13,0.));
#4376=DIRECTION('',(1.,-2.81256499573328E-13,0.));
#4377=DIRECTION('',(0.,0.,-1.));
#4378=DIRECTION('center_axis',(6.6613381483072E-14,-1.,0.));
#4379=DIRECTION('ref_axis',(1.,6.6613381483072E-14,0.));
#4380=DIRECTION('',(-1.,-6.6613381483072E-14,0.));
#4381=DIRECTION('',(0.,0.,1.));
#4382=DIRECTION('',(-1.,-6.6613381483072E-14,0.));
#4383=DIRECTION('center_axis',(0.,0.,1.));
#4384=DIRECTION('ref_axis',(1.,0.,0.));
#4385=DIRECTION('',(6.1903344403342E-15,-1.,0.));
#4386=DIRECTION('center_axis',(0.,0.,1.));
#4387=DIRECTION('ref_axis',(1.,1.39355194049971E-11,0.));
#4388=DIRECTION('center_axis',(0.,0.,-1.));
#4389=DIRECTION('ref_axis',(1.,1.39355194049971E-11,0.));
#4390=DIRECTION('',(0.,0.,1.));
#4391=DIRECTION('center_axis',(0.,0.,1.));
#4392=DIRECTION('ref_axis',(1.,1.39355194049971E-11,0.));
#4393=DIRECTION('',(0.,0.,1.));
#4394=DIRECTION('center_axis',(1.,2.21711538023765E-12,0.));
#4395=DIRECTION('ref_axis',(-2.21711538023765E-12,1.,0.));
#4396=DIRECTION('',(2.21711538023765E-12,-1.,0.));
#4397=DIRECTION('',(-2.21711538023765E-12,1.,0.));
#4398=DIRECTION('',(0.,0.,1.));
#4399=DIRECTION('center_axis',(0.,0.,1.));
#4400=DIRECTION('ref_axis',(8.43769498619616E-14,-1.,0.));
#4401=DIRECTION('center_axis',(0.,0.,-1.));
#4402=DIRECTION('ref_axis',(8.43769498619616E-14,-1.,0.));
#4403=DIRECTION('center_axis',(0.,0.,1.));
#4404=DIRECTION('ref_axis',(8.43769498619616E-14,-1.,0.));
#4405=DIRECTION('',(0.,0.,1.));
#4406=DIRECTION('center_axis',(7.03141248987985E-13,-1.,0.));
#4407=DIRECTION('ref_axis',(1.,7.03141248987985E-13,0.));
#4408=DIRECTION('',(-1.,-7.03141248987985E-13,0.));
#4409=DIRECTION('',(1.,7.03141248987985E-13,0.));
#4410=DIRECTION('',(0.,0.,-1.));
#4411=DIRECTION('center_axis',(6.54291435849531E-12,1.,0.));
#4412=DIRECTION('ref_axis',(-1.,6.54291435849531E-12,0.));
#4413=DIRECTION('',(1.,-6.54291435849531E-12,0.));
#4414=DIRECTION('',(0.,0.,1.));
#4415=DIRECTION('',(-1.,6.54291435849531E-12,0.));
#4416=DIRECTION('center_axis',(0.,0.,1.));
#4417=DIRECTION('ref_axis',(1.,0.,0.));
#4418=DIRECTION('',(8.7472117091679E-16,1.,0.));
#4419=DIRECTION('center_axis',(0.,0.,1.));
#4420=DIRECTION('ref_axis',(-1.,1.39444011877772E-12,0.));
#4421=DIRECTION('center_axis',(0.,0.,-1.));
#4422=DIRECTION('ref_axis',(-1.,1.39444011877772E-12,0.));
#4423=DIRECTION('',(0.,0.,1.));
#4424=DIRECTION('center_axis',(0.,0.,1.));
#4425=DIRECTION('ref_axis',(-1.,1.39444011877772E-12,0.));
#4426=DIRECTION('',(0.,0.,1.));
#4427=DIRECTION('center_axis',(-1.,2.13495887641622E-12,0.));
#4428=DIRECTION('ref_axis',(-2.13495887641622E-12,-1.,0.));
#4429=DIRECTION('',(2.13495887641622E-12,1.,0.));
#4430=DIRECTION('',(2.13495887641622E-12,1.,0.));
#4431=DIRECTION('',(0.,0.,1.));
#4432=DIRECTION('center_axis',(0.,0.,1.));
#4433=DIRECTION('ref_axis',(1.42108547151015E-13,1.,0.));
#4434=DIRECTION('center_axis',(0.,0.,-1.));
#4435=DIRECTION('ref_axis',(1.42108547151015E-13,1.,0.));
#4436=DIRECTION('center_axis',(0.,0.,1.));
#4437=DIRECTION('ref_axis',(1.42108547151015E-13,1.,0.));
#4438=DIRECTION('',(0.,0.,1.));
#4439=DIRECTION('center_axis',(2.81256499573328E-13,1.,0.));
#4440=DIRECTION('ref_axis',(-1.,2.81256499573328E-13,0.));
#4441=DIRECTION('',(1.,-2.81256499573328E-13,0.));
#4442=DIRECTION('',(1.,-2.81256499573328E-13,0.));
#4443=DIRECTION('',(0.,0.,-1.));
#4444=DIRECTION('center_axis',(6.6613381483072E-14,-1.,0.));
#4445=DIRECTION('ref_axis',(1.,6.6613381483072E-14,0.));
#4446=DIRECTION('',(-1.,-6.6613381483072E-14,0.));
#4447=DIRECTION('',(0.,0.,1.));
#4448=DIRECTION('',(-1.,-6.6613381483072E-14,0.));
#4449=DIRECTION('center_axis',(0.,0.,1.));
#4450=DIRECTION('ref_axis',(1.,0.,0.));
#4451=DIRECTION('',(6.1903344403342E-15,-1.,0.));
#4452=DIRECTION('center_axis',(0.,0.,1.));
#4453=DIRECTION('ref_axis',(1.,1.39355194049971E-11,0.));
#4454=DIRECTION('center_axis',(0.,0.,-1.));
#4455=DIRECTION('ref_axis',(1.,1.39355194049971E-11,0.));
#4456=DIRECTION('',(0.,0.,1.));
#4457=DIRECTION('center_axis',(0.,0.,1.));
#4458=DIRECTION('ref_axis',(1.,1.39355194049971E-11,0.));
#4459=DIRECTION('',(0.,0.,1.));
#4460=DIRECTION('center_axis',(1.,2.21711538023765E-12,0.));
#4461=DIRECTION('ref_axis',(-2.21711538023765E-12,1.,0.));
#4462=DIRECTION('',(2.21711538023765E-12,-1.,0.));
#4463=DIRECTION('',(-2.21711538023765E-12,1.,0.));
#4464=DIRECTION('',(0.,0.,1.));
#4465=DIRECTION('center_axis',(0.,0.,1.));
#4466=DIRECTION('ref_axis',(8.43769498619616E-14,-1.,0.));
#4467=DIRECTION('center_axis',(0.,0.,-1.));
#4468=DIRECTION('ref_axis',(8.43769498619616E-14,-1.,0.));
#4469=DIRECTION('center_axis',(0.,0.,1.));
#4470=DIRECTION('ref_axis',(8.43769498619616E-14,-1.,0.));
#4471=DIRECTION('',(0.,0.,1.));
#4472=DIRECTION('center_axis',(7.03141248987985E-13,-1.,0.));
#4473=DIRECTION('ref_axis',(1.,7.03141248987985E-13,0.));
#4474=DIRECTION('',(-1.,-7.03141248987985E-13,0.));
#4475=DIRECTION('',(1.,7.03141248987985E-13,0.));
#4476=DIRECTION('',(0.,0.,-1.));
#4477=DIRECTION('center_axis',(6.54291435849531E-12,1.,0.));
#4478=DIRECTION('ref_axis',(-1.,6.54291435849531E-12,0.));
#4479=DIRECTION('',(1.,-6.54291435849531E-12,0.));
#4480=DIRECTION('',(0.,0.,1.));
#4481=DIRECTION('',(-1.,6.54291435849531E-12,0.));
#4482=DIRECTION('center_axis',(0.,0.,1.));
#4483=DIRECTION('ref_axis',(1.,0.,0.));
#4484=DIRECTION('',(8.7472117091679E-16,1.,0.));
#4485=DIRECTION('center_axis',(0.,0.,1.));
#4486=DIRECTION('ref_axis',(-1.,1.39444011877772E-12,0.));
#4487=DIRECTION('center_axis',(0.,0.,-1.));
#4488=DIRECTION('ref_axis',(-1.,1.39444011877772E-12,0.));
#4489=DIRECTION('',(0.,0.,1.));
#4490=DIRECTION('center_axis',(0.,0.,1.));
#4491=DIRECTION('ref_axis',(-1.,1.39444011877772E-12,0.));
#4492=DIRECTION('',(0.,0.,1.));
#4493=DIRECTION('center_axis',(-1.,2.13495887641622E-12,0.));
#4494=DIRECTION('ref_axis',(-2.13495887641622E-12,-1.,0.));
#4495=DIRECTION('',(2.13495887641622E-12,1.,0.));
#4496=DIRECTION('',(2.13495887641622E-12,1.,0.));
#4497=DIRECTION('',(0.,0.,1.));
#4498=DIRECTION('center_axis',(0.,0.,1.));
#4499=DIRECTION('ref_axis',(1.42108547151015E-13,1.,0.));
#4500=DIRECTION('center_axis',(0.,0.,-1.));
#4501=DIRECTION('ref_axis',(1.42108547151015E-13,1.,0.));
#4502=DIRECTION('center_axis',(0.,0.,1.));
#4503=DIRECTION('ref_axis',(1.42108547151015E-13,1.,0.));
#4504=DIRECTION('',(0.,0.,1.));
#4505=DIRECTION('center_axis',(2.81256499573328E-13,1.,0.));
#4506=DIRECTION('ref_axis',(-1.,2.81256499573328E-13,0.));
#4507=DIRECTION('',(1.,-2.81256499573328E-13,0.));
#4508=DIRECTION('',(1.,-2.81256499573328E-13,0.));
#4509=DIRECTION('',(0.,0.,-1.));
#4510=DIRECTION('center_axis',(6.6613381483072E-14,-1.,0.));
#4511=DIRECTION('ref_axis',(1.,6.6613381483072E-14,0.));
#4512=DIRECTION('',(-1.,-6.6613381483072E-14,0.));
#4513=DIRECTION('',(0.,0.,1.));
#4514=DIRECTION('',(-1.,-6.6613381483072E-14,0.));
#4515=DIRECTION('center_axis',(0.,0.,1.));
#4516=DIRECTION('ref_axis',(1.,0.,0.));
#4517=DIRECTION('',(6.1903344403342E-15,-1.,0.));
#4518=DIRECTION('center_axis',(-1.,8.7472117091679E-16,0.));
#4519=DIRECTION('ref_axis',(-8.7472117091679E-16,-1.,0.));
#4520=DIRECTION('',(8.7472117091679E-16,1.,0.));
#4521=DIRECTION('',(0.,0.,1.));
#4522=DIRECTION('',(-8.7472117091679E-16,-1.,0.));
#4523=DIRECTION('',(0.,0.,1.));
#4524=DIRECTION('',(8.7472117091679E-16,1.,0.));
#4525=DIRECTION('',(0.,0.,-1.));
#4526=DIRECTION('',(8.7472117091679E-16,1.,0.));
#4527=DIRECTION('',(0.,0.,1.));
#4528=DIRECTION('',(8.7472117091679E-16,1.,0.));
#4529=DIRECTION('',(8.7472117091679E-16,1.,0.));
#4530=DIRECTION('',(8.7472117091679E-16,1.,0.));
#4531=DIRECTION('',(8.7472117091679E-16,1.,0.));
#4532=DIRECTION('center_axis',(1.,6.1903344403342E-15,0.));
#4533=DIRECTION('ref_axis',(-6.1903344403342E-15,1.,0.));
#4534=DIRECTION('',(6.1903344403342E-15,-1.,0.));
#4535=DIRECTION('',(6.1903344403342E-15,-1.,0.));
#4536=DIRECTION('',(6.1903344403342E-15,-1.,0.));
#4537=DIRECTION('',(6.1903344403342E-15,-1.,0.));
#4538=DIRECTION('',(0.,0.,-1.));
#4539=DIRECTION('',(6.1903344403342E-15,-1.,0.));
#4540=DIRECTION('',(0.,0.,1.));
#4541=DIRECTION('',(6.1903344403342E-15,-1.,0.));
#4542=DIRECTION('',(0.,0.,1.));
#4543=DIRECTION('',(-6.1903344403342E-15,1.,0.));
#4544=DIRECTION('',(0.,0.,1.));
#4545=DIRECTION('',(6.1903344403342E-15,-1.,0.));
#4546=DIRECTION('center_axis',(0.,0.,1.));
#4547=DIRECTION('ref_axis',(-1.,1.39444011877772E-12,0.));
#4548=DIRECTION('center_axis',(0.,0.,-1.));
#4549=DIRECTION('ref_axis',(-1.,1.39444011877772E-12,0.));
#4550=DIRECTION('',(0.,0.,1.));
#4551=DIRECTION('center_axis',(0.,0.,1.));
#4552=DIRECTION('ref_axis',(-1.,1.39444011877772E-12,0.));
#4553=DIRECTION('',(0.,0.,1.));
#4554=DIRECTION('center_axis',(-1.,2.13495887641622E-12,0.));
#4555=DIRECTION('ref_axis',(-2.13495887641622E-12,-1.,0.));
#4556=DIRECTION('',(2.13495887641622E-12,1.,0.));
#4557=DIRECTION('',(2.13495887641622E-12,1.,0.));
#4558=DIRECTION('',(0.,0.,1.));
#4559=DIRECTION('center_axis',(0.,0.,1.));
#4560=DIRECTION('ref_axis',(1.42108547151015E-13,1.,0.));
#4561=DIRECTION('center_axis',(0.,0.,-1.));
#4562=DIRECTION('ref_axis',(1.42108547151015E-13,1.,0.));
#4563=DIRECTION('center_axis',(0.,0.,1.));
#4564=DIRECTION('ref_axis',(1.42108547151015E-13,1.,0.));
#4565=DIRECTION('',(0.,0.,1.));
#4566=DIRECTION('center_axis',(2.81256499573328E-13,1.,0.));
#4567=DIRECTION('ref_axis',(-1.,2.81256499573328E-13,0.));
#4568=DIRECTION('',(1.,-2.81256499573328E-13,0.));
#4569=DIRECTION('',(1.,-2.81256499573328E-13,0.));
#4570=DIRECTION('center_axis',(6.6613381483072E-14,-1.,0.));
#4571=DIRECTION('ref_axis',(1.,6.6613381483072E-14,0.));
#4572=DIRECTION('',(-1.,-6.6613381483072E-14,0.));
#4573=DIRECTION('',(-1.,-6.6613381483072E-14,0.));
#4574=DIRECTION('center_axis',(0.,0.,1.));
#4575=DIRECTION('ref_axis',(1.,0.,0.));
#4576=DIRECTION('center_axis',(0.,0.,1.));
#4577=DIRECTION('ref_axis',(1.,1.39355194049971E-11,0.));
#4578=DIRECTION('center_axis',(0.,0.,-1.));
#4579=DIRECTION('ref_axis',(1.,1.39355194049971E-11,0.));
#4580=DIRECTION('',(0.,0.,1.));
#4581=DIRECTION('center_axis',(0.,0.,1.));
#4582=DIRECTION('ref_axis',(1.,1.39355194049971E-11,0.));
#4583=DIRECTION('',(0.,0.,1.));
#4584=DIRECTION('center_axis',(1.,2.21711538023765E-12,0.));
#4585=DIRECTION('ref_axis',(-2.21711538023765E-12,1.,0.));
#4586=DIRECTION('',(2.21711538023765E-12,-1.,0.));
#4587=DIRECTION('',(-2.21711538023765E-12,1.,0.));
#4588=DIRECTION('',(0.,0.,1.));
#4589=DIRECTION('center_axis',(0.,0.,1.));
#4590=DIRECTION('ref_axis',(8.43769498619616E-14,-1.,0.));
#4591=DIRECTION('center_axis',(0.,0.,-1.));
#4592=DIRECTION('ref_axis',(8.43769498619616E-14,-1.,0.));
#4593=DIRECTION('center_axis',(0.,0.,1.));
#4594=DIRECTION('ref_axis',(8.43769498619616E-14,-1.,0.));
#4595=DIRECTION('',(0.,0.,1.));
#4596=DIRECTION('center_axis',(7.03141248987985E-13,-1.,0.));
#4597=DIRECTION('ref_axis',(1.,7.03141248987985E-13,0.));
#4598=DIRECTION('',(-1.,-7.03141248987985E-13,0.));
#4599=DIRECTION('',(1.,7.03141248987985E-13,0.));
#4600=DIRECTION('center_axis',(6.54291435849531E-12,1.,0.));
#4601=DIRECTION('ref_axis',(-1.,6.54291435849531E-12,0.));
#4602=DIRECTION('',(1.,-6.54291435849531E-12,0.));
#4603=DIRECTION('',(-1.,6.54291435849531E-12,0.));
#4604=DIRECTION('center_axis',(0.,0.,1.));
#4605=DIRECTION('ref_axis',(1.,0.,0.));
#4606=DIRECTION('center_axis',(0.,0.,1.));
#4607=DIRECTION('ref_axis',(1.35225164406003E-11,-1.,0.));
#4608=DIRECTION('center_axis',(0.,0.,-1.));
#4609=DIRECTION('ref_axis',(1.35225164406003E-11,-1.,0.));
#4610=DIRECTION('',(0.,0.,1.));
#4611=DIRECTION('center_axis',(0.,0.,1.));
#4612=DIRECTION('ref_axis',(1.35225164406003E-11,-1.,0.));
#4613=DIRECTION('',(0.,0.,1.));
#4614=DIRECTION('center_axis',(-7.87814258223887E-12,-1.,0.));
#4615=DIRECTION('ref_axis',(1.,-7.87814258223887E-12,0.));
#4616=DIRECTION('',(-1.,7.87814258223887E-12,0.));
#4617=DIRECTION('',(-1.,7.87814258223887E-12,0.));
#4618=DIRECTION('',(0.,0.,1.));
#4619=DIRECTION('center_axis',(0.,0.,1.));
#4620=DIRECTION('ref_axis',(-1.,5.03597164041093E-12,0.));
#4621=DIRECTION('center_axis',(0.,0.,-1.));
#4622=DIRECTION('ref_axis',(-1.,5.03597164041093E-12,0.));
#4623=DIRECTION('center_axis',(0.,0.,1.));
#4624=DIRECTION('ref_axis',(-1.,5.03597164041093E-12,0.));
#4625=DIRECTION('',(0.,0.,1.));
#4626=DIRECTION('center_axis',(-1.,4.34985380990303E-11,0.));
#4627=DIRECTION('ref_axis',(-4.34985380990303E-11,-1.,0.));
#4628=DIRECTION('',(4.34985380990303E-11,1.,0.));
#4629=DIRECTION('',(4.34985380990303E-11,1.,0.));
#4630=DIRECTION('',(0.,0.,-1.));
#4631=DIRECTION('center_axis',(1.,3.10677409710823E-11,0.));
#4632=DIRECTION('ref_axis',(-3.10677409710823E-11,1.,0.));
#4633=DIRECTION('',(3.10677409710823E-11,-1.,0.));
#4634=DIRECTION('',(0.,0.,1.));
#4635=DIRECTION('',(3.10677409710823E-11,-1.,0.));
#4636=DIRECTION('center_axis',(0.,0.,1.));
#4637=DIRECTION('ref_axis',(1.,0.,0.));
#4638=DIRECTION('',(1.,0.,0.));
#4639=DIRECTION('center_axis',(1.,-5.17696996360076E-11,0.));
#4640=DIRECTION('ref_axis',(5.17696996360076E-11,1.,0.));
#4641=DIRECTION('',(-5.17696996360076E-11,-1.,0.));
#4642=DIRECTION('',(0.,0.,1.));
#4643=DIRECTION('',(5.17696996360076E-11,1.,0.));
#4644=DIRECTION('',(0.,0.,-1.));
#4645=DIRECTION('center_axis',(-1.,-4.28731124618902E-11,0.));
#4646=DIRECTION('ref_axis',(4.28731124618902E-11,-1.,0.));
#4647=DIRECTION('',(-4.28731124618902E-11,1.,0.));
#4648=DIRECTION('',(0.,0.,1.));
#4649=DIRECTION('',(4.28731124618902E-11,-1.,0.));
#4650=DIRECTION('',(0.,0.,1.));
#4651=DIRECTION('center_axis',(0.,0.,1.));
#4652=DIRECTION('ref_axis',(-1.68309810567594E-11,1.,0.));
#4653=DIRECTION('center_axis',(0.,0.,-1.));
#4654=DIRECTION('ref_axis',(-1.68309810567594E-11,1.,0.));
#4655=DIRECTION('center_axis',(0.,0.,1.));
#4656=DIRECTION('ref_axis',(-1.68309810567594E-11,1.,0.));
#4657=DIRECTION('',(0.,0.,1.));
#4658=DIRECTION('center_axis',(-7.97140131630146E-12,1.,0.));
#4659=DIRECTION('ref_axis',(-1.,-7.97140131630146E-12,0.));
#4660=DIRECTION('',(1.,7.97140131630146E-12,0.));
#4661=DIRECTION('',(-1.,-7.97140131630146E-12,0.));
#4662=DIRECTION('',(0.,0.,1.));
#4663=DIRECTION('center_axis',(0.,0.,1.));
#4664=DIRECTION('ref_axis',(1.,-7.10542735757992E-14,0.));
#4665=DIRECTION('center_axis',(0.,0.,-1.));
#4666=DIRECTION('ref_axis',(1.,-7.10542735757992E-14,0.));
#4667=DIRECTION('center_axis',(0.,0.,1.));
#4668=DIRECTION('ref_axis',(1.,-7.10542735757992E-14,0.));
#4669=DIRECTION('center_axis',(0.,0.,1.));
#4670=DIRECTION('ref_axis',(1.,0.,0.));
#4671=DIRECTION('',(-1.,5.38289951333409E-16,0.));
#4672=DIRECTION('center_axis',(0.,0.,1.));
#4673=DIRECTION('ref_axis',(1.35225164406003E-11,-1.,0.));
#4674=DIRECTION('center_axis',(0.,0.,-1.));
#4675=DIRECTION('ref_axis',(1.35225164406003E-11,-1.,0.));
#4676=DIRECTION('',(0.,0.,1.));
#4677=DIRECTION('center_axis',(0.,0.,1.));
#4678=DIRECTION('ref_axis',(1.35225164406003E-11,-1.,0.));
#4679=DIRECTION('',(0.,0.,1.));
#4680=DIRECTION('center_axis',(-7.87814258223887E-12,-1.,0.));
#4681=DIRECTION('ref_axis',(1.,-7.87814258223887E-12,0.));
#4682=DIRECTION('',(-1.,7.87814258223887E-12,0.));
#4683=DIRECTION('',(-1.,7.87814258223887E-12,0.));
#4684=DIRECTION('',(0.,0.,1.));
#4685=DIRECTION('center_axis',(0.,0.,1.));
#4686=DIRECTION('ref_axis',(-1.,5.03597164041093E-12,0.));
#4687=DIRECTION('center_axis',(0.,0.,-1.));
#4688=DIRECTION('ref_axis',(-1.,5.03597164041093E-12,0.));
#4689=DIRECTION('center_axis',(0.,0.,1.));
#4690=DIRECTION('ref_axis',(-1.,5.03597164041093E-12,0.));
#4691=DIRECTION('',(0.,0.,1.));
#4692=DIRECTION('center_axis',(-1.,4.34985380990303E-11,0.));
#4693=DIRECTION('ref_axis',(-4.34985380990303E-11,-1.,0.));
#4694=DIRECTION('',(4.34985380990303E-11,1.,0.));
#4695=DIRECTION('',(4.34985380990303E-11,1.,0.));
#4696=DIRECTION('',(0.,0.,-1.));
#4697=DIRECTION('center_axis',(1.,3.10677409710823E-11,0.));
#4698=DIRECTION('ref_axis',(-3.10677409710823E-11,1.,0.));
#4699=DIRECTION('',(3.10677409710823E-11,-1.,0.));
#4700=DIRECTION('',(0.,0.,1.));
#4701=DIRECTION('',(3.10677409710823E-11,-1.,0.));
#4702=DIRECTION('center_axis',(0.,0.,1.));
#4703=DIRECTION('ref_axis',(1.,0.,0.));
#4704=DIRECTION('',(1.,0.,0.));
#4705=DIRECTION('center_axis',(1.,-5.17696996360076E-11,0.));
#4706=DIRECTION('ref_axis',(5.17696996360076E-11,1.,0.));
#4707=DIRECTION('',(-5.17696996360076E-11,-1.,0.));
#4708=DIRECTION('',(0.,0.,1.));
#4709=DIRECTION('',(5.17696996360076E-11,1.,0.));
#4710=DIRECTION('',(0.,0.,-1.));
#4711=DIRECTION('center_axis',(-1.,-4.28731124618902E-11,0.));
#4712=DIRECTION('ref_axis',(4.28731124618902E-11,-1.,0.));
#4713=DIRECTION('',(-4.28731124618902E-11,1.,0.));
#4714=DIRECTION('',(0.,0.,1.));
#4715=DIRECTION('',(4.28731124618902E-11,-1.,0.));
#4716=DIRECTION('',(0.,0.,1.));
#4717=DIRECTION('center_axis',(0.,0.,1.));
#4718=DIRECTION('ref_axis',(-1.68309810567594E-11,1.,0.));
#4719=DIRECTION('center_axis',(0.,0.,-1.));
#4720=DIRECTION('ref_axis',(-1.68309810567594E-11,1.,0.));
#4721=DIRECTION('center_axis',(0.,0.,1.));
#4722=DIRECTION('ref_axis',(-1.68309810567594E-11,1.,0.));
#4723=DIRECTION('',(0.,0.,1.));
#4724=DIRECTION('center_axis',(-7.97140131630146E-12,1.,0.));
#4725=DIRECTION('ref_axis',(-1.,-7.97140131630146E-12,0.));
#4726=DIRECTION('',(1.,7.97140131630146E-12,0.));
#4727=DIRECTION('',(-1.,-7.97140131630146E-12,0.));
#4728=DIRECTION('',(0.,0.,1.));
#4729=DIRECTION('center_axis',(0.,0.,1.));
#4730=DIRECTION('ref_axis',(1.,-7.10542735757992E-14,0.));
#4731=DIRECTION('center_axis',(0.,0.,-1.));
#4732=DIRECTION('ref_axis',(1.,-7.10542735757992E-14,0.));
#4733=DIRECTION('center_axis',(0.,0.,1.));
#4734=DIRECTION('ref_axis',(1.,-7.10542735757992E-14,0.));
#4735=DIRECTION('center_axis',(0.,0.,1.));
#4736=DIRECTION('ref_axis',(1.,0.,0.));
#4737=DIRECTION('',(-1.,5.38289951333409E-16,0.));
#4738=DIRECTION('center_axis',(0.,0.,1.));
#4739=DIRECTION('ref_axis',(1.35225164406003E-11,-1.,0.));
#4740=DIRECTION('center_axis',(0.,0.,-1.));
#4741=DIRECTION('ref_axis',(1.35225164406003E-11,-1.,0.));
#4742=DIRECTION('',(0.,0.,1.));
#4743=DIRECTION('center_axis',(0.,0.,1.));
#4744=DIRECTION('ref_axis',(1.35225164406003E-11,-1.,0.));
#4745=DIRECTION('',(0.,0.,1.));
#4746=DIRECTION('center_axis',(-7.87814258223887E-12,-1.,0.));
#4747=DIRECTION('ref_axis',(1.,-7.87814258223887E-12,0.));
#4748=DIRECTION('',(-1.,7.87814258223887E-12,0.));
#4749=DIRECTION('',(-1.,7.87814258223887E-12,0.));
#4750=DIRECTION('',(0.,0.,1.));
#4751=DIRECTION('center_axis',(0.,0.,1.));
#4752=DIRECTION('ref_axis',(-1.,5.03597164041093E-12,0.));
#4753=DIRECTION('center_axis',(0.,0.,-1.));
#4754=DIRECTION('ref_axis',(-1.,5.03597164041093E-12,0.));
#4755=DIRECTION('center_axis',(0.,0.,1.));
#4756=DIRECTION('ref_axis',(-1.,5.03597164041093E-12,0.));
#4757=DIRECTION('',(0.,0.,1.));
#4758=DIRECTION('center_axis',(-1.,4.34985380990303E-11,0.));
#4759=DIRECTION('ref_axis',(-4.34985380990303E-11,-1.,0.));
#4760=DIRECTION('',(4.34985380990303E-11,1.,0.));
#4761=DIRECTION('',(4.34985380990303E-11,1.,0.));
#4762=DIRECTION('',(0.,0.,-1.));
#4763=DIRECTION('center_axis',(1.,3.10677409710823E-11,0.));
#4764=DIRECTION('ref_axis',(-3.10677409710823E-11,1.,0.));
#4765=DIRECTION('',(3.10677409710823E-11,-1.,0.));
#4766=DIRECTION('',(0.,0.,1.));
#4767=DIRECTION('',(3.10677409710823E-11,-1.,0.));
#4768=DIRECTION('center_axis',(0.,0.,1.));
#4769=DIRECTION('ref_axis',(1.,0.,0.));
#4770=DIRECTION('',(1.,0.,0.));
#4771=DIRECTION('center_axis',(1.,-5.17696996360076E-11,0.));
#4772=DIRECTION('ref_axis',(5.17696996360076E-11,1.,0.));
#4773=DIRECTION('',(-5.17696996360076E-11,-1.,0.));
#4774=DIRECTION('',(0.,0.,1.));
#4775=DIRECTION('',(5.17696996360076E-11,1.,0.));
#4776=DIRECTION('',(0.,0.,-1.));
#4777=DIRECTION('center_axis',(-1.,-4.28731124618902E-11,0.));
#4778=DIRECTION('ref_axis',(4.28731124618902E-11,-1.,0.));
#4779=DIRECTION('',(-4.28731124618902E-11,1.,0.));
#4780=DIRECTION('',(0.,0.,1.));
#4781=DIRECTION('',(4.28731124618902E-11,-1.,0.));
#4782=DIRECTION('',(0.,0.,1.));
#4783=DIRECTION('center_axis',(0.,0.,1.));
#4784=DIRECTION('ref_axis',(-1.68309810567594E-11,1.,0.));
#4785=DIRECTION('center_axis',(0.,0.,-1.));
#4786=DIRECTION('ref_axis',(-1.68309810567594E-11,1.,0.));
#4787=DIRECTION('center_axis',(0.,0.,1.));
#4788=DIRECTION('ref_axis',(-1.68309810567594E-11,1.,0.));
#4789=DIRECTION('',(0.,0.,1.));
#4790=DIRECTION('center_axis',(-7.97140131630146E-12,1.,0.));
#4791=DIRECTION('ref_axis',(-1.,-7.97140131630146E-12,0.));
#4792=DIRECTION('',(1.,7.97140131630146E-12,0.));
#4793=DIRECTION('',(-1.,-7.97140131630146E-12,0.));
#4794=DIRECTION('',(0.,0.,1.));
#4795=DIRECTION('center_axis',(0.,0.,1.));
#4796=DIRECTION('ref_axis',(1.,-7.10542735757992E-14,0.));
#4797=DIRECTION('center_axis',(0.,0.,-1.));
#4798=DIRECTION('ref_axis',(1.,-7.10542735757992E-14,0.));
#4799=DIRECTION('center_axis',(0.,0.,1.));
#4800=DIRECTION('ref_axis',(1.,-7.10542735757992E-14,0.));
#4801=DIRECTION('center_axis',(0.,0.,1.));
#4802=DIRECTION('ref_axis',(1.,0.,0.));
#4803=DIRECTION('',(-1.,5.38289951333409E-16,0.));
#4804=DIRECTION('center_axis',(0.,0.,1.));
#4805=DIRECTION('ref_axis',(1.35225164406003E-11,-1.,0.));
#4806=DIRECTION('center_axis',(0.,0.,-1.));
#4807=DIRECTION('ref_axis',(1.35225164406003E-11,-1.,0.));
#4808=DIRECTION('',(0.,0.,1.));
#4809=DIRECTION('center_axis',(0.,0.,1.));
#4810=DIRECTION('ref_axis',(1.35225164406003E-11,-1.,0.));
#4811=DIRECTION('',(0.,0.,1.));
#4812=DIRECTION('center_axis',(-7.87814258223887E-12,-1.,0.));
#4813=DIRECTION('ref_axis',(1.,-7.87814258223887E-12,0.));
#4814=DIRECTION('',(-1.,7.87814258223887E-12,0.));
#4815=DIRECTION('',(-1.,7.87814258223887E-12,0.));
#4816=DIRECTION('',(0.,0.,1.));
#4817=DIRECTION('center_axis',(0.,0.,1.));
#4818=DIRECTION('ref_axis',(-1.,5.03597164041093E-12,0.));
#4819=DIRECTION('center_axis',(0.,0.,-1.));
#4820=DIRECTION('ref_axis',(-1.,5.03597164041093E-12,0.));
#4821=DIRECTION('center_axis',(0.,0.,1.));
#4822=DIRECTION('ref_axis',(-1.,5.03597164041093E-12,0.));
#4823=DIRECTION('',(0.,0.,1.));
#4824=DIRECTION('center_axis',(-1.,4.34985380990303E-11,0.));
#4825=DIRECTION('ref_axis',(-4.34985380990303E-11,-1.,0.));
#4826=DIRECTION('',(4.34985380990303E-11,1.,0.));
#4827=DIRECTION('',(4.34985380990303E-11,1.,0.));
#4828=DIRECTION('',(0.,0.,-1.));
#4829=DIRECTION('center_axis',(1.,3.10677409710823E-11,0.));
#4830=DIRECTION('ref_axis',(-3.10677409710823E-11,1.,0.));
#4831=DIRECTION('',(3.10677409710823E-11,-1.,0.));
#4832=DIRECTION('',(0.,0.,1.));
#4833=DIRECTION('',(3.10677409710823E-11,-1.,0.));
#4834=DIRECTION('center_axis',(0.,0.,1.));
#4835=DIRECTION('ref_axis',(1.,0.,0.));
#4836=DIRECTION('',(1.,0.,0.));
#4837=DIRECTION('center_axis',(1.,-5.17696996360076E-11,0.));
#4838=DIRECTION('ref_axis',(5.17696996360076E-11,1.,0.));
#4839=DIRECTION('',(-5.17696996360076E-11,-1.,0.));
#4840=DIRECTION('',(0.,0.,1.));
#4841=DIRECTION('',(5.17696996360076E-11,1.,0.));
#4842=DIRECTION('',(0.,0.,-1.));
#4843=DIRECTION('center_axis',(-1.,-4.28731124618902E-11,0.));
#4844=DIRECTION('ref_axis',(4.28731124618902E-11,-1.,0.));
#4845=DIRECTION('',(-4.28731124618902E-11,1.,0.));
#4846=DIRECTION('',(0.,0.,1.));
#4847=DIRECTION('',(4.28731124618902E-11,-1.,0.));
#4848=DIRECTION('',(0.,0.,1.));
#4849=DIRECTION('center_axis',(0.,0.,1.));
#4850=DIRECTION('ref_axis',(-1.68309810567594E-11,1.,0.));
#4851=DIRECTION('center_axis',(0.,0.,-1.));
#4852=DIRECTION('ref_axis',(-1.68309810567594E-11,1.,0.));
#4853=DIRECTION('center_axis',(0.,0.,1.));
#4854=DIRECTION('ref_axis',(-1.68309810567594E-11,1.,0.));
#4855=DIRECTION('',(0.,0.,1.));
#4856=DIRECTION('center_axis',(-7.97140131630146E-12,1.,0.));
#4857=DIRECTION('ref_axis',(-1.,-7.97140131630146E-12,0.));
#4858=DIRECTION('',(1.,7.97140131630146E-12,0.));
#4859=DIRECTION('',(-1.,-7.97140131630146E-12,0.));
#4860=DIRECTION('',(0.,0.,1.));
#4861=DIRECTION('center_axis',(0.,0.,1.));
#4862=DIRECTION('ref_axis',(1.,-7.10542735757992E-14,0.));
#4863=DIRECTION('center_axis',(0.,0.,-1.));
#4864=DIRECTION('ref_axis',(1.,-7.10542735757992E-14,0.));
#4865=DIRECTION('center_axis',(0.,0.,1.));
#4866=DIRECTION('ref_axis',(1.,-7.10542735757992E-14,0.));
#4867=DIRECTION('center_axis',(0.,0.,1.));
#4868=DIRECTION('ref_axis',(1.,0.,0.));
#4869=DIRECTION('',(-1.,5.38289951333409E-16,0.));
#4870=DIRECTION('center_axis',(0.,1.,0.));
#4871=DIRECTION('ref_axis',(-1.,0.,0.));
#4872=DIRECTION('',(1.,0.,0.));
#4873=DIRECTION('',(-1.,0.,0.));
#4874=DIRECTION('',(1.,0.,0.));
#4875=DIRECTION('',(0.,0.,-1.));
#4876=DIRECTION('',(1.,0.,0.));
#4877=DIRECTION('',(0.,0.,1.));
#4878=DIRECTION('',(1.,0.,0.));
#4879=DIRECTION('',(1.,0.,0.));
#4880=DIRECTION('',(1.,0.,0.));
#4881=DIRECTION('',(1.,0.,0.));
#4882=DIRECTION('center_axis',(-5.38289951333409E-16,-1.,0.));
#4883=DIRECTION('ref_axis',(1.,-5.38289951333409E-16,0.));
#4884=DIRECTION('',(-1.,5.38289951333409E-16,0.));
#4885=DIRECTION('',(-1.,5.38289951333409E-16,0.));
#4886=DIRECTION('',(-1.,5.38289951333409E-16,0.));
#4887=DIRECTION('',(-1.,5.38289951333409E-16,0.));
#4888=DIRECTION('',(0.,0.,-1.));
#4889=DIRECTION('',(-1.,5.38289951333409E-16,0.));
#4890=DIRECTION('',(0.,0.,1.));
#4891=DIRECTION('',(-1.,5.38289951333409E-16,0.));
#4892=DIRECTION('',(1.,-5.38289951333409E-16,0.));
#4893=DIRECTION('',(-1.,5.38289951333409E-16,0.));
#4894=DIRECTION('center_axis',(1.,-5.17696996360076E-11,0.));
#4895=DIRECTION('ref_axis',(5.17696996360076E-11,1.,0.));
#4896=DIRECTION('',(-5.17696996360076E-11,-1.,0.));
#4897=DIRECTION('',(0.,0.,1.));
#4898=DIRECTION('',(5.17696996360076E-11,1.,0.));
#4899=DIRECTION('center_axis',(-1.,-4.28731124618902E-11,0.));
#4900=DIRECTION('ref_axis',(4.28731124618902E-11,-1.,0.));
#4901=DIRECTION('',(-4.28731124618902E-11,1.,0.));
#4902=DIRECTION('',(4.28731124618902E-11,-1.,0.));
#4903=DIRECTION('',(0.,0.,1.));
#4904=DIRECTION('center_axis',(0.,0.,1.));
#4905=DIRECTION('ref_axis',(-1.68309810567594E-11,1.,0.));
#4906=DIRECTION('center_axis',(0.,0.,-1.));
#4907=DIRECTION('ref_axis',(-1.68309810567594E-11,1.,0.));
#4908=DIRECTION('center_axis',(0.,0.,1.));
#4909=DIRECTION('ref_axis',(-1.68309810567594E-11,1.,0.));
#4910=DIRECTION('',(0.,0.,1.));
#4911=DIRECTION('center_axis',(-7.97140131630146E-12,1.,0.));
#4912=DIRECTION('ref_axis',(-1.,-7.97140131630146E-12,0.));
#4913=DIRECTION('',(1.,7.97140131630146E-12,0.));
#4914=DIRECTION('',(-1.,-7.97140131630146E-12,0.));
#4915=DIRECTION('',(0.,0.,1.));
#4916=DIRECTION('center_axis',(0.,0.,1.));
#4917=DIRECTION('ref_axis',(1.,-7.10542735757992E-14,0.));
#4918=DIRECTION('center_axis',(0.,0.,-1.));
#4919=DIRECTION('ref_axis',(1.,-7.10542735757992E-14,0.));
#4920=DIRECTION('center_axis',(0.,0.,1.));
#4921=DIRECTION('ref_axis',(1.,-7.10542735757992E-14,0.));
#4922=DIRECTION('center_axis',(0.,0.,1.));
#4923=DIRECTION('ref_axis',(1.,0.,0.));
#4924=DIRECTION('center_axis',(0.,0.,1.));
#4925=DIRECTION('ref_axis',(1.35225164406003E-11,-1.,0.));
#4926=DIRECTION('center_axis',(0.,0.,-1.));
#4927=DIRECTION('ref_axis',(1.35225164406003E-11,-1.,0.));
#4928=DIRECTION('',(0.,0.,1.));
#4929=DIRECTION('center_axis',(0.,0.,1.));
#4930=DIRECTION('ref_axis',(1.35225164406003E-11,-1.,0.));
#4931=DIRECTION('',(0.,0.,1.));
#4932=DIRECTION('center_axis',(-7.87814258223887E-12,-1.,0.));
#4933=DIRECTION('ref_axis',(1.,-7.87814258223887E-12,0.));
#4934=DIRECTION('',(-1.,7.87814258223887E-12,0.));
#4935=DIRECTION('',(-1.,7.87814258223887E-12,0.));
#4936=DIRECTION('',(0.,0.,1.));
#4937=DIRECTION('center_axis',(0.,0.,1.));
#4938=DIRECTION('ref_axis',(-1.,5.03597164041093E-12,0.));
#4939=DIRECTION('center_axis',(0.,0.,-1.));
#4940=DIRECTION('ref_axis',(-1.,5.03597164041093E-12,0.));
#4941=DIRECTION('center_axis',(0.,0.,1.));
#4942=DIRECTION('ref_axis',(-1.,5.03597164041093E-12,0.));
#4943=DIRECTION('',(0.,0.,1.));
#4944=DIRECTION('center_axis',(-1.,4.34985380990303E-11,0.));
#4945=DIRECTION('ref_axis',(-4.34985380990303E-11,-1.,0.));
#4946=DIRECTION('',(4.34985380990303E-11,1.,0.));
#4947=DIRECTION('',(4.34985380990303E-11,1.,0.));
#4948=DIRECTION('center_axis',(1.,3.10677409710823E-11,0.));
#4949=DIRECTION('ref_axis',(-3.10677409710823E-11,1.,0.));
#4950=DIRECTION('',(3.10677409710823E-11,-1.,0.));
#4951=DIRECTION('',(3.10677409710823E-11,-1.,0.));
#4952=DIRECTION('center_axis',(0.,0.,1.));
#4953=DIRECTION('ref_axis',(1.,0.,0.));
#4954=DIRECTION('center_axis',(0.,0.,-1.));
#4955=DIRECTION('ref_axis',(0.707106781186548,-0.707106781186547,0.));
#4956=DIRECTION('center_axis',(0.,0.,1.));
#4957=DIRECTION('ref_axis',(0.707106781186548,-0.707106781186547,0.));
#4958=DIRECTION('',(0.,0.,-1.));
#4959=DIRECTION('center_axis',(0.,0.,-1.));
#4960=DIRECTION('ref_axis',(0.707106781186548,-0.707106781186547,0.));
#4961=DIRECTION('',(0.,0.,-1.));
#4962=DIRECTION('center_axis',(1.,3.761696836377E-15,0.));
#4963=DIRECTION('ref_axis',(3.761696836377E-15,-1.,0.));
#4964=DIRECTION('',(-3.761696836377E-15,1.,0.));
#4965=DIRECTION('',(0.,0.,-1.));
#4966=DIRECTION('',(3.761696836377E-15,-1.,0.));
#4967=DIRECTION('center_axis',(0.,0.,-1.));
#4968=DIRECTION('ref_axis',(0.707106781186546,0.707106781186549,0.));
#4969=DIRECTION('center_axis',(0.,0.,1.));
#4970=DIRECTION('ref_axis',(0.707106781186546,0.707106781186549,0.));
#4971=DIRECTION('',(0.,0.,-1.));
#4972=DIRECTION('center_axis',(0.,0.,-1.));
#4973=DIRECTION('ref_axis',(0.707106781186546,0.707106781186549,0.));
#4974=DIRECTION('center_axis',(-9.40424209094254E-16,1.,0.));
#4975=DIRECTION('ref_axis',(1.,9.40424209094254E-16,0.));
#4976=DIRECTION('',(-1.,-9.40424209094254E-16,0.));
#4977=DIRECTION('',(0.,0.,-1.));
#4978=DIRECTION('',(1.,9.40424209094254E-16,0.));
#4979=DIRECTION('center_axis',(0.,0.,-1.));
#4980=DIRECTION('ref_axis',(-0.707106781186548,0.707106781186547,0.));
#4981=DIRECTION('center_axis',(0.,0.,1.));
#4982=DIRECTION('ref_axis',(-0.707106781186548,0.707106781186547,0.));
#4983=DIRECTION('',(0.,0.,-1.));
#4984=DIRECTION('center_axis',(0.,0.,-1.));
#4985=DIRECTION('ref_axis',(-0.707106781186548,0.707106781186547,0.));
#4986=DIRECTION('center_axis',(-1.,-2.089831575765E-16,0.));
#4987=DIRECTION('ref_axis',(-2.089831575765E-16,1.,0.));
#4988=DIRECTION('',(2.089831575765E-16,-1.,0.));
#4989=DIRECTION('',(0.,0.,-1.));
#4990=DIRECTION('',(-2.089831575765E-16,1.,0.));
#4991=DIRECTION('center_axis',(0.,0.,-1.));
#4992=DIRECTION('ref_axis',(-0.707106781186548,-0.707106781186547,0.));
#4993=DIRECTION('center_axis',(0.,0.,1.));
#4994=DIRECTION('ref_axis',(-0.707106781186548,-0.707106781186547,0.));
#4995=DIRECTION('',(0.,0.,-1.));
#4996=DIRECTION('center_axis',(0.,0.,-1.));
#4997=DIRECTION('ref_axis',(-0.707106781186548,-0.707106781186547,0.));
#4998=DIRECTION('center_axis',(-4.17966315153E-16,-1.,0.));
#4999=DIRECTION('ref_axis',(-1.,4.17966315153E-16,0.));
#5000=DIRECTION('',(1.,-4.17966315153E-16,0.));
#5001=DIRECTION('',(-1.,4.17966315153E-16,0.));
#5002=DIRECTION('center_axis',(0.,0.,-1.));
#5003=DIRECTION('ref_axis',(-1.,0.,0.));
#5004=DIRECTION('center_axis',(-6.64980335442543E-16,0.707106781186548,
-0.707106781186547));
#5005=DIRECTION('ref_axis',(-1.,0.,9.40424209094256E-16));
#5006=DIRECTION('',(1.,9.40424209094254E-16,0.));
#5007=DIRECTION('',(1.30841038223648E-15,-0.707106781186547,-0.707106781186547));
#5008=DIRECTION('',(6.5420519111824E-16,-0.707106781186547,-0.707106781186547));
#5009=DIRECTION('center_axis',(0.,0.,1.));
#5010=DIRECTION('ref_axis',(0.707106781186545,0.70710678118655,0.));
#5011=DIRECTION('center_axis',(0.,0.,-1.));
#5012=DIRECTION('ref_axis',(0.707106781186545,0.70710678118655,0.));
#5013=DIRECTION('',(-0.707106781186547,-2.61682076447296E-15,-0.707106781186547));
#5014=DIRECTION('center_axis',(0.707106781186548,2.65992134177016E-15,-0.707106781186547));
#5015=DIRECTION('ref_axis',(-0.707106781186547,0.,-0.707106781186548));
#5016=DIRECTION('',(3.761696836377E-15,-1.,0.));
#5017=DIRECTION('',(-0.707106781186548,-1.96261557335472E-15,-0.707106781186547));
#5018=DIRECTION('center_axis',(0.,0.,1.));
#5019=DIRECTION('ref_axis',(0.707106781186548,-0.707106781186547,0.));
#5020=DIRECTION('center_axis',(0.,0.,-1.));
#5021=DIRECTION('ref_axis',(0.707106781186548,-0.707106781186547,0.));
#5022=DIRECTION('',(0.,-0.707106781186548,0.707106781186547));
#5023=DIRECTION('center_axis',(-2.9554681575224E-16,-0.707106781186548,
-0.707106781186547));
#5024=DIRECTION('ref_axis',(-1.,0.,4.17966315153E-16));
#5025=DIRECTION('',(-1.,4.17966315153E-16,0.));
#5026=DIRECTION('',(6.5420519111824E-16,0.707106781186547,-0.707106781186547));
#5027=DIRECTION('center_axis',(0.,0.,1.));
#5028=DIRECTION('ref_axis',(-0.707106781186548,-0.707106781186547,0.));
#5029=DIRECTION('center_axis',(0.,0.,-1.));
#5030=DIRECTION('ref_axis',(-0.707106781186548,-0.707106781186547,0.));
#5031=DIRECTION('',(0.707106781186548,0.,-0.707106781186547));
#5032=DIRECTION('center_axis',(-0.707106781186548,-1.4777340787612E-16,
-0.707106781186548));
#5033=DIRECTION('ref_axis',(-0.707106781186548,0.,0.707106781186548));
#5034=DIRECTION('',(-2.089831575765E-16,1.,0.));
#5035=DIRECTION('',(0.707106781186548,-6.5420519111824E-16,-0.707106781186547));
#5036=DIRECTION('center_axis',(0.,0.,1.));
#5037=DIRECTION('ref_axis',(-0.707106781186548,0.707106781186547,0.));
#5038=DIRECTION('center_axis',(0.,0.,-1.));
#5039=DIRECTION('ref_axis',(-0.707106781186548,0.707106781186547,0.));
#5040=DIRECTION('center_axis',(0.,0.,1.));
#5041=DIRECTION('ref_axis',(1.,0.,0.));
#5042=DIRECTION('center_axis',(0.,0.,-1.));
#5043=DIRECTION('ref_axis',(0.707106781186547,0.707106781186548,0.));
#5044=DIRECTION('',(1.,4.28037792626566E-16,0.));
#5045=DIRECTION('center_axis',(0.,0.,-1.));
#5046=DIRECTION('ref_axis',(-0.70710678118655,0.707106781186545,0.));
#5047=DIRECTION('',(-5.45748185598872E-15,1.,0.));
#5048=DIRECTION('center_axis',(0.,0.,-1.));
#5049=DIRECTION('ref_axis',(-0.707106781186546,-0.707106781186549,0.));
#5050=DIRECTION('',(-1.,1.07009448156642E-16,0.));
#5051=DIRECTION('center_axis',(0.,0.,-1.));
#5052=DIRECTION('ref_axis',(0.707106781186548,-0.707106781186548,0.));
#5053=DIRECTION('',(-2.14018896313283E-16,-1.,0.));
#5054=DIRECTION('center_axis',(-1.,-5.45748185598872E-15,0.));
#5055=DIRECTION('ref_axis',(5.45748185598872E-15,-1.,0.));
#5056=DIRECTION('',(0.,0.,1.));
#5057=DIRECTION('',(-5.45748185598872E-15,1.,0.));
#5058=DIRECTION('',(0.,0.,-1.));
#5059=DIRECTION('center_axis',(0.,0.,1.));
#5060=DIRECTION('ref_axis',(-0.70710678118655,0.707106781186545,0.));
#5061=DIRECTION('',(0.,0.,-1.));
#5062=DIRECTION('center_axis',(0.,0.,1.));
#5063=DIRECTION('ref_axis',(-0.70710678118655,0.707106781186545,0.));
#5064=DIRECTION('center_axis',(-4.28037792626566E-16,1.,0.));
#5065=DIRECTION('ref_axis',(-1.,-4.28037792626566E-16,0.));
#5066=DIRECTION('',(0.,0.,1.));
#5067=DIRECTION('',(1.,4.28037792626566E-16,0.));
#5068=DIRECTION('center_axis',(0.,0.,1.));
#5069=DIRECTION('ref_axis',(0.707106781186547,0.707106781186548,0.));
#5070=DIRECTION('',(0.,0.,-1.));
#5071=DIRECTION('center_axis',(0.,0.,1.));
#5072=DIRECTION('ref_axis',(0.707106781186547,0.707106781186548,0.));
#5073=DIRECTION('center_axis',(0.,0.,1.));
#5074=DIRECTION('ref_axis',(1.,0.,0.));
#5075=DIRECTION('',(-2.14018896313283E-16,-1.,0.));
#5076=DIRECTION('center_axis',(0.,0.,1.));
#5077=DIRECTION('ref_axis',(0.707106781186548,-0.707106781186548,0.));
#5078=DIRECTION('',(-1.,1.07009448156642E-16,0.));
#5079=DIRECTION('center_axis',(0.,0.,1.));
#5080=DIRECTION('ref_axis',(-0.707106781186546,-0.707106781186549,0.));
#5081=DIRECTION('center_axis',(0.,0.,1.));
#5082=DIRECTION('ref_axis',(-0.707106781186546,-0.707106781186549,0.));
#5083=DIRECTION('',(0.,0.,1.));
#5084=DIRECTION('center_axis',(-1.07009448156642E-16,-1.,0.));
#5085=DIRECTION('ref_axis',(1.,-1.07009448156642E-16,0.));
#5086=DIRECTION('',(0.,0.,-1.));
#5087=DIRECTION('center_axis',(0.,0.,1.));
#5088=DIRECTION('ref_axis',(0.707106781186548,-0.707106781186548,0.));
#5089=DIRECTION('',(0.,0.,1.));
#5090=DIRECTION('center_axis',(1.,-2.14018896313283E-16,0.));
#5091=DIRECTION('ref_axis',(2.14018896313283E-16,1.,0.));
#5092=CARTESIAN_POINT('',(0.,0.,0.));
#5093=CARTESIAN_POINT('Origin',(8.37500000000009,-17.9499999999999,-4.6));
#5094=CARTESIAN_POINT('',(-16.7499999999999,-18.3499999999999,-4.2));
#5095=CARTESIAN_POINT('',(-16.7499999999999,-17.5499999999999,-5.));
#5096=CARTESIAN_POINT('',(-16.7499999999999,-18.3499999999999,-4.2));
#5097=CARTESIAN_POINT('',(16.7500000000001,-17.5499999999999,-5.));
#5098=CARTESIAN_POINT('',(8.37500000000009,-17.5499999999999,-5.));
#5099=CARTESIAN_POINT('',(16.7500000000001,-18.3499999999999,-4.2));
#5100=CARTESIAN_POINT('',(16.7500000000001,-17.5499999999999,-5.));
#5101=CARTESIAN_POINT('',(8.37500000000009,-18.3499999999999,-4.2));
#5102=CARTESIAN_POINT('Origin',(-16.7499999999999,-16.7499999999999,-4.6));
#5103=CARTESIAN_POINT('',(-18.3499999999999,-16.7499999999999,-4.2));
#5104=CARTESIAN_POINT('',(-17.5499999999999,-16.7499999999999,-5.));
#5105=CARTESIAN_POINT('',(-18.3499999999999,-16.7499999999999,-4.2));
#5106=CARTESIAN_POINT('Origin',(-16.7499999999999,-16.7499999999999,-5.));
#5107=CARTESIAN_POINT('Origin',(-16.7499999999999,-16.7499999999999,-4.2));
#5108=CARTESIAN_POINT('Origin',(-17.9499999999999,-8.37499999999993,-4.6));
#5109=CARTESIAN_POINT('',(-18.3499999999999,16.7500000000001,-4.2));
#5110=CARTESIAN_POINT('',(-17.5499999999999,16.7500000000001,-5.));
#5111=CARTESIAN_POINT('',(-18.3499999999999,16.7500000000001,-4.2));
#5112=CARTESIAN_POINT('',(-17.5499999999999,-8.37499999999993,-5.));
#5113=CARTESIAN_POINT('',(-18.3499999999999,-8.37499999999993,-4.2));
#5114=CARTESIAN_POINT('Origin',(-16.7499999999999,16.7500000000001,-4.6));
#5115=CARTESIAN_POINT('',(-16.7499999999999,18.3500000000001,-4.2));
#5116=CARTESIAN_POINT('',(-16.7499999999999,17.5500000000001,-5.));
#5117=CARTESIAN_POINT('',(-16.7499999999999,18.3500000000001,-4.2));
#5118=CARTESIAN_POINT('Origin',(-16.7499999999999,16.7500000000001,-5.));
#5119=CARTESIAN_POINT('Origin',(-16.7499999999999,16.7500000000001,-4.2));
#5120=CARTESIAN_POINT('Origin',(-8.3749999999999,17.9500000000001,-4.6));
#5121=CARTESIAN_POINT('',(16.7500000000001,18.3500000000001,-4.2));
#5122=CARTESIAN_POINT('',(16.7500000000001,17.5500000000001,-5.));
#5123=CARTESIAN_POINT('',(16.7500000000001,18.3500000000001,-4.2));
#5124=CARTESIAN_POINT('',(-8.3749999999999,17.5500000000001,-5.));
#5125=CARTESIAN_POINT('',(-8.3749999999999,18.3500000000001,-4.2));
#5126=CARTESIAN_POINT('Origin',(16.7500000000001,16.7500000000001,-4.6));
#5127=CARTESIAN_POINT('',(18.3500000000001,16.7500000000001,-4.2));
#5128=CARTESIAN_POINT('',(17.5500000000001,16.7500000000001,-5.));
#5129=CARTESIAN_POINT('',(18.3500000000001,16.7500000000001,-4.2));
#5130=CARTESIAN_POINT('Origin',(16.7500000000001,16.7500000000001,-5.));
#5131=CARTESIAN_POINT('Origin',(16.7500000000001,16.7500000000001,-4.2));
#5132=CARTESIAN_POINT('Origin',(17.9500000000001,8.37500000000006,-4.6));
#5133=CARTESIAN_POINT('',(18.3500000000001,-16.7499999999999,-4.2));
#5134=CARTESIAN_POINT('',(17.5500000000001,-16.7499999999999,-5.));
#5135=CARTESIAN_POINT('',(18.3500000000001,-16.7499999999999,-4.2));
#5136=CARTESIAN_POINT('',(17.5500000000001,8.37500000000006,-5.));
#5137=CARTESIAN_POINT('',(18.3500000000001,8.37500000000006,-4.2));
#5138=CARTESIAN_POINT('Origin',(16.7500000000001,-16.7499999999999,-4.6));
#5139=CARTESIAN_POINT('Origin',(16.7500000000001,-16.7499999999999,-5.));
#5140=CARTESIAN_POINT('Origin',(16.7500000000001,-16.7499999999999,-4.2));
#5141=CARTESIAN_POINT('Origin',(-16.7499999999999,16.7500000000001,-2.4));
#5142=CARTESIAN_POINT('',(-18.3499999999999,16.7500000000001,-2.4));
#5143=CARTESIAN_POINT('',(-18.3499999999999,16.7500000000001,-2.4));
#5144=CARTESIAN_POINT('',(-16.7499999999999,18.3500000000001,-2.4));
#5145=CARTESIAN_POINT('Origin',(-16.7499999999999,16.7500000000001,-2.4));
#5146=CARTESIAN_POINT('',(-16.7499999999999,18.3500000000001,-2.4));
#5147=CARTESIAN_POINT('Origin',(-18.3499999999999,-16.7499999999999,-2.4));
#5148=CARTESIAN_POINT('',(-18.3499999999999,-16.7499999999999,-2.4));
#5149=CARTESIAN_POINT('',(-18.3499999999999,-16.7499999999999,-2.4));
#5150=CARTESIAN_POINT('',(-18.3499999999999,-8.37499999999993,-2.4));
#5151=CARTESIAN_POINT('Origin',(-16.7499999999999,-16.7499999999999,-2.4));
#5152=CARTESIAN_POINT('',(-16.7499999999999,-18.3499999999999,-2.4));
#5153=CARTESIAN_POINT('',(-16.7499999999999,-18.3499999999999,-2.4));
#5154=CARTESIAN_POINT('Origin',(-16.7499999999999,-16.7499999999999,-2.4));
#5155=CARTESIAN_POINT('Origin',(16.7500000000001,-18.3499999999999,-2.4));
#5156=CARTESIAN_POINT('',(16.7500000000001,-18.3499999999999,-2.4));
#5157=CARTESIAN_POINT('',(16.7500000000001,-18.3499999999999,-2.4));
#5158=CARTESIAN_POINT('',(8.37500000000009,-18.3499999999999,-2.4));
#5159=CARTESIAN_POINT('Origin',(9.76996261670138E-14,6.66133814775094E-14,
-5.));
#5160=CARTESIAN_POINT('Origin',(16.7500000000001,-16.7499999999999,-2.4));
#5161=CARTESIAN_POINT('',(18.3500000000001,-16.7499999999999,-2.4));
#5162=CARTESIAN_POINT('',(18.3500000000001,-16.7499999999999,-2.4));
#5163=CARTESIAN_POINT('Origin',(16.7500000000001,-16.7499999999999,-2.4));
#5164=CARTESIAN_POINT('Origin',(18.3500000000001,16.7500000000001,-2.4));
#5165=CARTESIAN_POINT('',(18.3500000000001,16.7500000000001,-2.4));
#5166=CARTESIAN_POINT('',(18.3500000000001,16.7500000000001,-2.4));
#5167=CARTESIAN_POINT('',(18.3500000000001,8.37500000000006,-2.4));
#5168=CARTESIAN_POINT('Origin',(16.7500000000001,16.7500000000001,-2.4));
#5169=CARTESIAN_POINT('',(16.7500000000001,18.3500000000001,-2.4));
#5170=CARTESIAN_POINT('',(16.7500000000001,18.3500000000001,-2.4));
#5171=CARTESIAN_POINT('Origin',(16.7500000000001,16.7500000000001,-2.4));
#5172=CARTESIAN_POINT('Origin',(-16.7499999999999,18.3500000000001,-2.4));
#5173=CARTESIAN_POINT('',(-8.3749999999999,18.3500000000001,-2.4));
#5174=CARTESIAN_POINT('Origin',(8.37500000000009,-19.5499999999999,-1.2));
#5175=CARTESIAN_POINT('',(-16.7499999999999,-20.7499999999999,0.));
#5176=CARTESIAN_POINT('',(-16.7499999999999,-20.7499999999999,0.));
#5177=CARTESIAN_POINT('',(16.7500000000001,-20.7499999999999,0.));
#5178=CARTESIAN_POINT('',(16.7500000000001,-18.3499999999999,-2.4));
#5179=CARTESIAN_POINT('',(-16.7499999999999,-20.7499999999999,0.));
#5180=CARTESIAN_POINT('Origin',(-16.7499999999999,-16.7499999999999,-1.2));
#5181=CARTESIAN_POINT('',(-20.7499999999999,-16.7499999999999,0.));
#5182=CARTESIAN_POINT('',(-20.7499999999999,-16.7499999999999,0.));
#5183=CARTESIAN_POINT('Origin',(-16.7499999999999,-16.7499999999999,0.));
#5184=CARTESIAN_POINT('Origin',(-19.5499999999999,-8.37499999999993,-1.2));
#5185=CARTESIAN_POINT('',(-20.7499999999999,16.7500000000001,0.));
#5186=CARTESIAN_POINT('',(-20.7499999999999,16.7500000000001,0.));
#5187=CARTESIAN_POINT('',(-20.7499999999999,16.7500000000001,0.));
#5188=CARTESIAN_POINT('Origin',(-16.7499999999999,16.7500000000001,-1.2));
#5189=CARTESIAN_POINT('',(-16.7499999999999,20.7500000000001,0.));
#5190=CARTESIAN_POINT('',(-16.7499999999999,20.7500000000001,0.));
#5191=CARTESIAN_POINT('Origin',(-16.7499999999999,16.7500000000001,0.));
#5192=CARTESIAN_POINT('Origin',(-8.3749999999999,19.5500000000001,-1.2));
#5193=CARTESIAN_POINT('',(16.7500000000001,20.7500000000001,0.));
#5194=CARTESIAN_POINT('',(16.7500000000001,20.7500000000001,0.));
#5195=CARTESIAN_POINT('',(16.7500000000001,20.7500000000001,0.));
#5196=CARTESIAN_POINT('Origin',(16.7500000000001,16.7500000000001,-1.2));
#5197=CARTESIAN_POINT('',(20.7500000000001,16.7500000000001,0.));
#5198=CARTESIAN_POINT('',(20.7500000000001,16.7500000000001,0.));
#5199=CARTESIAN_POINT('Origin',(16.7500000000001,16.7500000000001,0.));
#5200=CARTESIAN_POINT('Origin',(19.5500000000001,8.37500000000006,-1.2));
#5201=CARTESIAN_POINT('',(20.7500000000001,-16.7499999999999,0.));
#5202=CARTESIAN_POINT('',(20.7500000000001,-16.7499999999999,0.));
#5203=CARTESIAN_POINT('',(20.7500000000001,-16.7499999999999,0.));
#5204=CARTESIAN_POINT('Origin',(16.7500000000001,-16.7499999999999,-1.2));
#5205=CARTESIAN_POINT('Origin',(16.7500000000001,-16.7499999999999,0.));
#5206=CARTESIAN_POINT('Origin',(9.76996261670138E-14,6.66133814775094E-14,
0.));
#5207=CARTESIAN_POINT('Origin',(16.75,16.7500000000001,0.));
#5208=CARTESIAN_POINT('',(16.75,20.7500000000001,2.));
#5209=CARTESIAN_POINT('',(20.75,16.7500000000001,2.));
#5210=CARTESIAN_POINT('Origin',(16.75,16.7500000000001,2.));
#5211=CARTESIAN_POINT('',(20.75,16.7500000000001,0.));
#5212=CARTESIAN_POINT('',(20.75,16.7500000000001,0.));
#5213=CARTESIAN_POINT('',(16.75,20.7500000000001,0.));
#5214=CARTESIAN_POINT('Origin',(16.75,16.7500000000001,0.));
#5215=CARTESIAN_POINT('',(16.75,20.7500000000001,0.));
#5216=CARTESIAN_POINT('Origin',(20.75,20.7500000000001,0.));
#5217=CARTESIAN_POINT('',(-16.7500000000002,20.7500000000001,0.));
#5218=CARTESIAN_POINT('',(-20.7500000000002,20.7500000000001,0.));
#5219=CARTESIAN_POINT('',(-16.7500000000002,20.7500000000001,2.));
#5220=CARTESIAN_POINT('',(-16.7500000000002,20.7500000000001,0.));
#5221=CARTESIAN_POINT('',(-20.7500000000002,20.7500000000001,2.));
#5222=CARTESIAN_POINT('Origin',(-5.32907051820075E-14,5.77315972805081E-14,
0.));
#5223=CARTESIAN_POINT('',(20.7500000000001,-16.75,0.));
#5224=CARTESIAN_POINT('',(20.75,20.7500000000001,0.));
#5225=CARTESIAN_POINT('',(16.7500000000001,-20.75,0.));
#5226=CARTESIAN_POINT('Origin',(16.7500000000001,-16.75,0.));
#5227=CARTESIAN_POINT('',(-16.7499999999999,-20.7499999999999,0.));
#5228=CARTESIAN_POINT('',(20.7500000000001,-20.75,0.));
#5229=CARTESIAN_POINT('',(-20.7499999999999,-16.75,0.));
#5230=CARTESIAN_POINT('Origin',(-16.7499999999999,-16.7499999999999,0.));
#5231=CARTESIAN_POINT('',(-20.7500000000002,16.75,0.));
#5232=CARTESIAN_POINT('',(-20.7499999999999,-20.7499999999999,0.));
#5233=CARTESIAN_POINT('Origin',(-16.7500000000002,16.7500000000001,0.));
#5234=CARTESIAN_POINT('Origin',(-16.7500000000002,16.7500000000001,0.));
#5235=CARTESIAN_POINT('',(-20.7500000000002,16.75,2.));
#5236=CARTESIAN_POINT('Origin',(-16.7500000000002,16.7500000000001,2.));
#5237=CARTESIAN_POINT('',(-20.7500000000002,16.75,0.));
#5238=CARTESIAN_POINT('Origin',(-20.7500000000002,20.7500000000001,0.));
#5239=CARTESIAN_POINT('',(-20.7499999999999,-16.75,2.));
#5240=CARTESIAN_POINT('',(-20.7499999999999,-16.75,0.));
#5241=CARTESIAN_POINT('',(-20.7499999999999,-20.7499999999999,2.));
#5242=CARTESIAN_POINT('Origin',(-16.7499999999999,-16.7499999999999,0.));
#5243=CARTESIAN_POINT('',(-16.7499999999999,-20.7499999999999,2.));
#5244=CARTESIAN_POINT('Origin',(-16.7499999999999,-16.7499999999999,2.));
#5245=CARTESIAN_POINT('',(-16.7499999999999,-20.7499999999999,0.));
#5246=CARTESIAN_POINT('Origin',(-20.7499999999999,-20.7499999999999,0.));
#5247=CARTESIAN_POINT('',(16.7500000000001,-20.75,2.));
#5248=CARTESIAN_POINT('',(16.7500000000001,-20.75,0.));
#5249=CARTESIAN_POINT('',(20.7500000000001,-20.75,2.));
#5250=CARTESIAN_POINT('Origin',(16.7500000000001,-16.75,0.));
#5251=CARTESIAN_POINT('',(20.7500000000001,-16.75,2.));
#5252=CARTESIAN_POINT('Origin',(16.7500000000001,-16.75,2.));
#5253=CARTESIAN_POINT('',(20.7500000000001,-16.75,0.));
#5254=CARTESIAN_POINT('Origin',(20.7500000000001,-20.75,0.));
#5255=CARTESIAN_POINT('',(20.75,20.7500000000001,2.));
#5256=CARTESIAN_POINT('Origin',(-5.32907051820075E-14,5.77315972805081E-14,
2.));
#5257=CARTESIAN_POINT('Origin',(13.0000000000001,-12.9999999999999,0.));
#5258=CARTESIAN_POINT('',(9.8500000000001,-12.9999999999999,-2.7));
#5259=CARTESIAN_POINT('Origin',(13.0000000000001,-12.9999999999999,-2.7));
#5260=CARTESIAN_POINT('',(9.8500000000001,-12.9999999999999,0.));
#5261=CARTESIAN_POINT('',(9.8500000000001,-12.9999999999999,0.));
#5262=CARTESIAN_POINT('Origin',(13.0000000000001,-12.9999999999999,0.));
#5263=CARTESIAN_POINT('Origin',(13.0000000000001,-12.9999999999999,0.));
#5264=CARTESIAN_POINT('Origin',(13.0000000000001,-12.9999999999999,-2.7));
#5265=CARTESIAN_POINT('Origin',(13.0000000000001,13.0000000000001,0.));
#5266=CARTESIAN_POINT('',(9.8500000000001,13.0000000000001,-2.7));
#5267=CARTESIAN_POINT('Origin',(13.0000000000001,13.0000000000001,-2.7));
#5268=CARTESIAN_POINT('',(9.8500000000001,13.0000000000001,0.));
#5269=CARTESIAN_POINT('',(9.8500000000001,13.0000000000001,0.));
#5270=CARTESIAN_POINT('Origin',(13.0000000000001,13.0000000000001,0.));
#5271=CARTESIAN_POINT('Origin',(13.0000000000001,13.0000000000001,0.));
#5272=CARTESIAN_POINT('Origin',(13.0000000000001,13.0000000000001,-2.7));
#5273=CARTESIAN_POINT('Origin',(-12.9999999999999,-12.9999999999999,0.));
#5274=CARTESIAN_POINT('',(-16.1499999999999,-12.9999999999999,-2.7));
#5275=CARTESIAN_POINT('Origin',(-12.9999999999999,-12.9999999999999,-2.7));
#5276=CARTESIAN_POINT('',(-16.1499999999999,-12.9999999999999,0.));
#5277=CARTESIAN_POINT('',(-16.1499999999999,-12.9999999999999,0.));
#5278=CARTESIAN_POINT('Origin',(-12.9999999999999,-12.9999999999999,0.));
#5279=CARTESIAN_POINT('Origin',(-12.9999999999999,-12.9999999999999,0.));
#5280=CARTESIAN_POINT('Origin',(-12.9999999999999,-12.9999999999999,-2.7));
#5281=CARTESIAN_POINT('Origin',(-12.9999999999999,13.0000000000001,0.));
#5282=CARTESIAN_POINT('',(-16.1499999999999,13.0000000000001,-2.7));
#5283=CARTESIAN_POINT('Origin',(-12.9999999999999,13.0000000000001,-2.7));
#5284=CARTESIAN_POINT('',(-16.1499999999999,13.0000000000001,0.));
#5285=CARTESIAN_POINT('',(-16.1499999999999,13.0000000000001,0.));
#5286=CARTESIAN_POINT('Origin',(-12.9999999999999,13.0000000000001,0.));
#5287=CARTESIAN_POINT('Origin',(-12.9999999999999,13.0000000000001,0.));
#5288=CARTESIAN_POINT('Origin',(-12.9999999999999,13.0000000000001,-2.7));
#5289=CARTESIAN_POINT('Origin',(17.1000000000049,12.9999999999937,13.05));
#5290=CARTESIAN_POINT('',(17.100000000005,13.500000000008,23.));
#5291=CARTESIAN_POINT('',(17.6000000000084,13.0000000000006,23.));
#5292=CARTESIAN_POINT('Origin',(17.1000000000049,12.9999999999937,23.));
#5293=CARTESIAN_POINT('',(17.100000000005,13.500000000008,13.05));
#5294=CARTESIAN_POINT('',(17.100000000005,13.500000000008,13.05));
#5295=CARTESIAN_POINT('',(17.6000000000084,13.0000000000006,13.05));
#5296=CARTESIAN_POINT('Origin',(17.1000000000049,12.9999999999937,13.05));
#5297=CARTESIAN_POINT('',(17.6000000000084,13.0000000000006,13.05));
#5298=CARTESIAN_POINT('Origin',(17.6000000000129,11.0000000000558,13.05));
#5299=CARTESIAN_POINT('',(17.6000000000152,11.0000000000558,23.));
#5300=CARTESIAN_POINT('',(17.6000000000251,5.50000000004742,23.));
#5301=CARTESIAN_POINT('',(17.6000000000152,11.0000000000558,13.05));
#5302=CARTESIAN_POINT('',(17.6000000000129,11.0000000000558,13.05));
#5303=CARTESIAN_POINT('',(17.6000000000152,11.0000000000558,13.05));
#5304=CARTESIAN_POINT('Origin',(17.0999999999586,11.0000000000556,13.05));
#5305=CARTESIAN_POINT('',(17.0999999999586,10.499999999999,23.));
#5306=CARTESIAN_POINT('Origin',(17.0999999999586,11.0000000000556,23.));
#5307=CARTESIAN_POINT('',(17.0999999999586,10.499999999999,13.05));
#5308=CARTESIAN_POINT('Origin',(17.0999999999586,11.0000000000556,13.05));
#5309=CARTESIAN_POINT('',(17.0999999999586,10.499999999999,13.05));
#5310=CARTESIAN_POINT('Origin',(16.5000000000087,10.4999999999986,13.05));
#5311=CARTESIAN_POINT('',(16.5000000000087,10.4999999999986,23.));
#5312=CARTESIAN_POINT('',(8.25000000000069,10.4999999999928,23.));
#5313=CARTESIAN_POINT('',(16.5000000000087,10.4999999999986,13.05));
#5314=CARTESIAN_POINT('',(16.5000000000087,10.4999999999986,13.05));
#5315=CARTESIAN_POINT('',(16.4999999999999,10.4999999999986,7.525));
#5316=CARTESIAN_POINT('Origin',(17.100000000005,13.500000000008,13.05));
#5317=CARTESIAN_POINT('',(16.5000000000085,13.5000000000119,23.));
#5318=CARTESIAN_POINT('',(8.5500000000467,13.5000000000639,23.));
#5319=CARTESIAN_POINT('',(16.5000000000085,13.5000000000119,13.05));
#5320=CARTESIAN_POINT('',(16.5,13.5000000000119,7.525));
#5321=CARTESIAN_POINT('',(17.100000000005,13.500000000008,13.05));
#5322=CARTESIAN_POINT('Origin',(17.0500000000118,12.0000000000053,13.05));
#5323=CARTESIAN_POINT('',(16.5,14.2500000000027,13.05));
#5324=CARTESIAN_POINT('Origin',(-17.0999999999575,11.0000000000542,13.05));
#5325=CARTESIAN_POINT('',(-17.0999999999575,10.4999999999998,23.));
#5326=CARTESIAN_POINT('',(-17.6000000000118,11.0000000000549,23.));
#5327=CARTESIAN_POINT('Origin',(-17.0999999999575,11.0000000000542,23.));
#5328=CARTESIAN_POINT('',(-17.0999999999575,10.4999999999998,13.05));
#5329=CARTESIAN_POINT('',(-17.0999999999575,10.4999999999998,13.05));
#5330=CARTESIAN_POINT('',(-17.6000000000118,11.0000000000549,13.05));
#5331=CARTESIAN_POINT('Origin',(-17.0999999999575,11.0000000000542,13.05));
#5332=CARTESIAN_POINT('',(-17.6000000000118,11.0000000000549,13.05));
#5333=CARTESIAN_POINT('Origin',(-17.6000000000075,12.9999999999967,13.05));
#5334=CARTESIAN_POINT('',(-17.6000000000075,12.9999999999967,23.));
#5335=CARTESIAN_POINT('',(-17.6000000000214,6.50000000001713,23.));
#5336=CARTESIAN_POINT('',(-17.6000000000075,12.9999999999967,13.05));
#5337=CARTESIAN_POINT('',(-17.6000000000118,11.0000000000549,13.05));
#5338=CARTESIAN_POINT('',(-17.6000000000075,12.9999999999967,13.05));
#5339=CARTESIAN_POINT('Origin',(-17.1000000000042,12.9999999999966,13.05));
#5340=CARTESIAN_POINT('',(-17.1000000000041,13.5000000000001,23.));
#5341=CARTESIAN_POINT('Origin',(-17.1000000000042,12.9999999999966,23.));
#5342=CARTESIAN_POINT('',(-17.1000000000041,13.5000000000001,13.05));
#5343=CARTESIAN_POINT('Origin',(-17.1000000000042,12.9999999999966,13.05));
#5344=CARTESIAN_POINT('',(-17.1000000000041,13.5000000000001,13.05));
#5345=CARTESIAN_POINT('Origin',(-16.5000000000076,13.4999999999999,13.05));
#5346=CARTESIAN_POINT('',(-16.5000000000076,13.4999999999999,23.));
#5347=CARTESIAN_POINT('',(-8.25000000000188,13.4999999999976,23.));
#5348=CARTESIAN_POINT('',(-16.5000000000076,13.4999999999999,13.05));
#5349=CARTESIAN_POINT('',(-17.1000000000041,13.5000000000001,13.05));
#5350=CARTESIAN_POINT('',(-16.5,13.4999999999999,7.525));
#5351=CARTESIAN_POINT('Origin',(-17.0999999999575,10.5,13.05));
#5352=CARTESIAN_POINT('',(-16.5000000000076,10.5,23.));
#5353=CARTESIAN_POINT('',(-8.54999999997906,10.5000000000005,23.));
#5354=CARTESIAN_POINT('',(-16.5000000000076,10.5,13.05));
#5355=CARTESIAN_POINT('',(-16.5,10.5,7.525));
#5356=CARTESIAN_POINT('',(-16.5000000000076,10.5,13.05));
#5357=CARTESIAN_POINT('Origin',(-17.0500000000097,12.,13.05));
#5358=CARTESIAN_POINT('',(-16.4999999999999,-2.24999999999998,13.05));
#5359=CARTESIAN_POINT('Origin',(17.1000000000049,6.99999999999366,13.05));
#5360=CARTESIAN_POINT('',(17.100000000005,7.50000000000801,23.));
#5361=CARTESIAN_POINT('',(17.6000000000084,7.00000000000062,23.));
#5362=CARTESIAN_POINT('Origin',(17.1000000000049,6.99999999999366,23.));
#5363=CARTESIAN_POINT('',(17.100000000005,7.50000000000801,13.05));
#5364=CARTESIAN_POINT('',(17.100000000005,7.50000000000801,13.05));
#5365=CARTESIAN_POINT('',(17.6000000000084,7.00000000000062,13.05));
#5366=CARTESIAN_POINT('Origin',(17.1000000000049,6.99999999999366,13.05));
#5367=CARTESIAN_POINT('',(17.6000000000084,7.00000000000062,13.05));
#5368=CARTESIAN_POINT('Origin',(17.6000000000129,5.00000000005584,13.05));
#5369=CARTESIAN_POINT('',(17.6000000000152,5.00000000005584,23.));
#5370=CARTESIAN_POINT('',(17.6000000000184,2.50000000004741,23.));
#5371=CARTESIAN_POINT('',(17.6000000000152,5.00000000005584,13.05));
#5372=CARTESIAN_POINT('',(17.6000000000129,5.00000000005584,13.05));
#5373=CARTESIAN_POINT('',(17.6000000000152,5.00000000005584,13.05));
#5374=CARTESIAN_POINT('Origin',(17.0999999999586,5.00000000005558,13.05));
#5375=CARTESIAN_POINT('',(17.0999999999586,4.49999999999899,23.));
#5376=CARTESIAN_POINT('Origin',(17.0999999999586,5.00000000005558,23.));
#5377=CARTESIAN_POINT('',(17.0999999999586,4.49999999999899,13.05));
#5378=CARTESIAN_POINT('Origin',(17.0999999999586,5.00000000005558,13.05));
#5379=CARTESIAN_POINT('',(17.0999999999586,4.49999999999899,13.05));
#5380=CARTESIAN_POINT('Origin',(16.5000000000087,4.49999999999857,13.05));
#5381=CARTESIAN_POINT('',(16.5000000000087,4.49999999999857,23.));
#5382=CARTESIAN_POINT('',(8.2500000000028,4.49999999999277,23.));
#5383=CARTESIAN_POINT('',(16.5000000000087,4.49999999999857,13.05));
#5384=CARTESIAN_POINT('',(16.5000000000087,4.49999999999857,13.05));
#5385=CARTESIAN_POINT('',(16.4999999999999,4.49999999999857,7.525));
#5386=CARTESIAN_POINT('Origin',(17.100000000005,7.50000000000801,13.05));
#5387=CARTESIAN_POINT('',(16.5000000000085,7.50000000001193,23.));
#5388=CARTESIAN_POINT('',(8.55000000002707,7.50000000006395,23.));
#5389=CARTESIAN_POINT('',(16.5000000000085,7.50000000001193,13.05));
#5390=CARTESIAN_POINT('',(16.4999999999999,7.50000000001193,7.525));
#5391=CARTESIAN_POINT('',(17.100000000005,7.50000000000801,13.05));
#5392=CARTESIAN_POINT('Origin',(17.0500000000118,6.00000000000525,13.05));
#5393=CARTESIAN_POINT('',(16.4999999999999,11.2500000000027,13.05));
#5394=CARTESIAN_POINT('Origin',(-17.0999999999575,5.00000000005415,13.05));
#5395=CARTESIAN_POINT('',(-17.0999999999575,4.49999999999984,23.));
#5396=CARTESIAN_POINT('',(-17.6000000000118,5.00000000005485,23.));
#5397=CARTESIAN_POINT('Origin',(-17.0999999999575,5.00000000005415,23.));
#5398=CARTESIAN_POINT('',(-17.0999999999575,4.49999999999984,13.05));
#5399=CARTESIAN_POINT('',(-17.0999999999575,4.49999999999984,13.05));
#5400=CARTESIAN_POINT('',(-17.6000000000118,5.00000000005485,13.05));
#5401=CARTESIAN_POINT('Origin',(-17.0999999999575,5.00000000005415,13.05));
#5402=CARTESIAN_POINT('',(-17.6000000000118,5.00000000005485,13.05));
#5403=CARTESIAN_POINT('Origin',(-17.6000000000075,6.99999999999672,13.05));
#5404=CARTESIAN_POINT('',(-17.6000000000075,6.99999999999672,23.));
#5405=CARTESIAN_POINT('',(-17.600000000015,3.50000000001713,23.));
#5406=CARTESIAN_POINT('',(-17.6000000000075,6.99999999999672,13.05));
#5407=CARTESIAN_POINT('',(-17.6000000000118,5.00000000005485,13.05));
#5408=CARTESIAN_POINT('',(-17.6000000000075,6.99999999999672,13.05));
#5409=CARTESIAN_POINT('Origin',(-17.1000000000042,6.99999999999657,13.05));
#5410=CARTESIAN_POINT('',(-17.1000000000041,7.50000000000011,23.));
#5411=CARTESIAN_POINT('Origin',(-17.1000000000042,6.99999999999657,23.));
#5412=CARTESIAN_POINT('',(-17.1000000000041,7.50000000000011,13.05));
#5413=CARTESIAN_POINT('Origin',(-17.1000000000042,6.99999999999657,13.05));
#5414=CARTESIAN_POINT('',(-17.1000000000041,7.50000000000011,13.05));
#5415=CARTESIAN_POINT('Origin',(-16.5000000000076,7.49999999999994,13.05));
#5416=CARTESIAN_POINT('',(-16.5000000000076,7.49999999999994,23.));
#5417=CARTESIAN_POINT('',(-8.25000000000272,7.49999999999762,23.));
#5418=CARTESIAN_POINT('',(-16.5000000000076,7.49999999999994,13.05));
#5419=CARTESIAN_POINT('',(-17.1000000000041,7.50000000000011,13.05));
#5420=CARTESIAN_POINT('',(-16.5,7.49999999999994,7.525));
#5421=CARTESIAN_POINT('Origin',(-17.0999999999575,4.49999999999996,13.05));
#5422=CARTESIAN_POINT('',(-16.5000000000076,4.5,23.));
#5423=CARTESIAN_POINT('',(-8.54999999997887,4.50000000000053,23.));
#5424=CARTESIAN_POINT('',(-16.5000000000076,4.5,13.05));
#5425=CARTESIAN_POINT('',(-16.5,4.5,7.525));
#5426=CARTESIAN_POINT('',(-16.5000000000076,4.5,13.05));
#5427=CARTESIAN_POINT('Origin',(-17.0500000000097,5.99999999999997,13.05));
#5428=CARTESIAN_POINT('',(-16.4999999999999,-5.24999999999998,13.05));
#5429=CARTESIAN_POINT('Origin',(17.1000000000049,0.999999999993655,13.05));
#5430=CARTESIAN_POINT('',(17.100000000005,1.50000000000801,23.));
#5431=CARTESIAN_POINT('',(17.6000000000084,1.00000000000062,23.));
#5432=CARTESIAN_POINT('Origin',(17.1000000000049,0.999999999993655,23.));
#5433=CARTESIAN_POINT('',(17.100000000005,1.50000000000801,13.05));
#5434=CARTESIAN_POINT('',(17.100000000005,1.50000000000801,13.05));
#5435=CARTESIAN_POINT('',(17.6000000000084,1.00000000000062,13.05));
#5436=CARTESIAN_POINT('Origin',(17.1000000000049,0.999999999993655,13.05));
#5437=CARTESIAN_POINT('',(17.6000000000084,1.00000000000062,13.05));
#5438=CARTESIAN_POINT('Origin',(17.6000000000129,-0.999999999944157,13.05));
#5439=CARTESIAN_POINT('',(17.6000000000152,-0.999999999944157,23.));
#5440=CARTESIAN_POINT('',(17.6000000000118,-0.499999999952585,23.));
#5441=CARTESIAN_POINT('',(17.6000000000152,-0.999999999944157,13.05));
#5442=CARTESIAN_POINT('',(17.6000000000129,-0.999999999944157,13.05));
#5443=CARTESIAN_POINT('',(17.6000000000152,-0.999999999944157,13.05));
#5444=CARTESIAN_POINT('Origin',(17.0999999999586,-0.999999999944419,13.05));
#5445=CARTESIAN_POINT('',(17.0999999999586,-1.50000000000101,23.));
#5446=CARTESIAN_POINT('Origin',(17.0999999999586,-0.999999999944419,23.));
#5447=CARTESIAN_POINT('',(17.0999999999586,-1.50000000000101,13.05));
#5448=CARTESIAN_POINT('Origin',(17.0999999999586,-0.999999999944419,13.05));
#5449=CARTESIAN_POINT('',(17.0999999999586,-1.50000000000101,13.05));
#5450=CARTESIAN_POINT('Origin',(16.5000000000087,-1.50000000000143,13.05));
#5451=CARTESIAN_POINT('',(16.5000000000087,-1.50000000000143,23.));
#5452=CARTESIAN_POINT('',(8.25000000000491,-1.50000000000723,23.));
#5453=CARTESIAN_POINT('',(16.5000000000087,-1.50000000000143,13.05));
#5454=CARTESIAN_POINT('',(16.5000000000087,-1.50000000000143,13.05));
#5455=CARTESIAN_POINT('',(16.4999999999999,-1.50000000000143,7.525));
#5456=CARTESIAN_POINT('Origin',(17.100000000005,1.50000000000801,13.05));
#5457=CARTESIAN_POINT('',(16.5000000000085,1.50000000001193,23.));
#5458=CARTESIAN_POINT('',(8.55000000000744,1.50000000006395,23.));
#5459=CARTESIAN_POINT('',(16.5000000000085,1.50000000001193,13.05));
#5460=CARTESIAN_POINT('',(16.4999999999999,1.50000000001193,7.525));
#5461=CARTESIAN_POINT('',(17.100000000005,1.50000000000801,13.05));
#5462=CARTESIAN_POINT('Origin',(17.0500000000118,5.24913446042774E-12,13.05));
#5463=CARTESIAN_POINT('',(16.4999999999999,8.25000000000265,13.05));
#5464=CARTESIAN_POINT('Origin',(-17.0999999999575,-0.999999999945849,13.05));
#5465=CARTESIAN_POINT('',(-17.0999999999575,-1.50000000000016,23.));
#5466=CARTESIAN_POINT('',(-17.6000000000118,-0.999999999945151,23.));
#5467=CARTESIAN_POINT('Origin',(-17.0999999999575,-0.999999999945849,23.));
#5468=CARTESIAN_POINT('',(-17.0999999999575,-1.50000000000016,13.05));
#5469=CARTESIAN_POINT('',(-17.0999999999575,-1.50000000000016,13.05));
#5470=CARTESIAN_POINT('',(-17.6000000000118,-0.999999999945151,13.05));
#5471=CARTESIAN_POINT('Origin',(-17.0999999999575,-0.999999999945849,13.05));
#5472=CARTESIAN_POINT('',(-17.6000000000118,-0.999999999945151,13.05));
#5473=CARTESIAN_POINT('Origin',(-17.6000000000075,0.999999999996724,13.05));
#5474=CARTESIAN_POINT('',(-17.6000000000075,0.999999999996724,23.));
#5475=CARTESIAN_POINT('',(-17.6000000000086,0.500000000017132,23.));
#5476=CARTESIAN_POINT('',(-17.6000000000075,0.999999999996724,13.05));
#5477=CARTESIAN_POINT('',(-17.6000000000118,-0.999999999945151,13.05));
#5478=CARTESIAN_POINT('',(-17.6000000000075,0.999999999996724,13.05));
#5479=CARTESIAN_POINT('Origin',(-17.1000000000042,0.999999999996573,13.05));
#5480=CARTESIAN_POINT('',(-17.1000000000041,1.50000000000011,23.));
#5481=CARTESIAN_POINT('Origin',(-17.1000000000042,0.999999999996573,23.));
#5482=CARTESIAN_POINT('',(-17.1000000000041,1.50000000000011,13.05));
#5483=CARTESIAN_POINT('Origin',(-17.1000000000042,0.999999999996573,13.05));
#5484=CARTESIAN_POINT('',(-17.1000000000041,1.50000000000011,13.05));
#5485=CARTESIAN_POINT('Origin',(-16.5000000000076,1.49999999999994,13.05));
#5486=CARTESIAN_POINT('',(-16.5000000000076,1.49999999999994,23.));
#5487=CARTESIAN_POINT('',(-8.25000000000357,1.49999999999762,23.));
#5488=CARTESIAN_POINT('',(-16.5000000000076,1.49999999999994,13.05));
#5489=CARTESIAN_POINT('',(-17.1000000000041,1.50000000000011,13.05));
#5490=CARTESIAN_POINT('',(-16.5,1.49999999999994,7.525));
#5491=CARTESIAN_POINT('Origin',(-17.0999999999575,-1.50000000000004,13.05));
#5492=CARTESIAN_POINT('',(-16.5000000000076,-1.5,23.));
#5493=CARTESIAN_POINT('',(-8.54999999997867,-1.49999999999947,23.));
#5494=CARTESIAN_POINT('',(-16.5000000000076,-1.5,13.05));
#5495=CARTESIAN_POINT('',(-16.4999999999999,-1.5,7.525));
#5496=CARTESIAN_POINT('',(-16.5000000000076,-1.5,13.05));
#5497=CARTESIAN_POINT('Origin',(-17.0500000000097,-2.66453525910038E-14,
13.05));
#5498=CARTESIAN_POINT('',(-16.4999999999999,-8.24999999999998,13.05));
#5499=CARTESIAN_POINT('Origin',(17.1000000000049,-5.00000000000635,13.05));
#5500=CARTESIAN_POINT('',(17.100000000005,-4.49999999999199,23.));
#5501=CARTESIAN_POINT('',(17.6000000000084,-4.99999999999938,23.));
#5502=CARTESIAN_POINT('Origin',(17.1000000000049,-5.00000000000635,23.));
#5503=CARTESIAN_POINT('',(17.100000000005,-4.49999999999199,13.05));
#5504=CARTESIAN_POINT('',(17.100000000005,-4.49999999999199,13.05));
#5505=CARTESIAN_POINT('',(17.6000000000084,-4.99999999999938,13.05));
#5506=CARTESIAN_POINT('Origin',(17.1000000000049,-5.00000000000635,13.05));
#5507=CARTESIAN_POINT('',(17.6000000000084,-4.99999999999938,13.05));
#5508=CARTESIAN_POINT('Origin',(17.6000000000129,-6.99999999994416,13.05));
#5509=CARTESIAN_POINT('',(17.6000000000152,-6.99999999994416,23.));
#5510=CARTESIAN_POINT('',(17.6000000000051,-3.49999999995259,23.));
#5511=CARTESIAN_POINT('',(17.6000000000152,-6.99999999994416,13.05));
#5512=CARTESIAN_POINT('',(17.6000000000129,-6.99999999994416,13.05));
#5513=CARTESIAN_POINT('',(17.6000000000152,-6.99999999994416,13.05));
#5514=CARTESIAN_POINT('Origin',(17.0999999999586,-6.99999999994442,13.05));
#5515=CARTESIAN_POINT('',(17.0999999999586,-7.50000000000101,23.));
#5516=CARTESIAN_POINT('Origin',(17.0999999999586,-6.99999999994442,23.));
#5517=CARTESIAN_POINT('',(17.0999999999586,-7.50000000000101,13.05));
#5518=CARTESIAN_POINT('Origin',(17.0999999999586,-6.99999999994442,13.05));
#5519=CARTESIAN_POINT('',(17.0999999999586,-7.50000000000101,13.05));
#5520=CARTESIAN_POINT('Origin',(16.5000000000087,-7.50000000000143,13.05));
#5521=CARTESIAN_POINT('',(16.5000000000087,-7.50000000000143,23.));
#5522=CARTESIAN_POINT('',(8.25000000000702,-7.50000000000724,23.));
#5523=CARTESIAN_POINT('',(16.5000000000087,-7.50000000000143,13.05));
#5524=CARTESIAN_POINT('',(16.5000000000087,-7.50000000000143,13.05));
#5525=CARTESIAN_POINT('',(16.4999999999999,-7.50000000000143,7.525));
#5526=CARTESIAN_POINT('Origin',(17.100000000005,-4.49999999999199,13.05));
#5527=CARTESIAN_POINT('',(16.5000000000085,-4.49999999998807,23.));
#5528=CARTESIAN_POINT('',(8.54999999998781,-4.49999999993605,23.));
#5529=CARTESIAN_POINT('',(16.5000000000085,-4.49999999998807,13.05));
#5530=CARTESIAN_POINT('',(16.4999999999999,-4.49999999998807,7.525));
#5531=CARTESIAN_POINT('',(17.100000000005,-4.49999999999199,13.05));
#5532=CARTESIAN_POINT('Origin',(17.0500000000118,-5.99999999999475,13.05));
#5533=CARTESIAN_POINT('',(16.4999999999999,5.25000000000265,13.05));
#5534=CARTESIAN_POINT('Origin',(-17.0999999999575,-6.99999999994585,13.05));
#5535=CARTESIAN_POINT('',(-17.0999999999575,-7.50000000000016,23.));
#5536=CARTESIAN_POINT('',(-17.6000000000118,-6.99999999994515,23.));
#5537=CARTESIAN_POINT('Origin',(-17.0999999999575,-6.99999999994585,23.));
#5538=CARTESIAN_POINT('',(-17.0999999999575,-7.50000000000016,13.05));
#5539=CARTESIAN_POINT('',(-17.0999999999575,-7.50000000000016,13.05));
#5540=CARTESIAN_POINT('',(-17.6000000000118,-6.99999999994515,13.05));
#5541=CARTESIAN_POINT('Origin',(-17.0999999999575,-6.99999999994585,13.05));
#5542=CARTESIAN_POINT('',(-17.6000000000118,-6.99999999994515,13.05));
#5543=CARTESIAN_POINT('Origin',(-17.6000000000075,-5.00000000000328,13.05));
#5544=CARTESIAN_POINT('',(-17.6000000000075,-5.00000000000328,23.));
#5545=CARTESIAN_POINT('',(-17.6000000000022,-2.49999999998287,23.));
#5546=CARTESIAN_POINT('',(-17.6000000000075,-5.00000000000328,13.05));
#5547=CARTESIAN_POINT('',(-17.6000000000118,-6.99999999994515,13.05));
#5548=CARTESIAN_POINT('',(-17.6000000000075,-5.00000000000328,13.05));
#5549=CARTESIAN_POINT('Origin',(-17.1000000000042,-5.00000000000343,13.05));
#5550=CARTESIAN_POINT('',(-17.1000000000041,-4.49999999999989,23.));
#5551=CARTESIAN_POINT('Origin',(-17.1000000000042,-5.00000000000343,23.));
#5552=CARTESIAN_POINT('',(-17.1000000000041,-4.49999999999989,13.05));
#5553=CARTESIAN_POINT('Origin',(-17.1000000000042,-5.00000000000343,13.05));
#5554=CARTESIAN_POINT('',(-17.1000000000041,-4.49999999999989,13.05));
#5555=CARTESIAN_POINT('Origin',(-16.5000000000076,-4.50000000000006,13.05));
#5556=CARTESIAN_POINT('',(-16.5000000000076,-4.50000000000006,23.));
#5557=CARTESIAN_POINT('',(-8.25000000000441,-4.50000000000238,23.));
#5558=CARTESIAN_POINT('',(-16.5000000000076,-4.50000000000006,13.05));
#5559=CARTESIAN_POINT('',(-17.1000000000041,-4.49999999999989,13.05));
#5560=CARTESIAN_POINT('',(-16.4999999999999,-4.50000000000006,7.525));
#5561=CARTESIAN_POINT('Origin',(-17.0999999999575,-7.50000000000004,13.05));
#5562=CARTESIAN_POINT('',(-16.5000000000076,-7.5,23.));
#5563=CARTESIAN_POINT('',(-8.54999999997847,-7.49999999999948,23.));
#5564=CARTESIAN_POINT('',(-16.5000000000076,-7.5,13.05));
#5565=CARTESIAN_POINT('',(-16.4999999999999,-7.5,7.525));
#5566=CARTESIAN_POINT('',(-16.5000000000076,-7.5,13.05));
#5567=CARTESIAN_POINT('Origin',(-17.0500000000097,-6.00000000000003,13.05));
#5568=CARTESIAN_POINT('',(-16.4999999999999,-11.25,13.05));
#5569=CARTESIAN_POINT('Origin',(16.5,16.5000000000001,2.));
#5570=CARTESIAN_POINT('',(16.5,16.5000000000001,23.));
#5571=CARTESIAN_POINT('',(16.4999999999999,8.25,23.));
#5572=CARTESIAN_POINT('',(16.5,16.5000000000001,2.));
#5573=CARTESIAN_POINT('',(16.5,16.5000000000001,2.));
#5574=CARTESIAN_POINT('',(16.4999999999999,-16.4999999999999,2.));
#5575=CARTESIAN_POINT('',(16.5,16.5000000000001,2.));
#5576=CARTESIAN_POINT('',(16.4999999999999,-16.4999999999999,23.));
#5577=CARTESIAN_POINT('',(16.4999999999999,-16.4999999999999,2.));
#5578=CARTESIAN_POINT('',(16.5000000000087,-13.5000000000014,23.));
#5579=CARTESIAN_POINT('',(16.4999999999999,8.25,23.));
#5580=CARTESIAN_POINT('',(16.5000000000087,-13.5000000000014,13.05));
#5581=CARTESIAN_POINT('',(16.4999999999999,-13.5000000000014,7.525));
#5582=CARTESIAN_POINT('',(16.5000000000085,-10.4999999999881,13.05));
#5583=CARTESIAN_POINT('',(16.4999999999999,2.25000000000265,13.05));
#5584=CARTESIAN_POINT('',(16.5000000000085,-10.4999999999881,23.));
#5585=CARTESIAN_POINT('',(16.4999999999999,-10.4999999999881,7.525));
#5586=CARTESIAN_POINT('',(16.4999999999999,8.25,23.));
#5587=CARTESIAN_POINT('',(16.4999999999999,8.25,23.));
#5588=CARTESIAN_POINT('',(16.4999999999999,8.25,23.));
#5589=CARTESIAN_POINT('',(16.4999999999999,8.25,23.));
#5590=CARTESIAN_POINT('Origin',(-16.4999999999998,-16.4999999999999,2.));
#5591=CARTESIAN_POINT('',(-16.4999999999999,-8.25000000000004,23.));
#5592=CARTESIAN_POINT('',(-16.4999999999999,-8.25000000000004,23.));
#5593=CARTESIAN_POINT('',(-16.4999999999999,-8.25000000000004,23.));
#5594=CARTESIAN_POINT('',(-16.5000000000076,-10.5000000000001,23.));
#5595=CARTESIAN_POINT('',(-16.4999999999999,-8.25000000000004,23.));
#5596=CARTESIAN_POINT('',(-16.5000000000076,-10.5000000000001,13.05));
#5597=CARTESIAN_POINT('',(-16.4999999999999,-10.5000000000001,7.525));
#5598=CARTESIAN_POINT('',(-16.5000000000076,-13.5,13.05));
#5599=CARTESIAN_POINT('',(-16.4999999999999,-14.25,13.05));
#5600=CARTESIAN_POINT('',(-16.5000000000076,-13.5,23.));
#5601=CARTESIAN_POINT('',(-16.4999999999999,-13.5,7.525));
#5602=CARTESIAN_POINT('',(-16.4999999999998,-16.4999999999999,23.));
#5603=CARTESIAN_POINT('',(-16.4999999999999,-8.25000000000004,23.));
#5604=CARTESIAN_POINT('',(-16.4999999999998,-16.4999999999999,2.));
#5605=CARTESIAN_POINT('',(-16.4999999999998,-16.4999999999999,2.));
#5606=CARTESIAN_POINT('',(-16.5,16.5000000000001,2.));
#5607=CARTESIAN_POINT('',(-16.4999999999998,-16.4999999999999,2.));
#5608=CARTESIAN_POINT('',(-16.5,16.5000000000001,23.));
#5609=CARTESIAN_POINT('',(-16.5,16.5000000000001,2.));
#5610=CARTESIAN_POINT('',(-16.4999999999999,-8.25000000000004,23.));
#5611=CARTESIAN_POINT('Origin',(-17.0999999999575,-12.9999999999458,13.05));
#5612=CARTESIAN_POINT('',(-17.0999999999575,-13.5000000000002,23.));
#5613=CARTESIAN_POINT('',(-17.6000000000118,-12.9999999999452,23.));
#5614=CARTESIAN_POINT('Origin',(-17.0999999999575,-12.9999999999458,23.));
#5615=CARTESIAN_POINT('',(-17.0999999999575,-13.5000000000002,13.05));
#5616=CARTESIAN_POINT('',(-17.0999999999575,-13.5000000000002,13.05));
#5617=CARTESIAN_POINT('',(-17.6000000000118,-12.9999999999452,13.05));
#5618=CARTESIAN_POINT('Origin',(-17.0999999999575,-12.9999999999458,13.05));
#5619=CARTESIAN_POINT('',(-17.6000000000118,-12.9999999999452,13.05));
#5620=CARTESIAN_POINT('Origin',(-17.6000000000075,-11.0000000000033,13.05));
#5621=CARTESIAN_POINT('',(-17.6000000000075,-11.0000000000033,23.));
#5622=CARTESIAN_POINT('',(-17.5999999999958,-5.49999999998287,23.));
#5623=CARTESIAN_POINT('',(-17.6000000000075,-11.0000000000033,13.05));
#5624=CARTESIAN_POINT('',(-17.6000000000118,-12.9999999999452,13.05));
#5625=CARTESIAN_POINT('',(-17.6000000000075,-11.0000000000033,13.05));
#5626=CARTESIAN_POINT('Origin',(-17.1000000000042,-11.0000000000034,13.05));
#5627=CARTESIAN_POINT('',(-17.1000000000041,-10.4999999999999,23.));
#5628=CARTESIAN_POINT('Origin',(-17.1000000000042,-11.0000000000034,23.));
#5629=CARTESIAN_POINT('',(-17.1000000000041,-10.4999999999999,13.05));
#5630=CARTESIAN_POINT('Origin',(-17.1000000000042,-11.0000000000034,13.05));
#5631=CARTESIAN_POINT('',(-17.1000000000041,-10.4999999999999,13.05));
#5632=CARTESIAN_POINT('Origin',(-16.5000000000076,-10.5000000000001,13.05));
#5633=CARTESIAN_POINT('',(-8.25000000000525,-10.5000000000024,23.));
#5634=CARTESIAN_POINT('',(-17.1000000000041,-10.4999999999999,13.05));
#5635=CARTESIAN_POINT('Origin',(-17.0999999999575,-13.5,13.05));
#5636=CARTESIAN_POINT('',(-8.54999999997827,-13.4999999999995,23.));
#5637=CARTESIAN_POINT('',(-16.5000000000076,-13.5,13.05));
#5638=CARTESIAN_POINT('Origin',(-17.0500000000097,-12.,13.05));
#5639=CARTESIAN_POINT('Origin',(17.1000000000049,-11.0000000000063,13.05));
#5640=CARTESIAN_POINT('',(17.100000000005,-10.499999999992,23.));
#5641=CARTESIAN_POINT('',(17.6000000000084,-10.9999999999994,23.));
#5642=CARTESIAN_POINT('Origin',(17.1000000000049,-11.0000000000063,23.));
#5643=CARTESIAN_POINT('',(17.100000000005,-10.499999999992,13.05));
#5644=CARTESIAN_POINT('',(17.100000000005,-10.499999999992,13.05));
#5645=CARTESIAN_POINT('',(17.6000000000084,-10.9999999999994,13.05));
#5646=CARTESIAN_POINT('Origin',(17.1000000000049,-11.0000000000063,13.05));
#5647=CARTESIAN_POINT('',(17.6000000000084,-10.9999999999994,13.05));
#5648=CARTESIAN_POINT('Origin',(17.6000000000129,-12.9999999999442,13.05));
#5649=CARTESIAN_POINT('',(17.6000000000152,-12.9999999999442,23.));
#5650=CARTESIAN_POINT('',(17.5999999999985,-6.49999999995259,23.));
#5651=CARTESIAN_POINT('',(17.6000000000152,-12.9999999999442,13.05));
#5652=CARTESIAN_POINT('',(17.6000000000129,-12.9999999999442,13.05));
#5653=CARTESIAN_POINT('',(17.6000000000152,-12.9999999999442,13.05));
#5654=CARTESIAN_POINT('Origin',(17.0999999999586,-12.9999999999444,13.05));
#5655=CARTESIAN_POINT('',(17.0999999999586,-13.500000000001,23.));
#5656=CARTESIAN_POINT('Origin',(17.0999999999586,-12.9999999999444,23.));
#5657=CARTESIAN_POINT('',(17.0999999999586,-13.500000000001,13.05));
#5658=CARTESIAN_POINT('Origin',(17.0999999999586,-12.9999999999444,13.05));
#5659=CARTESIAN_POINT('',(17.0999999999586,-13.500000000001,13.05));
#5660=CARTESIAN_POINT('Origin',(16.5000000000087,-13.5000000000014,13.05));
#5661=CARTESIAN_POINT('',(8.25000000000913,-13.5000000000072,23.));
#5662=CARTESIAN_POINT('',(16.5000000000087,-13.5000000000014,13.05));
#5663=CARTESIAN_POINT('Origin',(17.100000000005,-10.499999999992,13.05));
#5664=CARTESIAN_POINT('',(8.54999999996818,-10.4999999999361,23.));
#5665=CARTESIAN_POINT('',(17.100000000005,-10.499999999992,13.05));
#5666=CARTESIAN_POINT('Origin',(17.0500000000118,-11.9999999999948,13.05));
#5667=CARTESIAN_POINT('Origin',(13.0000000000188,-17.1000000000333,13.05));
#5668=CARTESIAN_POINT('',(13.4999999999942,-17.1000000000331,23.));
#5669=CARTESIAN_POINT('',(13.0000000000256,-17.6000000000086,23.));
#5670=CARTESIAN_POINT('Origin',(13.0000000000188,-17.1000000000333,23.));
#5671=CARTESIAN_POINT('',(13.4999999999942,-17.1000000000331,13.05));
#5672=CARTESIAN_POINT('',(13.4999999999942,-17.1000000000331,13.05));
#5673=CARTESIAN_POINT('',(13.0000000000256,-17.6000000000086,13.05));
#5674=CARTESIAN_POINT('Origin',(13.0000000000188,-17.1000000000333,13.05));
#5675=CARTESIAN_POINT('',(13.0000000000256,-17.6000000000086,13.05));
#5676=CARTESIAN_POINT('Origin',(10.9999999998983,-17.5999999999929,13.05));
#5677=CARTESIAN_POINT('',(10.9999999998983,-17.6000000000188,23.));
#5678=CARTESIAN_POINT('',(5.49999999987987,-17.5999999999496,23.));
#5679=CARTESIAN_POINT('',(10.9999999998983,-17.6000000000188,13.05));
#5680=CARTESIAN_POINT('',(13.0000000000256,-17.6000000000086,13.05));
#5681=CARTESIAN_POINT('',(10.9999999998983,-17.6000000000188,13.05));
#5682=CARTESIAN_POINT('Origin',(10.9999999999047,-17.1000000000894,13.05));
#5683=CARTESIAN_POINT('',(10.4999999999754,-17.1000000000869,23.));
#5684=CARTESIAN_POINT('Origin',(10.9999999999047,-17.1000000000894,23.));
#5685=CARTESIAN_POINT('',(10.4999999999754,-17.1000000000869,13.05));
#5686=CARTESIAN_POINT('Origin',(10.9999999999047,-17.1000000000894,13.05));
#5687=CARTESIAN_POINT('',(10.4999999999754,-17.1000000000869,13.05));
#5688=CARTESIAN_POINT('Origin',(10.5000000000015,-16.5000000000071,13.05));
#5689=CARTESIAN_POINT('',(10.5000000000015,-16.5000000000071,23.));
#5690=CARTESIAN_POINT('',(10.5000000003603,-8.25000000023195,23.));
#5691=CARTESIAN_POINT('',(10.5000000000015,-16.5000000000071,13.05));
#5692=CARTESIAN_POINT('',(10.4999999999754,-17.1000000000869,13.05));
#5693=CARTESIAN_POINT('',(10.5000000000015,-16.4999999999999,7.525));
#5694=CARTESIAN_POINT('Origin',(13.5000000000203,-17.1000000000331,13.05));
#5695=CARTESIAN_POINT('',(13.5000000000017,-16.5000000000072,23.));
#5696=CARTESIAN_POINT('',(13.4999999997547,-8.54999999980688,23.));
#5697=CARTESIAN_POINT('',(13.5000000000017,-16.5000000000072,13.05));
#5698=CARTESIAN_POINT('',(13.5000000000017,-16.4999999999999,7.525));
#5699=CARTESIAN_POINT('',(13.5000000000017,-16.5000000000072,13.05));
#5700=CARTESIAN_POINT('Origin',(11.9999999999978,-17.050000000013,13.05));
#5701=CARTESIAN_POINT('',(14.2499999999989,-16.4999999999999,13.05));
#5702=CARTESIAN_POINT('Origin',(13.4999999999876,16.5000000000059,13.05));
#5703=CARTESIAN_POINT('',(13.5000000000187,17.1000000000322,23.));
#5704=CARTESIAN_POINT('',(13.4999999999876,16.5000000000059,23.));
#5705=CARTESIAN_POINT('',(13.4999999995605,8.2499999996535,23.));
#5706=CARTESIAN_POINT('',(13.5000000000187,17.1000000000322,13.05));
#5707=CARTESIAN_POINT('',(13.5000000000187,17.1000000000322,13.05));
#5708=CARTESIAN_POINT('',(13.4999999999876,16.5000000000059,13.05));
#5709=CARTESIAN_POINT('',(13.4999999999876,16.5000000000059,13.05));
#5710=CARTESIAN_POINT('',(13.4999999999876,16.5000000000001,7.525));
#5711=CARTESIAN_POINT('Origin',(10.4999999999738,17.1000000000856,13.05));
#5712=CARTESIAN_POINT('',(10.4999999999995,16.5000000000056,23.));
#5713=CARTESIAN_POINT('',(10.4999999999738,17.1000000000856,23.));
#5714=CARTESIAN_POINT('',(10.5000000003403,8.55000000026788,23.));
#5715=CARTESIAN_POINT('',(10.4999999999995,16.5000000000056,13.05));
#5716=CARTESIAN_POINT('',(10.4999999999995,16.5000000000001,7.525));
#5717=CARTESIAN_POINT('',(10.4999999999738,17.1000000000856,13.05));
#5718=CARTESIAN_POINT('',(10.4999999999738,17.1000000000856,13.05));
#5719=CARTESIAN_POINT('',(10.4999999999738,17.1000000000856,13.05));
#5720=CARTESIAN_POINT('Origin',(10.9999999999051,17.1000000000939,13.05));
#5721=CARTESIAN_POINT('',(10.9999999998967,17.5999999999917,23.));
#5722=CARTESIAN_POINT('Origin',(10.9999999999051,17.1000000000939,23.));
#5723=CARTESIAN_POINT('',(10.9999999998967,17.5999999999917,13.05));
#5724=CARTESIAN_POINT('Origin',(10.9999999999051,17.1000000000939,13.05));
#5725=CARTESIAN_POINT('',(10.9999999998967,17.5999999999917,13.05));
#5726=CARTESIAN_POINT('Origin',(13.0000000000239,17.6000000000076,13.05));
#5727=CARTESIAN_POINT('',(13.0000000000239,17.6000000000337,23.));
#5728=CARTESIAN_POINT('',(6.49999999994185,17.5999999999558,23.));
#5729=CARTESIAN_POINT('',(13.0000000000239,17.6000000000337,13.05));
#5730=CARTESIAN_POINT('',(13.0000000000239,17.6000000000076,13.05));
#5731=CARTESIAN_POINT('',(13.0000000000239,17.6000000000337,13.05));
#5732=CARTESIAN_POINT('Origin',(13.0000000000172,17.1000000000322,13.05));
#5733=CARTESIAN_POINT('Origin',(13.0000000000172,17.1000000000322,23.));
#5734=CARTESIAN_POINT('Origin',(13.0000000000172,17.1000000000322,13.05));
#5735=CARTESIAN_POINT('Origin',(11.9999999999962,17.0500000000196,13.05));
#5736=CARTESIAN_POINT('',(-2.25000000000191,16.5000000000001,13.05));
#5737=CARTESIAN_POINT('Origin',(7.00000000001883,-17.1000000000333,13.05));
#5738=CARTESIAN_POINT('',(7.4999999999942,-17.1000000000331,23.));
#5739=CARTESIAN_POINT('',(7.00000000002559,-17.6000000000086,23.));
#5740=CARTESIAN_POINT('Origin',(7.00000000001883,-17.1000000000333,23.));
#5741=CARTESIAN_POINT('',(7.4999999999942,-17.1000000000331,13.05));
#5742=CARTESIAN_POINT('',(7.4999999999942,-17.1000000000331,13.05));
#5743=CARTESIAN_POINT('',(7.00000000002559,-17.6000000000086,13.05));
#5744=CARTESIAN_POINT('Origin',(7.00000000001883,-17.1000000000333,13.05));
#5745=CARTESIAN_POINT('',(7.00000000002559,-17.6000000000086,13.05));
#5746=CARTESIAN_POINT('Origin',(4.99999999989834,-17.5999999999929,13.05));
#5747=CARTESIAN_POINT('',(4.99999999989834,-17.6000000000188,23.));
#5748=CARTESIAN_POINT('',(2.49999999987987,-17.5999999999732,23.));
#5749=CARTESIAN_POINT('',(4.99999999989834,-17.6000000000188,13.05));
#5750=CARTESIAN_POINT('',(7.00000000002559,-17.6000000000086,13.05));
#5751=CARTESIAN_POINT('',(4.99999999989834,-17.6000000000188,13.05));
#5752=CARTESIAN_POINT('Origin',(4.99999999990475,-17.1000000000894,13.05));
#5753=CARTESIAN_POINT('',(4.49999999997536,-17.1000000000869,23.));
#5754=CARTESIAN_POINT('Origin',(4.99999999990475,-17.1000000000894,23.));
#5755=CARTESIAN_POINT('',(4.49999999997536,-17.1000000000869,13.05));
#5756=CARTESIAN_POINT('Origin',(4.99999999990475,-17.1000000000894,13.05));
#5757=CARTESIAN_POINT('',(4.49999999997536,-17.1000000000869,13.05));
#5758=CARTESIAN_POINT('Origin',(4.50000000000146,-16.5000000000071,13.05));
#5759=CARTESIAN_POINT('',(4.50000000000146,-16.5000000000071,23.));
#5760=CARTESIAN_POINT('',(4.50000000036032,-8.25000000010145,23.));
#5761=CARTESIAN_POINT('',(4.50000000000146,-16.5000000000071,13.05));
#5762=CARTESIAN_POINT('',(4.49999999997536,-17.1000000000869,13.05));
#5763=CARTESIAN_POINT('',(4.50000000000146,-16.4999999999999,7.525));
#5764=CARTESIAN_POINT('Origin',(7.5000000000203,-17.1000000000331,13.05));
#5765=CARTESIAN_POINT('',(7.50000000000166,-16.5000000000072,23.));
#5766=CARTESIAN_POINT('',(7.49999999975467,-8.54999999990008,23.));
#5767=CARTESIAN_POINT('',(7.50000000000166,-16.5000000000072,13.05));
#5768=CARTESIAN_POINT('',(7.50000000000166,-16.4999999999999,7.525));
#5769=CARTESIAN_POINT('',(7.50000000000166,-16.5000000000072,13.05));
#5770=CARTESIAN_POINT('Origin',(5.99999999999783,-17.050000000013,13.05));
#5771=CARTESIAN_POINT('',(11.2499999999989,-16.4999999999999,13.05));
#5772=CARTESIAN_POINT('Origin',(7.49999999998764,16.5000000000059,13.05));
#5773=CARTESIAN_POINT('',(7.5000000000187,17.1000000000322,23.));
#5774=CARTESIAN_POINT('',(7.49999999998764,16.5000000000059,23.));
#5775=CARTESIAN_POINT('',(7.49999999956054,8.24999999980881,23.));
#5776=CARTESIAN_POINT('',(7.5000000000187,17.1000000000322,13.05));
#5777=CARTESIAN_POINT('',(7.5000000000187,17.1000000000322,13.05));
#5778=CARTESIAN_POINT('',(7.49999999998764,16.5000000000059,13.05));
#5779=CARTESIAN_POINT('',(7.49999999998764,16.5000000000059,13.05));
#5780=CARTESIAN_POINT('',(7.49999999998764,16.5000000000001,7.525));
#5781=CARTESIAN_POINT('Origin',(4.49999999997376,17.1000000000856,13.05));
#5782=CARTESIAN_POINT('',(4.49999999999949,16.5000000000056,23.));
#5783=CARTESIAN_POINT('',(4.49999999997376,17.1000000000856,23.));
#5784=CARTESIAN_POINT('',(4.50000000034033,8.55000000013926,23.));
#5785=CARTESIAN_POINT('',(4.49999999999949,16.5000000000056,13.05));
#5786=CARTESIAN_POINT('',(4.49999999999949,16.5000000000001,7.525));
#5787=CARTESIAN_POINT('',(4.49999999997376,17.1000000000856,13.05));
#5788=CARTESIAN_POINT('',(4.49999999997376,17.1000000000856,13.05));
#5789=CARTESIAN_POINT('',(4.49999999997376,17.1000000000856,13.05));
#5790=CARTESIAN_POINT('Origin',(4.99999999990511,17.1000000000939,13.05));
#5791=CARTESIAN_POINT('',(4.99999999989669,17.5999999999917,23.));
#5792=CARTESIAN_POINT('Origin',(4.99999999990511,17.1000000000939,23.));
#5793=CARTESIAN_POINT('',(4.99999999989669,17.5999999999917,13.05));
#5794=CARTESIAN_POINT('Origin',(4.99999999990511,17.1000000000939,13.05));
#5795=CARTESIAN_POINT('',(4.99999999989669,17.5999999999917,13.05));
#5796=CARTESIAN_POINT('Origin',(7.00000000002394,17.6000000000076,13.05));
#5797=CARTESIAN_POINT('',(7.00000000002394,17.6000000000337,23.));
#5798=CARTESIAN_POINT('',(3.49999999994185,17.5999999999797,23.));
#5799=CARTESIAN_POINT('',(7.00000000002394,17.6000000000337,13.05));
#5800=CARTESIAN_POINT('',(7.00000000002394,17.6000000000076,13.05));
#5801=CARTESIAN_POINT('',(7.00000000002394,17.6000000000337,13.05));
#5802=CARTESIAN_POINT('Origin',(7.00000000001721,17.1000000000322,13.05));
#5803=CARTESIAN_POINT('Origin',(7.00000000001721,17.1000000000322,23.));
#5804=CARTESIAN_POINT('Origin',(7.00000000001721,17.1000000000322,13.05));
#5805=CARTESIAN_POINT('Origin',(5.99999999999623,17.0500000000196,13.05));
#5806=CARTESIAN_POINT('',(-5.25000000000191,16.5000000000001,13.05));
#5807=CARTESIAN_POINT('Origin',(1.00000000001883,-17.1000000000333,13.05));
#5808=CARTESIAN_POINT('',(1.4999999999942,-17.1000000000331,23.));
#5809=CARTESIAN_POINT('',(1.00000000002559,-17.6000000000086,23.));
#5810=CARTESIAN_POINT('Origin',(1.00000000001883,-17.1000000000333,23.));
#5811=CARTESIAN_POINT('',(1.4999999999942,-17.1000000000331,13.05));
#5812=CARTESIAN_POINT('',(1.4999999999942,-17.1000000000331,13.05));
#5813=CARTESIAN_POINT('',(1.00000000002559,-17.6000000000086,13.05));
#5814=CARTESIAN_POINT('Origin',(1.00000000001883,-17.1000000000333,13.05));
#5815=CARTESIAN_POINT('',(1.00000000002559,-17.6000000000086,13.05));
#5816=CARTESIAN_POINT('Origin',(-1.00000000010166,-17.5999999999929,13.05));
#5817=CARTESIAN_POINT('',(-1.00000000010166,-17.6000000000188,23.));
#5818=CARTESIAN_POINT('',(-0.500000000120134,-17.5999999999968,23.));
#5819=CARTESIAN_POINT('',(-1.00000000010166,-17.6000000000188,13.05));
#5820=CARTESIAN_POINT('',(1.00000000002559,-17.6000000000086,13.05));
#5821=CARTESIAN_POINT('',(-1.00000000010166,-17.6000000000188,13.05));
#5822=CARTESIAN_POINT('Origin',(-1.00000000009525,-17.1000000000894,13.05));
#5823=CARTESIAN_POINT('',(-1.50000000002464,-17.1000000000869,23.));
#5824=CARTESIAN_POINT('Origin',(-1.00000000009525,-17.1000000000894,23.));
#5825=CARTESIAN_POINT('',(-1.50000000002464,-17.1000000000869,13.05));
#5826=CARTESIAN_POINT('Origin',(-1.00000000009525,-17.1000000000894,13.05));
#5827=CARTESIAN_POINT('',(-1.50000000002464,-17.1000000000869,13.05));
#5828=CARTESIAN_POINT('Origin',(-1.49999999999854,-16.5000000000071,13.05));
#5829=CARTESIAN_POINT('',(-1.49999999999854,-16.5000000000071,23.));
#5830=CARTESIAN_POINT('',(-1.49999999963968,-8.24999999997095,23.));
#5831=CARTESIAN_POINT('',(-1.49999999999854,-16.5000000000071,13.05));
#5832=CARTESIAN_POINT('',(-1.50000000002464,-17.1000000000869,13.05));
#5833=CARTESIAN_POINT('',(-1.49999999999854,-16.4999999999999,7.525));
#5834=CARTESIAN_POINT('Origin',(1.5000000000203,-17.1000000000331,13.05));
#5835=CARTESIAN_POINT('',(1.50000000000166,-16.5000000000072,23.));
#5836=CARTESIAN_POINT('',(1.49999999975467,-8.54999999999328,23.));
#5837=CARTESIAN_POINT('',(1.50000000000166,-16.5000000000072,13.05));
#5838=CARTESIAN_POINT('',(1.50000000000166,-16.4999999999999,7.525));
#5839=CARTESIAN_POINT('',(1.50000000000166,-16.5000000000072,13.05));
#5840=CARTESIAN_POINT('Origin',(-2.17159623616681E-12,-17.050000000013,
13.05));
#5841=CARTESIAN_POINT('',(8.24999999999888,-16.4999999999999,13.05));
#5842=CARTESIAN_POINT('Origin',(1.49999999998764,16.5000000000059,13.05));
#5843=CARTESIAN_POINT('',(1.5000000000187,17.1000000000322,23.));
#5844=CARTESIAN_POINT('',(1.49999999998764,16.5000000000059,23.));
#5845=CARTESIAN_POINT('',(1.49999999956054,8.24999999996411,23.));
#5846=CARTESIAN_POINT('',(1.5000000000187,17.1000000000322,13.05));
#5847=CARTESIAN_POINT('',(1.5000000000187,17.1000000000322,13.05));
#5848=CARTESIAN_POINT('',(1.49999999998764,16.5000000000059,13.05));
#5849=CARTESIAN_POINT('',(1.49999999998764,16.5000000000059,13.05));
#5850=CARTESIAN_POINT('',(1.49999999998764,16.5000000000001,7.525));
#5851=CARTESIAN_POINT('Origin',(-1.50000000002624,17.1000000000856,13.05));
#5852=CARTESIAN_POINT('',(-1.50000000000051,16.5000000000056,23.));
#5853=CARTESIAN_POINT('',(-1.50000000002624,17.1000000000856,23.));
#5854=CARTESIAN_POINT('',(-1.49999999965967,8.55000000001064,23.));
#5855=CARTESIAN_POINT('',(-1.50000000000051,16.5000000000056,13.05));
#5856=CARTESIAN_POINT('',(-1.50000000000051,16.5000000000001,7.525));
#5857=CARTESIAN_POINT('',(-1.50000000002624,17.1000000000856,13.05));
#5858=CARTESIAN_POINT('',(-1.50000000002624,17.1000000000856,13.05));
#5859=CARTESIAN_POINT('',(-1.50000000002624,17.1000000000856,13.05));
#5860=CARTESIAN_POINT('Origin',(-1.00000000009489,17.1000000000939,13.05));
#5861=CARTESIAN_POINT('',(-1.00000000010331,17.5999999999917,23.));
#5862=CARTESIAN_POINT('Origin',(-1.00000000009489,17.1000000000939,23.));
#5863=CARTESIAN_POINT('',(-1.00000000010331,17.5999999999917,13.05));
#5864=CARTESIAN_POINT('Origin',(-1.00000000009489,17.1000000000939,13.05));
#5865=CARTESIAN_POINT('',(-1.00000000010331,17.5999999999917,13.05));
#5866=CARTESIAN_POINT('Origin',(1.00000000002394,17.6000000000076,13.05));
#5867=CARTESIAN_POINT('',(1.00000000002394,17.6000000000337,23.));
#5868=CARTESIAN_POINT('',(0.499999999941845,17.6000000000036,23.));
#5869=CARTESIAN_POINT('',(1.00000000002394,17.6000000000337,13.05));
#5870=CARTESIAN_POINT('',(1.00000000002394,17.6000000000076,13.05));
#5871=CARTESIAN_POINT('',(1.00000000002394,17.6000000000337,13.05));
#5872=CARTESIAN_POINT('Origin',(1.00000000001721,17.1000000000322,13.05));
#5873=CARTESIAN_POINT('Origin',(1.00000000001721,17.1000000000322,23.));
#5874=CARTESIAN_POINT('Origin',(1.00000000001721,17.1000000000322,13.05));
#5875=CARTESIAN_POINT('Origin',(-3.77031739162703E-12,17.0500000000196,
13.05));
#5876=CARTESIAN_POINT('',(-8.25000000000191,16.5000000000001,13.05));
#5877=CARTESIAN_POINT('Origin',(-4.99999999998118,-17.1000000000333,13.05));
#5878=CARTESIAN_POINT('',(-4.5000000000058,-17.1000000000331,23.));
#5879=CARTESIAN_POINT('',(-4.99999999997441,-17.6000000000086,23.));
#5880=CARTESIAN_POINT('Origin',(-4.99999999998118,-17.1000000000333,23.));
#5881=CARTESIAN_POINT('',(-4.5000000000058,-17.1000000000331,13.05));
#5882=CARTESIAN_POINT('',(-4.5000000000058,-17.1000000000331,13.05));
#5883=CARTESIAN_POINT('',(-4.99999999997441,-17.6000000000086,13.05));
#5884=CARTESIAN_POINT('Origin',(-4.99999999998118,-17.1000000000333,13.05));
#5885=CARTESIAN_POINT('',(-4.99999999997441,-17.6000000000086,13.05));
#5886=CARTESIAN_POINT('Origin',(-7.00000000010166,-17.5999999999929,13.05));
#5887=CARTESIAN_POINT('',(-7.00000000010166,-17.6000000000188,23.));
#5888=CARTESIAN_POINT('',(-3.50000000012014,-17.6000000000205,23.));
#5889=CARTESIAN_POINT('',(-7.00000000010166,-17.6000000000188,13.05));
#5890=CARTESIAN_POINT('',(-4.99999999997441,-17.6000000000086,13.05));
#5891=CARTESIAN_POINT('',(-7.00000000010166,-17.6000000000188,13.05));
#5892=CARTESIAN_POINT('Origin',(-7.00000000009525,-17.1000000000894,13.05));
#5893=CARTESIAN_POINT('',(-7.50000000002464,-17.1000000000869,23.));
#5894=CARTESIAN_POINT('Origin',(-7.00000000009525,-17.1000000000894,23.));
#5895=CARTESIAN_POINT('',(-7.50000000002464,-17.1000000000869,13.05));
#5896=CARTESIAN_POINT('Origin',(-7.00000000009525,-17.1000000000894,13.05));
#5897=CARTESIAN_POINT('',(-7.50000000002464,-17.1000000000869,13.05));
#5898=CARTESIAN_POINT('Origin',(-7.49999999999854,-16.5000000000071,13.05));
#5899=CARTESIAN_POINT('',(-7.49999999999854,-16.5000000000071,23.));
#5900=CARTESIAN_POINT('',(-7.49999999963968,-8.24999999984046,23.));
#5901=CARTESIAN_POINT('',(-7.49999999999854,-16.5000000000071,13.05));
#5902=CARTESIAN_POINT('',(-7.50000000002464,-17.1000000000869,13.05));
#5903=CARTESIAN_POINT('',(-7.49999999999854,-16.4999999999999,7.525));
#5904=CARTESIAN_POINT('Origin',(-4.4999999999797,-17.1000000000331,13.05));
#5905=CARTESIAN_POINT('',(-4.49999999999834,-16.5000000000072,23.));
#5906=CARTESIAN_POINT('',(-4.50000000024533,-8.55000000008649,23.));
#5907=CARTESIAN_POINT('',(-4.49999999999834,-16.5000000000072,13.05));
#5908=CARTESIAN_POINT('',(-4.49999999999834,-16.4999999999999,7.525));
#5909=CARTESIAN_POINT('',(-4.49999999999834,-16.5000000000072,13.05));
#5910=CARTESIAN_POINT('Origin',(-6.00000000000217,-17.050000000013,13.05));
#5911=CARTESIAN_POINT('',(5.24999999999888,-16.4999999999999,13.05));
#5912=CARTESIAN_POINT('Origin',(-4.50000000001237,16.5000000000059,13.05));
#5913=CARTESIAN_POINT('',(-4.4999999999813,17.1000000000322,23.));
#5914=CARTESIAN_POINT('',(-4.50000000001237,16.5000000000059,23.));
#5915=CARTESIAN_POINT('',(-4.50000000043947,8.25000000011942,23.));
#5916=CARTESIAN_POINT('',(-4.4999999999813,17.1000000000322,13.05));
#5917=CARTESIAN_POINT('',(-4.4999999999813,17.1000000000322,13.05));
#5918=CARTESIAN_POINT('',(-4.50000000001237,16.5000000000059,13.05));
#5919=CARTESIAN_POINT('',(-4.50000000001237,16.5000000000059,13.05));
#5920=CARTESIAN_POINT('',(-4.50000000001237,16.5000000000001,7.525));
#5921=CARTESIAN_POINT('Origin',(-7.50000000002624,17.1000000000856,13.05));
#5922=CARTESIAN_POINT('',(-7.50000000000052,16.5000000000056,23.));
#5923=CARTESIAN_POINT('',(-7.50000000002624,17.1000000000856,23.));
#5924=CARTESIAN_POINT('',(-7.49999999965967,8.54999999988203,23.));
#5925=CARTESIAN_POINT('',(-7.50000000000052,16.5000000000056,13.05));
#5926=CARTESIAN_POINT('',(-7.50000000000051,16.5000000000001,7.525));
#5927=CARTESIAN_POINT('',(-7.50000000002624,17.1000000000856,13.05));
#5928=CARTESIAN_POINT('',(-7.50000000002624,17.1000000000856,13.05));
#5929=CARTESIAN_POINT('',(-7.50000000002624,17.1000000000856,13.05));
#5930=CARTESIAN_POINT('Origin',(-7.00000000009489,17.1000000000939,13.05));
#5931=CARTESIAN_POINT('',(-7.00000000010331,17.5999999999917,23.));
#5932=CARTESIAN_POINT('Origin',(-7.00000000009489,17.1000000000939,23.));
#5933=CARTESIAN_POINT('',(-7.00000000010331,17.5999999999917,13.05));
#5934=CARTESIAN_POINT('Origin',(-7.00000000009489,17.1000000000939,13.05));
#5935=CARTESIAN_POINT('',(-7.00000000010331,17.5999999999917,13.05));
#5936=CARTESIAN_POINT('Origin',(-4.99999999997606,17.6000000000076,13.05));
#5937=CARTESIAN_POINT('',(-4.99999999997606,17.6000000000337,23.));
#5938=CARTESIAN_POINT('',(-2.50000000005816,17.6000000000275,23.));
#5939=CARTESIAN_POINT('',(-4.99999999997606,17.6000000000337,13.05));
#5940=CARTESIAN_POINT('',(-4.99999999997606,17.6000000000076,13.05));
#5941=CARTESIAN_POINT('',(-4.99999999997606,17.6000000000337,13.05));
#5942=CARTESIAN_POINT('Origin',(-4.99999999998279,17.1000000000322,13.05));
#5943=CARTESIAN_POINT('Origin',(-4.99999999998279,17.1000000000322,23.));
#5944=CARTESIAN_POINT('Origin',(-4.99999999998279,17.1000000000322,13.05));
#5945=CARTESIAN_POINT('Origin',(-6.00000000000377,17.0500000000196,13.05));
#5946=CARTESIAN_POINT('',(-11.2500000000019,16.5000000000001,13.05));
#5947=CARTESIAN_POINT('Origin',(16.4999999999999,-16.4999999999999,2.));
#5948=CARTESIAN_POINT('',(8.24999999999999,-16.4999999999999,23.));
#5949=CARTESIAN_POINT('',(16.4999999999999,-16.4999999999999,2.));
#5950=CARTESIAN_POINT('',(-13.4999999999985,-16.5000000000071,23.));
#5951=CARTESIAN_POINT('',(8.24999999999999,-16.4999999999999,23.));
#5952=CARTESIAN_POINT('',(-13.4999999999985,-16.5000000000071,13.05));
#5953=CARTESIAN_POINT('',(-13.4999999999985,-16.4999999999999,7.525));
#5954=CARTESIAN_POINT('',(-10.4999999999983,-16.5000000000072,13.05));
#5955=CARTESIAN_POINT('',(2.24999999999888,-16.4999999999999,13.05));
#5956=CARTESIAN_POINT('',(-10.4999999999983,-16.5000000000072,23.));
#5957=CARTESIAN_POINT('',(-10.4999999999983,-16.4999999999999,7.525));
#5958=CARTESIAN_POINT('',(8.24999999999999,-16.4999999999999,23.));
#5959=CARTESIAN_POINT('',(8.24999999999999,-16.4999999999999,23.));
#5960=CARTESIAN_POINT('',(8.24999999999999,-16.4999999999999,23.));
#5961=CARTESIAN_POINT('',(8.24999999999999,-16.4999999999999,23.));
#5962=CARTESIAN_POINT('Origin',(-16.5,16.5000000000001,2.));
#5963=CARTESIAN_POINT('',(-8.24999999999999,16.5000000000001,23.));
#5964=CARTESIAN_POINT('',(-8.24999999999999,16.5000000000001,23.));
#5965=CARTESIAN_POINT('',(-8.24999999999999,16.5000000000001,23.));
#5966=CARTESIAN_POINT('',(-10.5000000000124,16.5000000000059,23.));
#5967=CARTESIAN_POINT('',(-8.24999999999999,16.5000000000001,23.));
#5968=CARTESIAN_POINT('',(-10.5000000000124,16.5000000000059,13.05));
#5969=CARTESIAN_POINT('',(-10.5000000000124,16.5000000000001,7.525));
#5970=CARTESIAN_POINT('',(-13.5000000000005,16.5000000000056,13.05));
#5971=CARTESIAN_POINT('',(-14.2500000000019,16.5000000000001,13.05));
#5972=CARTESIAN_POINT('',(-13.5000000000005,16.5000000000056,23.));
#5973=CARTESIAN_POINT('',(-13.5000000000005,16.5000000000001,7.525));
#5974=CARTESIAN_POINT('',(-8.24999999999999,16.5000000000001,23.));
#5975=CARTESIAN_POINT('',(-16.5,16.5000000000001,2.));
#5976=CARTESIAN_POINT('',(-8.24999999999999,16.5000000000001,23.));
#5977=CARTESIAN_POINT('Origin',(-10.5000000000124,16.5000000000059,13.05));
#5978=CARTESIAN_POINT('',(-10.4999999999813,17.1000000000322,23.));
#5979=CARTESIAN_POINT('',(-10.5000000004395,8.25000000027473,23.));
#5980=CARTESIAN_POINT('',(-10.4999999999813,17.1000000000322,13.05));
#5981=CARTESIAN_POINT('',(-10.4999999999813,17.1000000000322,13.05));
#5982=CARTESIAN_POINT('',(-10.5000000000124,16.5000000000059,13.05));
#5983=CARTESIAN_POINT('Origin',(-13.5000000000262,17.1000000000856,13.05));
#5984=CARTESIAN_POINT('',(-13.5000000000262,17.1000000000856,23.));
#5985=CARTESIAN_POINT('',(-13.4999999996597,8.54999999975341,23.));
#5986=CARTESIAN_POINT('',(-13.5000000000262,17.1000000000856,13.05));
#5987=CARTESIAN_POINT('',(-13.5000000000262,17.1000000000856,13.05));
#5988=CARTESIAN_POINT('',(-13.5000000000262,17.1000000000856,13.05));
#5989=CARTESIAN_POINT('Origin',(-13.0000000000949,17.1000000000939,13.05));
#5990=CARTESIAN_POINT('',(-13.0000000001033,17.5999999999917,23.));
#5991=CARTESIAN_POINT('Origin',(-13.0000000000949,17.1000000000939,23.));
#5992=CARTESIAN_POINT('',(-13.0000000001033,17.5999999999917,13.05));
#5993=CARTESIAN_POINT('Origin',(-13.0000000000949,17.1000000000939,13.05));
#5994=CARTESIAN_POINT('',(-13.0000000001033,17.5999999999917,13.05));
#5995=CARTESIAN_POINT('Origin',(-10.9999999999761,17.6000000000076,13.05));
#5996=CARTESIAN_POINT('',(-10.9999999999761,17.6000000000337,23.));
#5997=CARTESIAN_POINT('',(-5.50000000005816,17.6000000000515,23.));
#5998=CARTESIAN_POINT('',(-10.9999999999761,17.6000000000337,13.05));
#5999=CARTESIAN_POINT('',(-10.9999999999761,17.6000000000076,13.05));
#6000=CARTESIAN_POINT('',(-10.9999999999761,17.6000000000337,13.05));
#6001=CARTESIAN_POINT('Origin',(-10.9999999999828,17.1000000000322,13.05));
#6002=CARTESIAN_POINT('Origin',(-10.9999999999828,17.1000000000322,23.));
#6003=CARTESIAN_POINT('Origin',(-10.9999999999828,17.1000000000322,13.05));
#6004=CARTESIAN_POINT('Origin',(-12.0000000000038,17.0500000000196,13.05));
#6005=CARTESIAN_POINT('Origin',(-10.9999999999812,-17.1000000000333,13.05));
#6006=CARTESIAN_POINT('',(-10.5000000000058,-17.1000000000331,23.));
#6007=CARTESIAN_POINT('',(-10.9999999999744,-17.6000000000086,23.));
#6008=CARTESIAN_POINT('Origin',(-10.9999999999812,-17.1000000000333,23.));
#6009=CARTESIAN_POINT('',(-10.5000000000058,-17.1000000000331,13.05));
#6010=CARTESIAN_POINT('',(-10.5000000000058,-17.1000000000331,13.05));
#6011=CARTESIAN_POINT('',(-10.9999999999744,-17.6000000000086,13.05));
#6012=CARTESIAN_POINT('Origin',(-10.9999999999812,-17.1000000000333,13.05));
#6013=CARTESIAN_POINT('',(-10.9999999999744,-17.6000000000086,13.05));
#6014=CARTESIAN_POINT('Origin',(-13.0000000001017,-17.5999999999929,13.05));
#6015=CARTESIAN_POINT('',(-13.0000000001017,-17.6000000000188,23.));
#6016=CARTESIAN_POINT('',(-6.50000000012014,-17.6000000000441,23.));
#6017=CARTESIAN_POINT('',(-13.0000000001017,-17.6000000000188,13.05));
#6018=CARTESIAN_POINT('',(-10.9999999999744,-17.6000000000086,13.05));
#6019=CARTESIAN_POINT('',(-13.0000000001017,-17.6000000000188,13.05));
#6020=CARTESIAN_POINT('Origin',(-13.0000000000953,-17.1000000000894,13.05));
#6021=CARTESIAN_POINT('',(-13.5000000000246,-17.1000000000869,23.));
#6022=CARTESIAN_POINT('Origin',(-13.0000000000953,-17.1000000000894,23.));
#6023=CARTESIAN_POINT('',(-13.5000000000246,-17.1000000000869,13.05));
#6024=CARTESIAN_POINT('Origin',(-13.0000000000953,-17.1000000000894,13.05));
#6025=CARTESIAN_POINT('',(-13.5000000000246,-17.1000000000869,13.05));
#6026=CARTESIAN_POINT('Origin',(-13.4999999999985,-16.5000000000071,13.05));
#6027=CARTESIAN_POINT('',(-13.4999999996397,-8.24999999970996,23.));
#6028=CARTESIAN_POINT('',(-13.5000000000246,-17.1000000000869,13.05));
#6029=CARTESIAN_POINT('Origin',(-10.4999999999797,-17.1000000000331,13.05));
#6030=CARTESIAN_POINT('',(-10.5000000002453,-8.55000000017969,23.));
#6031=CARTESIAN_POINT('',(-10.4999999999983,-16.5000000000072,13.05));
#6032=CARTESIAN_POINT('Origin',(-12.0000000000022,-17.050000000013,13.05));
#6033=CARTESIAN_POINT('Origin',(17.25,-17.25,25.6));
#6034=CARTESIAN_POINT('',(17.25,-18.85,25.6));
#6035=CARTESIAN_POINT('',(18.85,-17.25,25.6));
#6036=CARTESIAN_POINT('Origin',(17.25,-17.25,25.6));
#6037=CARTESIAN_POINT('',(18.85,-17.25,23.));
#6038=CARTESIAN_POINT('',(18.85,-17.25,25.6));
#6039=CARTESIAN_POINT('',(17.25,-18.85,23.));
#6040=CARTESIAN_POINT('Origin',(17.25,-17.25,23.));
#6041=CARTESIAN_POINT('',(17.25,-18.85,25.6));
#6042=CARTESIAN_POINT('Origin',(18.8499999999999,17.25,25.6));
#6043=CARTESIAN_POINT('',(18.8499999999999,17.25,25.6));
#6044=CARTESIAN_POINT('',(18.8499999999999,10.625,25.6));
#6045=CARTESIAN_POINT('',(18.8499999999999,17.25,23.));
#6046=CARTESIAN_POINT('',(18.8499999999999,17.25,25.6));
#6047=CARTESIAN_POINT('',(18.8499999999999,10.625,23.));
#6048=CARTESIAN_POINT('Origin',(17.2499999999999,17.25,25.6));
#6049=CARTESIAN_POINT('',(17.2499999999999,18.85,25.6));
#6050=CARTESIAN_POINT('Origin',(17.2499999999999,17.25,25.6));
#6051=CARTESIAN_POINT('',(17.2499999999999,18.85,23.));
#6052=CARTESIAN_POINT('',(17.2499999999999,18.85,25.6));
#6053=CARTESIAN_POINT('Origin',(17.2499999999999,17.25,23.));
#6054=CARTESIAN_POINT('Origin',(-17.25,18.8499999999999,25.6));
#6055=CARTESIAN_POINT('',(-17.25,18.8499999999999,25.6));
#6056=CARTESIAN_POINT('',(-10.625,18.8499999999999,25.6));
#6057=CARTESIAN_POINT('',(-17.25,18.8499999999999,23.));
#6058=CARTESIAN_POINT('',(-17.25,18.8499999999999,25.6));
#6059=CARTESIAN_POINT('',(-10.625,18.8499999999999,23.));
#6060=CARTESIAN_POINT('Origin',(-17.25,17.2499999999999,25.6));
#6061=CARTESIAN_POINT('',(-18.85,17.2499999999999,25.6));
#6062=CARTESIAN_POINT('Origin',(-17.25,17.2499999999999,25.6));
#6063=CARTESIAN_POINT('',(-18.85,17.2499999999999,23.));
#6064=CARTESIAN_POINT('',(-18.85,17.2499999999999,25.6));
#6065=CARTESIAN_POINT('Origin',(-17.25,17.2499999999999,23.));
#6066=CARTESIAN_POINT('Origin',(-18.8499999999999,-17.25,25.6));
#6067=CARTESIAN_POINT('',(-18.8499999999999,-17.25,25.6));
#6068=CARTESIAN_POINT('',(-18.8499999999999,-10.625,25.6));
#6069=CARTESIAN_POINT('',(-18.8499999999999,-17.25,23.));
#6070=CARTESIAN_POINT('',(-18.8499999999999,-17.25,25.6));
#6071=CARTESIAN_POINT('',(-18.8499999999999,-10.625,23.));
#6072=CARTESIAN_POINT('Origin',(-17.2499999999999,-17.25,25.6));
#6073=CARTESIAN_POINT('',(-17.2499999999999,-18.85,25.6));
#6074=CARTESIAN_POINT('Origin',(-17.2499999999999,-17.25,25.6));
#6075=CARTESIAN_POINT('',(-17.2499999999999,-18.85,23.));
#6076=CARTESIAN_POINT('',(-17.2499999999999,-18.85,25.6));
#6077=CARTESIAN_POINT('Origin',(-17.2499999999999,-17.25,23.));
#6078=CARTESIAN_POINT('Origin',(17.25,-18.85,25.6));
#6079=CARTESIAN_POINT('',(10.625,-18.85,25.6));
#6080=CARTESIAN_POINT('',(10.625,-18.85,23.));
#6081=CARTESIAN_POINT('Origin',(4.88498130835069E-14,-3.5527136788005E-14,
23.));
#6082=CARTESIAN_POINT('Origin',(-10.625,20.0499999999999,26.8));
#6083=CARTESIAN_POINT('',(-17.25,20.0499999999999,26.8));
#6084=CARTESIAN_POINT('',(17.2499999999999,20.05,26.8));
#6085=CARTESIAN_POINT('',(-5.31250000000001,20.0499999999999,26.8));
#6086=CARTESIAN_POINT('',(-17.25,21.2499999999999,28.));
#6087=CARTESIAN_POINT('',(17.2499999999999,21.25,28.));
#6088=CARTESIAN_POINT('Origin',(17.2499999999999,17.25,26.8));
#6089=CARTESIAN_POINT('',(20.0499999999999,17.25,26.8));
#6090=CARTESIAN_POINT('Origin',(17.2499999999999,17.25,26.8));
#6091=CARTESIAN_POINT('',(21.2499999999999,17.25,28.));
#6092=CARTESIAN_POINT('Origin',(20.0499999999999,10.625,26.8));
#6093=CARTESIAN_POINT('',(20.05,-17.25,26.8));
#6094=CARTESIAN_POINT('',(20.0499999999999,5.31250000000007,26.8));
#6095=CARTESIAN_POINT('',(21.25,-17.25,28.));
#6096=CARTESIAN_POINT('Origin',(17.25,-17.25,26.8));
#6097=CARTESIAN_POINT('',(17.25,-20.05,26.8));
#6098=CARTESIAN_POINT('Origin',(17.25,-17.25,26.8));
#6099=CARTESIAN_POINT('',(17.25,-18.85,25.6));
#6100=CARTESIAN_POINT('Origin',(10.625,-20.05,26.8));
#6101=CARTESIAN_POINT('',(-17.2499999999999,-20.05,26.8));
#6102=CARTESIAN_POINT('',(5.31249999999999,-20.05,26.8));
#6103=CARTESIAN_POINT('',(-17.2499999999999,-21.25,28.));
#6104=CARTESIAN_POINT('Origin',(-17.2499999999999,-17.25,26.8));
#6105=CARTESIAN_POINT('',(-20.0499999999999,-17.25,26.8));
#6106=CARTESIAN_POINT('Origin',(-17.2499999999999,-17.25,26.8));
#6107=CARTESIAN_POINT('',(-21.2499999999999,-17.25,28.));
#6108=CARTESIAN_POINT('Origin',(-20.0499999999999,-10.625,26.8));
#6109=CARTESIAN_POINT('',(-20.05,17.2499999999999,26.8));
#6110=CARTESIAN_POINT('',(-20.0499999999999,-5.31249999999999,26.8));
#6111=CARTESIAN_POINT('',(-21.25,17.2499999999999,28.));
#6112=CARTESIAN_POINT('Origin',(-17.25,17.2499999999999,26.8));
#6113=CARTESIAN_POINT('Origin',(-17.25,17.2499999999999,26.8));
#6114=CARTESIAN_POINT('Origin',(-4.88498130835069E-14,6.21724893790088E-14,
26.8));
#6115=CARTESIAN_POINT('',(16.75,20.7500000000001,26.8));
#6116=CARTESIAN_POINT('',(20.75,16.7500000000001,26.8));
#6117=CARTESIAN_POINT('Origin',(16.75,16.7500000000001,26.8));
#6118=CARTESIAN_POINT('',(-16.75,20.7500000000001,26.8));
#6119=CARTESIAN_POINT('',(10.3749999999999,20.7500000000001,26.8));
#6120=CARTESIAN_POINT('',(-20.75,16.75,26.8));
#6121=CARTESIAN_POINT('Origin',(-16.75,16.7500000000001,26.8));
#6122=CARTESIAN_POINT('',(-20.7499999999998,-16.75,26.8));
#6123=CARTESIAN_POINT('',(-20.75,10.375,26.8));
#6124=CARTESIAN_POINT('',(-16.7499999999998,-20.7499999999999,26.8));
#6125=CARTESIAN_POINT('Origin',(-16.7499999999998,-16.75,26.8));
#6126=CARTESIAN_POINT('',(16.7499999999999,-20.75,26.8));
#6127=CARTESIAN_POINT('',(-10.3749999999999,-20.75,26.8));
#6128=CARTESIAN_POINT('',(20.7499999999999,-16.75,26.8));
#6129=CARTESIAN_POINT('Origin',(16.7499999999999,-16.75,26.8));
#6130=CARTESIAN_POINT('',(20.7499999999999,-10.3749999999999,26.8));
#6131=CARTESIAN_POINT('Origin',(-20.75,20.7500000000001,2.));
#6132=CARTESIAN_POINT('',(-20.75,16.75,2.));
#6133=CARTESIAN_POINT('',(-20.75,16.75,2.));
#6134=CARTESIAN_POINT('',(-20.7499999999998,-16.75,2.));
#6135=CARTESIAN_POINT('',(-20.7499999999998,-20.75,2.));
#6136=CARTESIAN_POINT('',(-20.7499999999998,-16.75,2.));
#6137=CARTESIAN_POINT('Origin',(-16.75,16.7500000000001,2.));
#6138=CARTESIAN_POINT('',(-16.75,20.7500000000001,2.));
#6139=CARTESIAN_POINT('',(-16.75,20.7500000000001,2.));
#6140=CARTESIAN_POINT('Origin',(-16.75,16.7500000000001,2.));
#6141=CARTESIAN_POINT('Origin',(20.75,20.7500000000001,2.));
#6142=CARTESIAN_POINT('',(16.75,20.7500000000001,2.));
#6143=CARTESIAN_POINT('',(16.7499999999999,20.7500000000001,2.));
#6144=CARTESIAN_POINT('',(-20.75,20.7500000000001,2.));
#6145=CARTESIAN_POINT('Origin',(16.75,16.7500000000001,2.));
#6146=CARTESIAN_POINT('',(20.75,16.7500000000001,2.));
#6147=CARTESIAN_POINT('',(20.75,16.7500000000001,2.));
#6148=CARTESIAN_POINT('Origin',(16.75,16.7500000000001,2.));
#6149=CARTESIAN_POINT('Origin',(-4.88498130835069E-14,6.21724893790088E-14,
2.));
#6150=CARTESIAN_POINT('',(20.7499999999999,-16.75,2.));
#6151=CARTESIAN_POINT('',(20.75,20.7500000000001,2.));
#6152=CARTESIAN_POINT('',(16.7499999999999,-20.75,2.));
#6153=CARTESIAN_POINT('Origin',(16.7499999999999,-16.75,2.));
#6154=CARTESIAN_POINT('',(-16.7499999999998,-20.75,2.));
#6155=CARTESIAN_POINT('',(20.7499999999999,-20.75,2.));
#6156=CARTESIAN_POINT('Origin',(-16.7499999999998,-16.75,2.));
#6157=CARTESIAN_POINT('Origin',(-16.7499999999998,-16.75,2.));
#6158=CARTESIAN_POINT('',(-16.7499999999998,-20.75,2.));
#6159=CARTESIAN_POINT('Origin',(-20.7499999999998,-20.75,2.));
#6160=CARTESIAN_POINT('',(16.7499999999999,-20.75,2.));
#6161=CARTESIAN_POINT('Origin',(16.7499999999999,-16.75,2.));
#6162=CARTESIAN_POINT('',(20.7499999999999,-16.75,2.));
#6163=CARTESIAN_POINT('Origin',(20.7499999999999,-20.75,2.));
#6164=UNCERTAINTY_MEASURE_WITH_UNIT(LENGTH_MEASURE(0.01),#6168,
'DISTANCE_ACCURACY_VALUE',
'Maximum model space distance between geometric entities at asserted c
onnectivities');
#6165=UNCERTAINTY_MEASURE_WITH_UNIT(LENGTH_MEASURE(0.01),#6168,
'DISTANCE_ACCURACY_VALUE',
'Maximum model space distance between geometric entities at asserted c
onnectivities');
#6166=(
GEOMETRIC_REPRESENTATION_CONTEXT(3)
GLOBAL_UNCERTAINTY_ASSIGNED_CONTEXT((#6164))
GLOBAL_UNIT_ASSIGNED_CONTEXT((#6168,#6170,#6171))
REPRESENTATION_CONTEXT('','3D')
);
#6167=(
GEOMETRIC_REPRESENTATION_CONTEXT(3)
GLOBAL_UNCERTAINTY_ASSIGNED_CONTEXT((#6165))
GLOBAL_UNIT_ASSIGNED_CONTEXT((#6168,#6170,#6171))
REPRESENTATION_CONTEXT('','3D')
);
#6168=(
LENGTH_UNIT()
NAMED_UNIT(*)
SI_UNIT(.MILLI.,.METRE.)
);
#6169=(
LENGTH_UNIT()
NAMED_UNIT(*)
SI_UNIT($,.METRE.)
);
#6170=(
NAMED_UNIT(*)
PLANE_ANGLE_UNIT()
SI_UNIT($,.RADIAN.)
);
#6171=(
NAMED_UNIT(*)
SI_UNIT($,.STERADIAN.)
SOLID_ANGLE_UNIT()
);
#6172=SHAPE_DEFINITION_REPRESENTATION(#6173,#6174);
#6173=PRODUCT_DEFINITION_SHAPE('',$,#6176);
#6174=SHAPE_REPRESENTATION('',(#3700),#6166);
#6175=PRODUCT_DEFINITION_CONTEXT('part definition',#6180,'design');
#6176=PRODUCT_DEFINITION('2026-05-29-21-20-43-250',
'\X2\670065B0\X0\-Gridfinity\X2\53C265705316\X0\',#6177,#6175);
#6177=PRODUCT_DEFINITION_FORMATION('',$,#6182);
#6178=PRODUCT_RELATED_PRODUCT_CATEGORY('\X2\670065B0\X0\-Gridfinity\X2\53C265705316\X0\',
'\X2\670065B0\X0\-Gridfinity\X2\53C265705316\X0\',(#6182));
#6179=APPLICATION_PROTOCOL_DEFINITION('international standard',
'automotive_design',2009,#6180);
#6180=APPLICATION_CONTEXT(
'Core Data for Automotive Mechanical Design Process');
#6181=PRODUCT_CONTEXT('part definition',#6180,'mechanical');
#6182=PRODUCT('2026-05-29-21-20-43-250','\X2\670065B0\X0\-Gridfinity\X2\53C265705316\X0\',
$,(#6181));
#6183=PRESENTATION_STYLE_ASSIGNMENT((#6184));
#6184=SURFACE_STYLE_USAGE(.BOTH.,#6185);
#6185=SURFACE_SIDE_STYLE('',(#6186));
#6186=SURFACE_STYLE_FILL_AREA(#6187);
#6187=FILL_AREA_STYLE('\X2\94A2\X0\ - \X2\7F0E5149\X0\',(#6188));
#6188=FILL_AREA_STYLE_COLOUR('\X2\94A2\X0\ - \X2\7F0E5149\X0\',#6189);
#6189=COLOUR_RGB('\X2\94A2\X0\ - \X2\7F0E5149\X0\',0.627450980392157,0.627450980392157,
0.627450980392157);
ENDSEC;
END-ISO-10303-21;
